variant,camera,near_far,idtp,idfp,idfn,idf1,player_units,player_units_kept,player_identities,player_identities_kept50,nonplayer_units,nonplayer_units_kept,id_switches,fragments,group_idtp,group_idfp,group_idfn,group_idf1,group_player_units,group_player_units_kept,group_player_identities,group_player_identities_kept50,group_nonplayer_units,group_nonplayer_units_kept,group_id_switches,group_fragments
strongsort_pp_pose_merge_off__clipreid_vitb16_market1501,all,all,19213,449,1345,0.9553953257086026,20558,19659,8,8,4454,3,4,21,19505,157,1053,0.9699154649428146,20558,19659,8,8,4454,3,1,21
strongsort_pp_pose_merge_off__clipreid_vitb16_market1501,all,near,9831,0,236,0.9881395115086944,10067,9831,8,8,0,0,0,3,9831,0,236,0.9881395115086944,10067,9831,8,8,0,0,0,3
strongsort_pp_pose_merge_off__clipreid_vitb16_market1501,all,far,8958,446,1109,0.9201376405937035,10067,9404,8,8,0,0,4,18,9250,154,817,0.9501309639977402,10067,9404,8,8,0,0,1,18
strongsort_pp_pose_merge_off__clipreid_vitb16_market1501,all,unknown,424,3,0,0.9964747356051704,424,424,6,6,4454,3,0,0,424,3,0,0.9964747356051704,424,424,6,6,4454,3,0,0
strongsort_pp_pose_merge_off__clipreid_vitb16_market1501,cam0,all,6340,387,427,0.9396768934341189,6767,6727,8,8,1534,0,2,3,6573,154,194,0.974210760337928,6767,6727,8,8,1534,0,1,3
strongsort_pp_pose_merge_off__clipreid_vitb16_market1501,cam0,near,3247,0,23,0.9964707687586313,3270,3247,4,4,0,0,0,1,3247,0,23,0.9964707687586313,3270,3247,4,4,0,0,0,1
strongsort_pp_pose_merge_off__clipreid_vitb16_market1501,cam0,far,2866,387,404,0.878736777556339,3270,3253,4,4,0,0,2,2,3099,154,171,0.9501762992488119,3270,3253,4,4,0,0,1,2
strongsort_pp_pose_merge_off__clipreid_vitb16_market1501,cam0,unknown,227,0,0,1.0,227,227,4,4,1534,0,0,0,227,0,0,1.0,227,227,4,4,1534,0,0,0
strongsort_pp_pose_merge_off__clipreid_vitb16_market1501,cam1,all,6322,62,605,0.9498910675381264,6927,6381,8,8,1237,3,2,11,6381,3,546,0.9587559161595672,6927,6381,8,8,1237,3,0,11
strongsort_pp_pose_merge_off__clipreid_vitb16_market1501,cam1,near,3421,0,9,0.9986863231645016,3430,3421,4,4,0,0,0,1,3421,0,9,0.9986863231645016,3430,3421,4,4,0,0,0,1
strongsort_pp_pose_merge_off__clipreid_vitb16_market1501,cam1,far,2834,59,596,0.8964099319943065,3430,2893,4,4,0,0,2,10,2893,0,537,0.9150719595128894,3430,2893,4,4,0,0,0,10
strongsort_pp_pose_merge_off__clipreid_vitb16_market1501,cam1,unknown,67,3,0,0.9781021897810219,67,67,3,3,1237,3,0,0,67,3,0,0.9781021897810219,67,67,3,3,1237,3,0,0
strongsort_pp_pose_merge_off__clipreid_vitb16_market1501,cam2,all,6551,0,313,0.9766679090570257,6864,6551,8,8,1683,0,0,7,6551,0,313,0.9766679090570257,6864,6551,8,8,1683,0,0,7
strongsort_pp_pose_merge_off__clipreid_vitb16_market1501,cam2,near,3163,0,204,0.9687595712098009,3367,3163,4,4,0,0,0,1,3163,0,204,0.9687595712098009,3367,3163,4,4,0,0,0,1
strongsort_pp_pose_merge_off__clipreid_vitb16_market1501,cam2,far,3258,0,109,0.9835471698113207,3367,3258,4,4,0,0,0,6,3258,0,109,0.9835471698113207,3367,3258,4,4,0,0,0,6
strongsort_pp_pose_merge_off__clipreid_vitb16_market1501,cam2,unknown,130,0,0,1.0,130,130,4,4,1683,0,0,0,130,0,0,1.0,130,130,4,4,1683,0,0,0
strongsort_pp_pose_merge_on__clipreid_vitb16_market1501,all,all,19213,449,1345,0.9553953257086026,20558,19659,8,8,4454,3,4,21,19505,157,1053,0.9699154649428146,20558,19659,8,8,4454,3,1,21
strongsort_pp_pose_merge_on__clipreid_vitb16_market1501,all,near,9831,0,236,0.9881395115086944,10067,9831,8,8,0,0,0,3,9831,0,236,0.9881395115086944,10067,9831,8,8,0,0,0,3
strongsort_pp_pose_merge_on__clipreid_vitb16_market1501,all,far,8958,446,1109,0.9201376405937035,10067,9404,8,8,0,0,4,18,9250,154,817,0.9501309639977402,10067,9404,8,8,0,0,1,18
strongsort_pp_pose_merge_on__clipreid_vitb16_market1501,all,unknown,424,3,0,0.9964747356051704,424,424,6,6,4454,3,0,0,424,3,0,0.9964747356051704,424,424,6,6,4454,3,0,0
strongsort_pp_pose_merge_on__clipreid_vitb16_market1501,cam0,all,6340,387,427,0.9396768934341189,6767,6727,8,8,1534,0,2,3,6573,154,194,0.974210760337928,6767,6727,8,8,1534,0,1,3
strongsort_pp_pose_merge_on__clipreid_vitb16_market1501,cam0,near,3247,0,23,0.9964707687586313,3270,3247,4,4,0,0,0,1,3247,0,23,0.9964707687586313,3270,3247,4,4,0,0,0,1
strongsort_pp_pose_merge_on__clipreid_vitb16_market1501,cam0,far,2866,387,404,0.878736777556339,3270,3253,4,4,0,0,2,2,3099,154,171,0.9501762992488119,3270,3253,4,4,0,0,1,2
strongsort_pp_pose_merge_on__clipreid_vitb16_market1501,cam0,unknown,227,0,0,1.0,227,227,4,4,1534,0,0,0,227,0,0,1.0,227,227,4,4,1534,0,0,0
strongsort_pp_pose_merge_on__clipreid_vitb16_market1501,cam1,all,6322,62,605,0.9498910675381264,6927,6381,8,8,1237,3,2,11,6381,3,546,0.9587559161595672,6927,6381,8,8,1237,3,0,11
strongsort_pp_pose_merge_on__clipreid_vitb16_market1501,cam1,near,3421,0,9,0.9986863231645016,3430,3421,4,4,0,0,0,1,3421,0,9,0.9986863231645016,3430,3421,4,4,0,0,0,1
strongsort_pp_pose_merge_on__clipreid_vitb16_market1501,cam1,far,2834,59,596,0.8964099319943065,3430,2893,4,4,0,0,2,10,2893,0,537,0.9150719595128894,3430,2893,4,4,0,0,0,10
strongsort_pp_pose_merge_on__clipreid_vitb16_market1501,cam1,unknown,67,3,0,0.9781021897810219,67,67,3,3,1237,3,0,0,67,3,0,0.9781021897810219,67,67,3,3,1237,3,0,0
strongsort_pp_pose_merge_on__clipreid_vitb16_market1501,cam2,all,6551,0,313,0.9766679090570257,6864,6551,8,8,1683,0,0,7,6551,0,313,0.9766679090570257,6864,6551,8,8,1683,0,0,7
strongsort_pp_pose_merge_on__clipreid_vitb16_market1501,cam2,near,3163,0,204,0.9687595712098009,3367,3163,4,4,0,0,0,1,3163,0,204,0.9687595712098009,3367,3163,4,4,0,0,0,1
strongsort_pp_pose_merge_on__clipreid_vitb16_market1501,cam2,far,3258,0,109,0.9835471698113207,3367,3258,4,4,0,0,0,6,3258,0,109,0.9835471698113207,3367,3258,4,4,0,0,0,6
strongsort_pp_pose_merge_on__clipreid_vitb16_market1501,cam2,unknown,130,0,0,1.0,130,130,4,4,1683,0,0,0,130,0,0,1.0,130,130,4,4,1683,0,0,0
