variant,clip,encoder,status,reason,camera,raw_id,reference_to_prediction,boxes
strongsort_pp_pose_merge_off__clipreid_vitb16_market1501,video_000/clip_000,clipreid_vitb16_market1501,ok,,cam0,1,A->0,1008
strongsort_pp_pose_merge_off__clipreid_vitb16_market1501,video_000/clip_000,clipreid_vitb16_market1501,ok,,cam0,10,B->1,226
strongsort_pp_pose_merge_off__clipreid_vitb16_market1501,video_000/clip_000,clipreid_vitb16_market1501,ok,,cam0,11,unmatched->-1,82
strongsort_pp_pose_merge_off__clipreid_vitb16_market1501,video_000/clip_000,clipreid_vitb16_market1501,ok,,cam0,14,unmatched->-1,23
strongsort_pp_pose_merge_off__clipreid_vitb16_market1501,video_000/clip_000,clipreid_vitb16_market1501,ok,,cam0,2,X1->-1,179
strongsort_pp_pose_merge_off__clipreid_vitb16_market1501,video_000/clip_000,clipreid_vitb16_market1501,ok,,cam0,2,unmatched->-1,825
strongsort_pp_pose_merge_off__clipreid_vitb16_market1501,video_000/clip_000,clipreid_vitb16_market1501,ok,,cam0,3,B->1,702
strongsort_pp_pose_merge_off__clipreid_vitb16_market1501,video_000/clip_000,clipreid_vitb16_market1501,ok,,cam0,3,unmatched->1,1
strongsort_pp_pose_merge_off__clipreid_vitb16_market1501,video_000/clip_000,clipreid_vitb16_market1501,ok,,cam0,4,unmatched->-1,908
strongsort_pp_pose_merge_off__clipreid_vitb16_market1501,video_000/clip_000,clipreid_vitb16_market1501,ok,,cam0,6,unmatched->-1,314
strongsort_pp_pose_merge_off__clipreid_vitb16_market1501,video_000/clip_000,clipreid_vitb16_market1501,ok,,cam0,7,unmatched->-1,39
strongsort_pp_pose_merge_off__clipreid_vitb16_market1501,video_000/clip_000,clipreid_vitb16_market1501,ok,,cam0,9,unmatched->-1,233
strongsort_pp_pose_merge_off__clipreid_vitb16_market1501,video_000/clip_000,clipreid_vitb16_market1501,ok,,cam1,1,A->0,1008
strongsort_pp_pose_merge_off__clipreid_vitb16_market1501,video_000/clip_000,clipreid_vitb16_market1501,ok,,cam1,10,unmatched->-1,3
strongsort_pp_pose_merge_off__clipreid_vitb16_market1501,video_000/clip_000,clipreid_vitb16_market1501,ok,,cam1,13,unmatched->-1,177
strongsort_pp_pose_merge_off__clipreid_vitb16_market1501,video_000/clip_000,clipreid_vitb16_market1501,ok,,cam1,2,B->1,993
strongsort_pp_pose_merge_off__clipreid_vitb16_market1501,video_000/clip_000,clipreid_vitb16_market1501,ok,,cam1,3,unmatched->-1,20
strongsort_pp_pose_merge_off__clipreid_vitb16_market1501,video_000/clip_000,clipreid_vitb16_market1501,ok,,cam1,7,unmatched->-1,7
strongsort_pp_pose_merge_off__clipreid_vitb16_market1501,video_000/clip_000,clipreid_vitb16_market1501,ok,,cam2,1,B->1,1008
strongsort_pp_pose_merge_off__clipreid_vitb16_market1501,video_000/clip_000,clipreid_vitb16_market1501,ok,,cam2,11,unmatched->-1,1
strongsort_pp_pose_merge_off__clipreid_vitb16_market1501,video_000/clip_000,clipreid_vitb16_market1501,ok,,cam2,12,unmatched->-1,476
strongsort_pp_pose_merge_off__clipreid_vitb16_market1501,video_000/clip_000,clipreid_vitb16_market1501,ok,,cam2,18,unmatched->-1,50
strongsort_pp_pose_merge_off__clipreid_vitb16_market1501,video_000/clip_000,clipreid_vitb16_market1501,ok,,cam2,2,unmatched->-1,1008
strongsort_pp_pose_merge_off__clipreid_vitb16_market1501,video_000/clip_000,clipreid_vitb16_market1501,ok,,cam2,3,A->0,1005
strongsort_pp_pose_merge_off__clipreid_vitb16_market1501,video_000/clip_000,clipreid_vitb16_market1501,ok,,cam2,5,unmatched->-1,13
strongsort_pp_pose_merge_off__clipreid_vitb16_market1501,video_000/clip_007,clipreid_vitb16_market1501,ok,,cam0,1,A->0,650
strongsort_pp_pose_merge_off__clipreid_vitb16_market1501,video_000/clip_007,clipreid_vitb16_market1501,ok,,cam0,10,B->1,387
strongsort_pp_pose_merge_off__clipreid_vitb16_market1501,video_000/clip_007,clipreid_vitb16_market1501,ok,,cam0,10,unmatched->1,44
strongsort_pp_pose_merge_off__clipreid_vitb16_market1501,video_000/clip_007,clipreid_vitb16_market1501,ok,,cam0,11,unmatched->-1,70
strongsort_pp_pose_merge_off__clipreid_vitb16_market1501,video_000/clip_007,clipreid_vitb16_market1501,ok,,cam0,14,unmatched->-1,60
strongsort_pp_pose_merge_off__clipreid_vitb16_market1501,video_000/clip_007,clipreid_vitb16_market1501,ok,,cam0,15,unmatched->-1,115
strongsort_pp_pose_merge_off__clipreid_vitb16_market1501,video_000/clip_007,clipreid_vitb16_market1501,ok,,cam0,17,unmatched->-1,57
strongsort_pp_pose_merge_off__clipreid_vitb16_market1501,video_000/clip_007,clipreid_vitb16_market1501,ok,,cam0,18,unmatched->-1,71
strongsort_pp_pose_merge_off__clipreid_vitb16_market1501,video_000/clip_007,clipreid_vitb16_market1501,ok,,cam0,2,X1->-1,224
strongsort_pp_pose_merge_off__clipreid_vitb16_market1501,video_000/clip_007,clipreid_vitb16_market1501,ok,,cam0,2,unmatched->-1,426
strongsort_pp_pose_merge_off__clipreid_vitb16_market1501,video_000/clip_007,clipreid_vitb16_market1501,ok,,cam0,3,unmatched->-1,45
strongsort_pp_pose_merge_off__clipreid_vitb16_market1501,video_000/clip_007,clipreid_vitb16_market1501,ok,,cam0,4,B->1,161
strongsort_pp_pose_merge_off__clipreid_vitb16_market1501,video_000/clip_007,clipreid_vitb16_market1501,ok,,cam0,4,unmatched->-1,18
strongsort_pp_pose_merge_off__clipreid_vitb16_market1501,video_000/clip_007,clipreid_vitb16_market1501,ok,,cam0,4,unmatched->1,1
strongsort_pp_pose_merge_off__clipreid_vitb16_market1501,video_000/clip_007,clipreid_vitb16_market1501,ok,,cam0,5,unmatched->-1,589
strongsort_pp_pose_merge_off__clipreid_vitb16_market1501,video_000/clip_007,clipreid_vitb16_market1501,ok,,cam0,6,unmatched->-1,230
strongsort_pp_pose_merge_off__clipreid_vitb16_market1501,video_000/clip_007,clipreid_vitb16_market1501,ok,,cam1,1,A->0,650
strongsort_pp_pose_merge_off__clipreid_vitb16_market1501,video_000/clip_007,clipreid_vitb16_market1501,ok,,cam1,12,B->-1,186
strongsort_pp_pose_merge_off__clipreid_vitb16_market1501,video_000/clip_007,clipreid_vitb16_market1501,ok,,cam1,12,unmatched->-1,1
strongsort_pp_pose_merge_off__clipreid_vitb16_market1501,video_000/clip_007,clipreid_vitb16_market1501,ok,,cam1,14,B->-1,2
strongsort_pp_pose_merge_off__clipreid_vitb16_market1501,video_000/clip_007,clipreid_vitb16_market1501,ok,,cam1,15,X1->-1,78
strongsort_pp_pose_merge_off__clipreid_vitb16_market1501,video_000/clip_007,clipreid_vitb16_market1501,ok,,cam1,15,unmatched->-1,65
strongsort_pp_pose_merge_off__clipreid_vitb16_market1501,video_000/clip_007,clipreid_vitb16_market1501,ok,,cam1,2,B->1,461
strongsort_pp_pose_merge_off__clipreid_vitb16_market1501,video_000/clip_007,clipreid_vitb16_market1501,ok,,cam1,2,unmatched->1,3
strongsort_pp_pose_merge_off__clipreid_vitb16_market1501,video_000/clip_007,clipreid_vitb16_market1501,ok,,cam2,1,B->1,616
strongsort_pp_pose_merge_off__clipreid_vitb16_market1501,video_000/clip_007,clipreid_vitb16_market1501,ok,,cam2,1,unmatched->1,13
strongsort_pp_pose_merge_off__clipreid_vitb16_market1501,video_000/clip_007,clipreid_vitb16_market1501,ok,,cam2,10,A->0,563
strongsort_pp_pose_merge_off__clipreid_vitb16_market1501,video_000/clip_007,clipreid_vitb16_market1501,ok,,cam2,11,X2->-1,46
strongsort_pp_pose_merge_off__clipreid_vitb16_market1501,video_000/clip_007,clipreid_vitb16_market1501,ok,,cam2,13,B->-1,7
strongsort_pp_pose_merge_off__clipreid_vitb16_market1501,video_000/clip_007,clipreid_vitb16_market1501,ok,,cam2,14,unmatched->-1,3
strongsort_pp_pose_merge_off__clipreid_vitb16_market1501,video_000/clip_007,clipreid_vitb16_market1501,ok,,cam2,19,X2->-1,136
strongsort_pp_pose_merge_off__clipreid_vitb16_market1501,video_000/clip_007,clipreid_vitb16_market1501,ok,,cam2,2,A->-1,90
strongsort_pp_pose_merge_off__clipreid_vitb16_market1501,video_000/clip_007,clipreid_vitb16_market1501,ok,,cam2,3,unmatched->-1,650
strongsort_pp_pose_merge_off__clipreid_vitb16_market1501,video_000/clip_007,clipreid_vitb16_market1501,ok,,cam2,4,X1->-1,50
strongsort_pp_pose_merge_off__clipreid_vitb16_market1501,video_000/clip_007,clipreid_vitb16_market1501,ok,,cam2,4,unmatched->-1,600
strongsort_pp_pose_merge_off__clipreid_vitb16_market1501,video_000/clip_007,clipreid_vitb16_market1501,ok,,cam2,9,X2->-1,7
strongsort_pp_pose_merge_off__clipreid_vitb16_market1501,video_001/clip_001,clipreid_vitb16_market1501,ok,,cam0,1,A->0,1283
strongsort_pp_pose_merge_off__clipreid_vitb16_market1501,video_001/clip_001,clipreid_vitb16_market1501,ok,,cam0,10,unmatched->-1,55
strongsort_pp_pose_merge_off__clipreid_vitb16_market1501,video_001/clip_001,clipreid_vitb16_market1501,ok,,cam0,11,X1->-1,19
strongsort_pp_pose_merge_off__clipreid_vitb16_market1501,video_001/clip_001,clipreid_vitb16_market1501,ok,,cam0,13,unmatched->-1,663
strongsort_pp_pose_merge_off__clipreid_vitb16_market1501,video_001/clip_001,clipreid_vitb16_market1501,ok,,cam0,14,B->-1,8
strongsort_pp_pose_merge_off__clipreid_vitb16_market1501,video_001/clip_001,clipreid_vitb16_market1501,ok,,cam0,14,X1->-1,186
strongsort_pp_pose_merge_off__clipreid_vitb16_market1501,video_001/clip_001,clipreid_vitb16_market1501,ok,,cam0,14,ambiguous->-1,5
strongsort_pp_pose_merge_off__clipreid_vitb16_market1501,video_001/clip_001,clipreid_vitb16_market1501,ok,,cam0,15,unmatched->-1,6
strongsort_pp_pose_merge_off__clipreid_vitb16_market1501,video_001/clip_001,clipreid_vitb16_market1501,ok,,cam0,17,unmatched->-1,40
strongsort_pp_pose_merge_off__clipreid_vitb16_market1501,video_001/clip_001,clipreid_vitb16_market1501,ok,,cam0,2,X2->-1,216
strongsort_pp_pose_merge_off__clipreid_vitb16_market1501,video_001/clip_001,clipreid_vitb16_market1501,ok,,cam0,2,unmatched->-1,694
strongsort_pp_pose_merge_off__clipreid_vitb16_market1501,video_001/clip_001,clipreid_vitb16_market1501,ok,,cam0,20,unmatched->-1,5
strongsort_pp_pose_merge_off__clipreid_vitb16_market1501,video_001/clip_001,clipreid_vitb16_market1501,ok,,cam0,21,unmatched->-1,287
strongsort_pp_pose_merge_off__clipreid_vitb16_market1501,video_001/clip_001,clipreid_vitb16_market1501,ok,,cam0,22,unmatched->-1,8
strongsort_pp_pose_merge_off__clipreid_vitb16_market1501,video_001/clip_001,clipreid_vitb16_market1501,ok,,cam0,23,X1->-1,488
strongsort_pp_pose_merge_off__clipreid_vitb16_market1501,video_001/clip_001,clipreid_vitb16_market1501,ok,,cam0,28,unmatched->-1,279
strongsort_pp_pose_merge_off__clipreid_vitb16_market1501,video_001/clip_001,clipreid_vitb16_market1501,ok,,cam0,3,B->1,1255
strongsort_pp_pose_merge_off__clipreid_vitb16_market1501,video_001/clip_001,clipreid_vitb16_market1501,ok,,cam0,3,unmatched->1,1
strongsort_pp_pose_merge_off__clipreid_vitb16_market1501,video_001/clip_001,clipreid_vitb16_market1501,ok,,cam0,30,A->-1,14
strongsort_pp_pose_merge_off__clipreid_vitb16_market1501,video_001/clip_001,clipreid_vitb16_market1501,ok,,cam0,31,unmatched->-1,289
strongsort_pp_pose_merge_off__clipreid_vitb16_market1501,video_001/clip_001,clipreid_vitb16_market1501,ok,,cam0,32,A->-1,1
strongsort_pp_pose_merge_off__clipreid_vitb16_market1501,video_001/clip_001,clipreid_vitb16_market1501,ok,,cam0,4,unmatched->-1,634
strongsort_pp_pose_merge_off__clipreid_vitb16_market1501,video_001/clip_001,clipreid_vitb16_market1501,ok,,cam0,5,X1->-1,212
strongsort_pp_pose_merge_off__clipreid_vitb16_market1501,video_001/clip_001,clipreid_vitb16_market1501,ok,,cam0,6,unmatched->-1,32
strongsort_pp_pose_merge_off__clipreid_vitb16_market1501,video_001/clip_001,clipreid_vitb16_market1501,ok,,cam0,7,unmatched->-1,204
strongsort_pp_pose_merge_off__clipreid_vitb16_market1501,video_001/clip_001,clipreid_vitb16_market1501,ok,,cam0,9,X1->-1,4
strongsort_pp_pose_merge_off__clipreid_vitb16_market1501,video_001/clip_001,clipreid_vitb16_market1501,ok,,cam1,1,A->0,1297
strongsort_pp_pose_merge_off__clipreid_vitb16_market1501,video_001/clip_001,clipreid_vitb16_market1501,ok,,cam1,10,unmatched->-1,408
strongsort_pp_pose_merge_off__clipreid_vitb16_market1501,video_001/clip_001,clipreid_vitb16_market1501,ok,,cam1,13,B->-1,236
strongsort_pp_pose_merge_off__clipreid_vitb16_market1501,video_001/clip_001,clipreid_vitb16_market1501,ok,,cam1,15,unmatched->-1,2
strongsort_pp_pose_merge_off__clipreid_vitb16_market1501,video_001/clip_001,clipreid_vitb16_market1501,ok,,cam1,17,X1->-1,160
strongsort_pp_pose_merge_off__clipreid_vitb16_market1501,video_001/clip_001,clipreid_vitb16_market1501,ok,,cam1,2,B->1,954
strongsort_pp_pose_merge_off__clipreid_vitb16_market1501,video_001/clip_001,clipreid_vitb16_market1501,ok,,cam1,2,X1->-1,63
strongsort_pp_pose_merge_off__clipreid_vitb16_market1501,video_001/clip_001,clipreid_vitb16_market1501,ok,,cam1,2,X1->1,3
strongsort_pp_pose_merge_off__clipreid_vitb16_market1501,video_001/clip_001,clipreid_vitb16_market1501,ok,,cam1,2,ambiguous->-1,33
strongsort_pp_pose_merge_off__clipreid_vitb16_market1501,video_001/clip_001,clipreid_vitb16_market1501,ok,,cam1,2,unmatched->-1,2
strongsort_pp_pose_merge_off__clipreid_vitb16_market1501,video_001/clip_001,clipreid_vitb16_market1501,ok,,cam1,2,unmatched->1,1
strongsort_pp_pose_merge_off__clipreid_vitb16_market1501,video_001/clip_001,clipreid_vitb16_market1501,ok,,cam1,3,unmatched->-1,249
strongsort_pp_pose_merge_off__clipreid_vitb16_market1501,video_001/clip_001,clipreid_vitb16_market1501,ok,,cam1,4,B->-1,59
strongsort_pp_pose_merge_off__clipreid_vitb16_market1501,video_001/clip_001,clipreid_vitb16_market1501,ok,,cam1,4,X1->-1,930
strongsort_pp_pose_merge_off__clipreid_vitb16_market1501,video_001/clip_001,clipreid_vitb16_market1501,ok,,cam1,4,ambiguous->-1,32
strongsort_pp_pose_merge_off__clipreid_vitb16_market1501,video_001/clip_001,clipreid_vitb16_market1501,ok,,cam1,4,unmatched->-1,2
strongsort_pp_pose_merge_off__clipreid_vitb16_market1501,video_001/clip_001,clipreid_vitb16_market1501,ok,,cam2,1,B->-1,167
strongsort_pp_pose_merge_off__clipreid_vitb16_market1501,video_001/clip_001,clipreid_vitb16_market1501,ok,,cam2,10,X4->-1,53
strongsort_pp_pose_merge_off__clipreid_vitb16_market1501,video_001/clip_001,clipreid_vitb16_market1501,ok,,cam2,10,unmatched->-1,1
strongsort_pp_pose_merge_off__clipreid_vitb16_market1501,video_001/clip_001,clipreid_vitb16_market1501,ok,,cam2,11,B->-1,32
strongsort_pp_pose_merge_off__clipreid_vitb16_market1501,video_001/clip_001,clipreid_vitb16_market1501,ok,,cam2,12,B->1,1008
strongsort_pp_pose_merge_off__clipreid_vitb16_market1501,video_001/clip_001,clipreid_vitb16_market1501,ok,,cam2,14,B->-1,5
strongsort_pp_pose_merge_off__clipreid_vitb16_market1501,video_001/clip_001,clipreid_vitb16_market1501,ok,,cam2,14,unmatched->-1,1
strongsort_pp_pose_merge_off__clipreid_vitb16_market1501,video_001/clip_001,clipreid_vitb16_market1501,ok,,cam2,16,unmatched->-1,9
strongsort_pp_pose_merge_off__clipreid_vitb16_market1501,video_001/clip_001,clipreid_vitb16_market1501,ok,,cam2,17,B->-1,7
strongsort_pp_pose_merge_off__clipreid_vitb16_market1501,video_001/clip_001,clipreid_vitb16_market1501,ok,,cam2,18,unmatched->-1,810
strongsort_pp_pose_merge_off__clipreid_vitb16_market1501,video_001/clip_001,clipreid_vitb16_market1501,ok,,cam2,19,unmatched->-1,624
strongsort_pp_pose_merge_off__clipreid_vitb16_market1501,video_001/clip_001,clipreid_vitb16_market1501,ok,,cam2,2,A->0,1286
strongsort_pp_pose_merge_off__clipreid_vitb16_market1501,video_001/clip_001,clipreid_vitb16_market1501,ok,,cam2,2,unmatched->0,1
strongsort_pp_pose_merge_off__clipreid_vitb16_market1501,video_001/clip_001,clipreid_vitb16_market1501,ok,,cam2,20,A->-1,12
strongsort_pp_pose_merge_off__clipreid_vitb16_market1501,video_001/clip_001,clipreid_vitb16_market1501,ok,,cam2,23,unmatched->-1,3
strongsort_pp_pose_merge_off__clipreid_vitb16_market1501,video_001/clip_001,clipreid_vitb16_market1501,ok,,cam2,25,unmatched->-1,8
strongsort_pp_pose_merge_off__clipreid_vitb16_market1501,video_001/clip_001,clipreid_vitb16_market1501,ok,,cam2,28,unmatched->-1,22
strongsort_pp_pose_merge_off__clipreid_vitb16_market1501,video_001/clip_001,clipreid_vitb16_market1501,ok,,cam2,29,unmatched->-1,1
strongsort_pp_pose_merge_off__clipreid_vitb16_market1501,video_001/clip_001,clipreid_vitb16_market1501,ok,,cam2,3,unmatched->-1,1232
strongsort_pp_pose_merge_off__clipreid_vitb16_market1501,video_001/clip_001,clipreid_vitb16_market1501,ok,,cam2,31,unmatched->-1,5
strongsort_pp_pose_merge_off__clipreid_vitb16_market1501,video_001/clip_001,clipreid_vitb16_market1501,ok,,cam2,4,X3->-1,22
strongsort_pp_pose_merge_off__clipreid_vitb16_market1501,video_001/clip_001,clipreid_vitb16_market1501,ok,,cam2,4,unmatched->-1,2
strongsort_pp_pose_merge_off__clipreid_vitb16_market1501,video_001/clip_001,clipreid_vitb16_market1501,ok,,cam2,5,X3->-1,5
strongsort_pp_pose_merge_off__clipreid_vitb16_market1501,video_001/clip_001,clipreid_vitb16_market1501,ok,,cam2,7,X3->-1,1168
strongsort_pp_pose_merge_off__clipreid_vitb16_market1501,video_001/clip_001,clipreid_vitb16_market1501,ok,,cam2,7,unmatched->-1,11
strongsort_pp_pose_merge_off__clipreid_vitb16_market1501,video_001/clip_001,clipreid_vitb16_market1501,ok,,cam2,9,B->-1,16
strongsort_pp_pose_merge_off__clipreid_vitb16_market1501,video_002/clip_013,clipreid_vitb16_market1501,ok,,cam0,1,A->0,533
strongsort_pp_pose_merge_off__clipreid_vitb16_market1501,video_002/clip_013,clipreid_vitb16_market1501,ok,,cam0,11,unmatched->-1,8
strongsort_pp_pose_merge_off__clipreid_vitb16_market1501,video_002/clip_013,clipreid_vitb16_market1501,ok,,cam0,13,unmatched->-1,2
strongsort_pp_pose_merge_off__clipreid_vitb16_market1501,video_002/clip_013,clipreid_vitb16_market1501,ok,,cam0,14,unmatched->-1,188
strongsort_pp_pose_merge_off__clipreid_vitb16_market1501,video_002/clip_013,clipreid_vitb16_market1501,ok,,cam0,16,unmatched->-1,43
strongsort_pp_pose_merge_off__clipreid_vitb16_market1501,video_002/clip_013,clipreid_vitb16_market1501,ok,,cam0,2,unmatched->-1,503
strongsort_pp_pose_merge_off__clipreid_vitb16_market1501,video_002/clip_013,clipreid_vitb16_market1501,ok,,cam0,3,B->1,522
strongsort_pp_pose_merge_off__clipreid_vitb16_market1501,video_002/clip_013,clipreid_vitb16_market1501,ok,,cam0,3,unmatched->1,1
strongsort_pp_pose_merge_off__clipreid_vitb16_market1501,video_002/clip_013,clipreid_vitb16_market1501,ok,,cam0,6,unmatched->-1,520
strongsort_pp_pose_merge_off__clipreid_vitb16_market1501,video_002/clip_013,clipreid_vitb16_market1501,ok,,cam0,8,unmatched->-1,5
strongsort_pp_pose_merge_off__clipreid_vitb16_market1501,video_002/clip_013,clipreid_vitb16_market1501,ok,,cam1,1,A->0,533
strongsort_pp_pose_merge_off__clipreid_vitb16_market1501,video_002/clip_013,clipreid_vitb16_market1501,ok,,cam1,2,B->-1,51
strongsort_pp_pose_merge_off__clipreid_vitb16_market1501,video_002/clip_013,clipreid_vitb16_market1501,ok,,cam1,2,B->1,423
strongsort_pp_pose_merge_off__clipreid_vitb16_market1501,video_002/clip_013,clipreid_vitb16_market1501,ok,,cam1,2,unmatched->-1,4
strongsort_pp_pose_merge_off__clipreid_vitb16_market1501,video_002/clip_013,clipreid_vitb16_market1501,ok,,cam1,3,ambiguous->-1,2
strongsort_pp_pose_merge_off__clipreid_vitb16_market1501,video_002/clip_013,clipreid_vitb16_market1501,ok,,cam1,5,B->1,59
strongsort_pp_pose_merge_off__clipreid_vitb16_market1501,video_002/clip_013,clipreid_vitb16_market1501,ok,,cam2,1,B->1,533
strongsort_pp_pose_merge_off__clipreid_vitb16_market1501,video_002/clip_013,clipreid_vitb16_market1501,ok,,cam2,10,X1->-1,56
strongsort_pp_pose_merge_off__clipreid_vitb16_market1501,video_002/clip_013,clipreid_vitb16_market1501,ok,,cam2,10,unmatched->-1,6
strongsort_pp_pose_merge_off__clipreid_vitb16_market1501,video_002/clip_013,clipreid_vitb16_market1501,ok,,cam2,2,A->0,531
strongsort_pp_pose_merge_off__clipreid_vitb16_market1501,video_002/clip_013,clipreid_vitb16_market1501,ok,,cam2,2,unmatched->0,1
strongsort_pp_pose_merge_off__clipreid_vitb16_market1501,video_002/clip_013,clipreid_vitb16_market1501,ok,,cam2,6,X1->-1,130
strongsort_pp_pose_merge_off__clipreid_vitb16_market1501,video_002/clip_013,clipreid_vitb16_market1501,ok,,cam2,6,unmatched->-1,1
strongsort_pp_pose_merge_on__clipreid_vitb16_market1501,video_000/clip_000,clipreid_vitb16_market1501,ok,,cam0,1,A->0,1008
strongsort_pp_pose_merge_on__clipreid_vitb16_market1501,video_000/clip_000,clipreid_vitb16_market1501,ok,,cam0,10,B->1,226
strongsort_pp_pose_merge_on__clipreid_vitb16_market1501,video_000/clip_000,clipreid_vitb16_market1501,ok,,cam0,11,unmatched->-1,82
strongsort_pp_pose_merge_on__clipreid_vitb16_market1501,video_000/clip_000,clipreid_vitb16_market1501,ok,,cam0,14,unmatched->-1,23
strongsort_pp_pose_merge_on__clipreid_vitb16_market1501,video_000/clip_000,clipreid_vitb16_market1501,ok,,cam0,2,X1->-1,179
strongsort_pp_pose_merge_on__clipreid_vitb16_market1501,video_000/clip_000,clipreid_vitb16_market1501,ok,,cam0,2,unmatched->-1,825
strongsort_pp_pose_merge_on__clipreid_vitb16_market1501,video_000/clip_000,clipreid_vitb16_market1501,ok,,cam0,3,B->1,702
strongsort_pp_pose_merge_on__clipreid_vitb16_market1501,video_000/clip_000,clipreid_vitb16_market1501,ok,,cam0,3,unmatched->1,1
strongsort_pp_pose_merge_on__clipreid_vitb16_market1501,video_000/clip_000,clipreid_vitb16_market1501,ok,,cam0,4,unmatched->-1,908
strongsort_pp_pose_merge_on__clipreid_vitb16_market1501,video_000/clip_000,clipreid_vitb16_market1501,ok,,cam0,6,unmatched->-1,314
strongsort_pp_pose_merge_on__clipreid_vitb16_market1501,video_000/clip_000,clipreid_vitb16_market1501,ok,,cam0,7,unmatched->-1,39
strongsort_pp_pose_merge_on__clipreid_vitb16_market1501,video_000/clip_000,clipreid_vitb16_market1501,ok,,cam0,9,unmatched->-1,233
strongsort_pp_pose_merge_on__clipreid_vitb16_market1501,video_000/clip_000,clipreid_vitb16_market1501,ok,,cam1,1,A->0,1008
strongsort_pp_pose_merge_on__clipreid_vitb16_market1501,video_000/clip_000,clipreid_vitb16_market1501,ok,,cam1,11,unmatched->-1,177
strongsort_pp_pose_merge_on__clipreid_vitb16_market1501,video_000/clip_000,clipreid_vitb16_market1501,ok,,cam1,2,B->1,993
strongsort_pp_pose_merge_on__clipreid_vitb16_market1501,video_000/clip_000,clipreid_vitb16_market1501,ok,,cam1,3,unmatched->-1,20
strongsort_pp_pose_merge_on__clipreid_vitb16_market1501,video_000/clip_000,clipreid_vitb16_market1501,ok,,cam1,5,unmatched->-1,7
strongsort_pp_pose_merge_on__clipreid_vitb16_market1501,video_000/clip_000,clipreid_vitb16_market1501,ok,,cam1,8,unmatched->-1,3
strongsort_pp_pose_merge_on__clipreid_vitb16_market1501,video_000/clip_000,clipreid_vitb16_market1501,ok,,cam2,1,B->1,1008
strongsort_pp_pose_merge_on__clipreid_vitb16_market1501,video_000/clip_000,clipreid_vitb16_market1501,ok,,cam2,14,unmatched->-1,50
strongsort_pp_pose_merge_on__clipreid_vitb16_market1501,video_000/clip_000,clipreid_vitb16_market1501,ok,,cam2,2,unmatched->-1,1008
strongsort_pp_pose_merge_on__clipreid_vitb16_market1501,video_000/clip_000,clipreid_vitb16_market1501,ok,,cam2,3,A->0,1005
strongsort_pp_pose_merge_on__clipreid_vitb16_market1501,video_000/clip_000,clipreid_vitb16_market1501,ok,,cam2,5,unmatched->-1,13
strongsort_pp_pose_merge_on__clipreid_vitb16_market1501,video_000/clip_000,clipreid_vitb16_market1501,ok,,cam2,8,unmatched->-1,1
strongsort_pp_pose_merge_on__clipreid_vitb16_market1501,video_000/clip_000,clipreid_vitb16_market1501,ok,,cam2,9,unmatched->-1,476
strongsort_pp_pose_merge_on__clipreid_vitb16_market1501,video_000/clip_007,clipreid_vitb16_market1501,ok,,cam0,1,A->0,650
strongsort_pp_pose_merge_on__clipreid_vitb16_market1501,video_000/clip_007,clipreid_vitb16_market1501,ok,,cam0,10,B->1,387
strongsort_pp_pose_merge_on__clipreid_vitb16_market1501,video_000/clip_007,clipreid_vitb16_market1501,ok,,cam0,10,unmatched->1,44
strongsort_pp_pose_merge_on__clipreid_vitb16_market1501,video_000/clip_007,clipreid_vitb16_market1501,ok,,cam0,11,unmatched->-1,127
strongsort_pp_pose_merge_on__clipreid_vitb16_market1501,video_000/clip_007,clipreid_vitb16_market1501,ok,,cam0,16,unmatched->-1,115
strongsort_pp_pose_merge_on__clipreid_vitb16_market1501,video_000/clip_007,clipreid_vitb16_market1501,ok,,cam0,18,unmatched->-1,57
strongsort_pp_pose_merge_on__clipreid_vitb16_market1501,video_000/clip_007,clipreid_vitb16_market1501,ok,,cam0,19,unmatched->-1,71
strongsort_pp_pose_merge_on__clipreid_vitb16_market1501,video_000/clip_007,clipreid_vitb16_market1501,ok,,cam0,2,X1->-1,224
strongsort_pp_pose_merge_on__clipreid_vitb16_market1501,video_000/clip_007,clipreid_vitb16_market1501,ok,,cam0,2,unmatched->-1,426
strongsort_pp_pose_merge_on__clipreid_vitb16_market1501,video_000/clip_007,clipreid_vitb16_market1501,ok,,cam0,3,unmatched->-1,45
strongsort_pp_pose_merge_on__clipreid_vitb16_market1501,video_000/clip_007,clipreid_vitb16_market1501,ok,,cam0,4,B->1,161
strongsort_pp_pose_merge_on__clipreid_vitb16_market1501,video_000/clip_007,clipreid_vitb16_market1501,ok,,cam0,4,unmatched->-1,18
strongsort_pp_pose_merge_on__clipreid_vitb16_market1501,video_000/clip_007,clipreid_vitb16_market1501,ok,,cam0,4,unmatched->1,1
strongsort_pp_pose_merge_on__clipreid_vitb16_market1501,video_000/clip_007,clipreid_vitb16_market1501,ok,,cam0,5,unmatched->-1,589
strongsort_pp_pose_merge_on__clipreid_vitb16_market1501,video_000/clip_007,clipreid_vitb16_market1501,ok,,cam0,6,unmatched->-1,230
strongsort_pp_pose_merge_on__clipreid_vitb16_market1501,video_000/clip_007,clipreid_vitb16_market1501,ok,,cam1,1,A->0,650
strongsort_pp_pose_merge_on__clipreid_vitb16_market1501,video_000/clip_007,clipreid_vitb16_market1501,ok,,cam1,11,B->-1,186
strongsort_pp_pose_merge_on__clipreid_vitb16_market1501,video_000/clip_007,clipreid_vitb16_market1501,ok,,cam1,11,unmatched->-1,1
strongsort_pp_pose_merge_on__clipreid_vitb16_market1501,video_000/clip_007,clipreid_vitb16_market1501,ok,,cam1,13,B->-1,2
strongsort_pp_pose_merge_on__clipreid_vitb16_market1501,video_000/clip_007,clipreid_vitb16_market1501,ok,,cam1,14,X1->-1,78
strongsort_pp_pose_merge_on__clipreid_vitb16_market1501,video_000/clip_007,clipreid_vitb16_market1501,ok,,cam1,14,unmatched->-1,65
strongsort_pp_pose_merge_on__clipreid_vitb16_market1501,video_000/clip_007,clipreid_vitb16_market1501,ok,,cam1,2,B->1,461
strongsort_pp_pose_merge_on__clipreid_vitb16_market1501,video_000/clip_007,clipreid_vitb16_market1501,ok,,cam1,2,unmatched->1,3
strongsort_pp_pose_merge_on__clipreid_vitb16_market1501,video_000/clip_007,clipreid_vitb16_market1501,ok,,cam2,1,B->1,616
strongsort_pp_pose_merge_on__clipreid_vitb16_market1501,video_000/clip_007,clipreid_vitb16_market1501,ok,,cam2,1,unmatched->1,13
strongsort_pp_pose_merge_on__clipreid_vitb16_market1501,video_000/clip_007,clipreid_vitb16_market1501,ok,,cam2,10,X2->-1,46
strongsort_pp_pose_merge_on__clipreid_vitb16_market1501,video_000/clip_007,clipreid_vitb16_market1501,ok,,cam2,12,B->-1,7
strongsort_pp_pose_merge_on__clipreid_vitb16_market1501,video_000/clip_007,clipreid_vitb16_market1501,ok,,cam2,13,unmatched->-1,3
strongsort_pp_pose_merge_on__clipreid_vitb16_market1501,video_000/clip_007,clipreid_vitb16_market1501,ok,,cam2,17,X2->-1,136
strongsort_pp_pose_merge_on__clipreid_vitb16_market1501,video_000/clip_007,clipreid_vitb16_market1501,ok,,cam2,2,A->-1,90
strongsort_pp_pose_merge_on__clipreid_vitb16_market1501,video_000/clip_007,clipreid_vitb16_market1501,ok,,cam2,3,unmatched->-1,650
strongsort_pp_pose_merge_on__clipreid_vitb16_market1501,video_000/clip_007,clipreid_vitb16_market1501,ok,,cam2,4,X1->-1,50
strongsort_pp_pose_merge_on__clipreid_vitb16_market1501,video_000/clip_007,clipreid_vitb16_market1501,ok,,cam2,4,unmatched->-1,600
strongsort_pp_pose_merge_on__clipreid_vitb16_market1501,video_000/clip_007,clipreid_vitb16_market1501,ok,,cam2,8,X2->-1,7
strongsort_pp_pose_merge_on__clipreid_vitb16_market1501,video_000/clip_007,clipreid_vitb16_market1501,ok,,cam2,9,A->0,563
strongsort_pp_pose_merge_on__clipreid_vitb16_market1501,video_001/clip_001,clipreid_vitb16_market1501,ok,,cam0,1,A->0,1283
strongsort_pp_pose_merge_on__clipreid_vitb16_market1501,video_001/clip_001,clipreid_vitb16_market1501,ok,,cam0,10,X1->-1,19
strongsort_pp_pose_merge_on__clipreid_vitb16_market1501,video_001/clip_001,clipreid_vitb16_market1501,ok,,cam0,12,unmatched->-1,663
strongsort_pp_pose_merge_on__clipreid_vitb16_market1501,video_001/clip_001,clipreid_vitb16_market1501,ok,,cam0,13,B->-1,8
strongsort_pp_pose_merge_on__clipreid_vitb16_market1501,video_001/clip_001,clipreid_vitb16_market1501,ok,,cam0,13,X1->-1,186
strongsort_pp_pose_merge_on__clipreid_vitb16_market1501,video_001/clip_001,clipreid_vitb16_market1501,ok,,cam0,13,ambiguous->-1,5
strongsort_pp_pose_merge_on__clipreid_vitb16_market1501,video_001/clip_001,clipreid_vitb16_market1501,ok,,cam0,14,unmatched->-1,6
strongsort_pp_pose_merge_on__clipreid_vitb16_market1501,video_001/clip_001,clipreid_vitb16_market1501,ok,,cam0,15,unmatched->-1,40
strongsort_pp_pose_merge_on__clipreid_vitb16_market1501,video_001/clip_001,clipreid_vitb16_market1501,ok,,cam0,17,unmatched->-1,5
strongsort_pp_pose_merge_on__clipreid_vitb16_market1501,video_001/clip_001,clipreid_vitb16_market1501,ok,,cam0,18,unmatched->-1,287
strongsort_pp_pose_merge_on__clipreid_vitb16_market1501,video_001/clip_001,clipreid_vitb16_market1501,ok,,cam0,19,unmatched->-1,8
strongsort_pp_pose_merge_on__clipreid_vitb16_market1501,video_001/clip_001,clipreid_vitb16_market1501,ok,,cam0,2,X2->-1,216
strongsort_pp_pose_merge_on__clipreid_vitb16_market1501,video_001/clip_001,clipreid_vitb16_market1501,ok,,cam0,2,unmatched->-1,694
strongsort_pp_pose_merge_on__clipreid_vitb16_market1501,video_001/clip_001,clipreid_vitb16_market1501,ok,,cam0,20,X1->-1,488
strongsort_pp_pose_merge_on__clipreid_vitb16_market1501,video_001/clip_001,clipreid_vitb16_market1501,ok,,cam0,24,unmatched->-1,279
strongsort_pp_pose_merge_on__clipreid_vitb16_market1501,video_001/clip_001,clipreid_vitb16_market1501,ok,,cam0,26,A->-1,14
strongsort_pp_pose_merge_on__clipreid_vitb16_market1501,video_001/clip_001,clipreid_vitb16_market1501,ok,,cam0,27,unmatched->-1,289
strongsort_pp_pose_merge_on__clipreid_vitb16_market1501,video_001/clip_001,clipreid_vitb16_market1501,ok,,cam0,28,A->-1,1
strongsort_pp_pose_merge_on__clipreid_vitb16_market1501,video_001/clip_001,clipreid_vitb16_market1501,ok,,cam0,3,B->1,1255
strongsort_pp_pose_merge_on__clipreid_vitb16_market1501,video_001/clip_001,clipreid_vitb16_market1501,ok,,cam0,3,unmatched->1,1
strongsort_pp_pose_merge_on__clipreid_vitb16_market1501,video_001/clip_001,clipreid_vitb16_market1501,ok,,cam0,4,unmatched->-1,634
strongsort_pp_pose_merge_on__clipreid_vitb16_market1501,video_001/clip_001,clipreid_vitb16_market1501,ok,,cam0,5,X1->-1,212
strongsort_pp_pose_merge_on__clipreid_vitb16_market1501,video_001/clip_001,clipreid_vitb16_market1501,ok,,cam0,6,unmatched->-1,32
strongsort_pp_pose_merge_on__clipreid_vitb16_market1501,video_001/clip_001,clipreid_vitb16_market1501,ok,,cam0,7,unmatched->-1,204
strongsort_pp_pose_merge_on__clipreid_vitb16_market1501,video_001/clip_001,clipreid_vitb16_market1501,ok,,cam0,8,X1->-1,4
strongsort_pp_pose_merge_on__clipreid_vitb16_market1501,video_001/clip_001,clipreid_vitb16_market1501,ok,,cam0,9,unmatched->-1,55
strongsort_pp_pose_merge_on__clipreid_vitb16_market1501,video_001/clip_001,clipreid_vitb16_market1501,ok,,cam1,1,A->0,1297
strongsort_pp_pose_merge_on__clipreid_vitb16_market1501,video_001/clip_001,clipreid_vitb16_market1501,ok,,cam1,10,unmatched->-1,408
strongsort_pp_pose_merge_on__clipreid_vitb16_market1501,video_001/clip_001,clipreid_vitb16_market1501,ok,,cam1,13,B->-1,236
strongsort_pp_pose_merge_on__clipreid_vitb16_market1501,video_001/clip_001,clipreid_vitb16_market1501,ok,,cam1,15,unmatched->-1,2
strongsort_pp_pose_merge_on__clipreid_vitb16_market1501,video_001/clip_001,clipreid_vitb16_market1501,ok,,cam1,17,X1->-1,160
strongsort_pp_pose_merge_on__clipreid_vitb16_market1501,video_001/clip_001,clipreid_vitb16_market1501,ok,,cam1,2,B->1,954
strongsort_pp_pose_merge_on__clipreid_vitb16_market1501,video_001/clip_001,clipreid_vitb16_market1501,ok,,cam1,2,X1->-1,63
strongsort_pp_pose_merge_on__clipreid_vitb16_market1501,video_001/clip_001,clipreid_vitb16_market1501,ok,,cam1,2,X1->1,3
strongsort_pp_pose_merge_on__clipreid_vitb16_market1501,video_001/clip_001,clipreid_vitb16_market1501,ok,,cam1,2,ambiguous->-1,33
strongsort_pp_pose_merge_on__clipreid_vitb16_market1501,video_001/clip_001,clipreid_vitb16_market1501,ok,,cam1,2,unmatched->-1,2
strongsort_pp_pose_merge_on__clipreid_vitb16_market1501,video_001/clip_001,clipreid_vitb16_market1501,ok,,cam1,2,unmatched->1,1
strongsort_pp_pose_merge_on__clipreid_vitb16_market1501,video_001/clip_001,clipreid_vitb16_market1501,ok,,cam1,3,unmatched->-1,249
strongsort_pp_pose_merge_on__clipreid_vitb16_market1501,video_001/clip_001,clipreid_vitb16_market1501,ok,,cam1,4,B->-1,59
strongsort_pp_pose_merge_on__clipreid_vitb16_market1501,video_001/clip_001,clipreid_vitb16_market1501,ok,,cam1,4,X1->-1,930
strongsort_pp_pose_merge_on__clipreid_vitb16_market1501,video_001/clip_001,clipreid_vitb16_market1501,ok,,cam1,4,ambiguous->-1,32
strongsort_pp_pose_merge_on__clipreid_vitb16_market1501,video_001/clip_001,clipreid_vitb16_market1501,ok,,cam1,4,unmatched->-1,2
strongsort_pp_pose_merge_on__clipreid_vitb16_market1501,video_001/clip_001,clipreid_vitb16_market1501,ok,,cam2,1,B->-1,167
strongsort_pp_pose_merge_on__clipreid_vitb16_market1501,video_001/clip_001,clipreid_vitb16_market1501,ok,,cam2,10,X4->-1,53
strongsort_pp_pose_merge_on__clipreid_vitb16_market1501,video_001/clip_001,clipreid_vitb16_market1501,ok,,cam2,10,unmatched->-1,1
strongsort_pp_pose_merge_on__clipreid_vitb16_market1501,video_001/clip_001,clipreid_vitb16_market1501,ok,,cam2,11,B->-1,32
strongsort_pp_pose_merge_on__clipreid_vitb16_market1501,video_001/clip_001,clipreid_vitb16_market1501,ok,,cam2,12,B->1,1008
strongsort_pp_pose_merge_on__clipreid_vitb16_market1501,video_001/clip_001,clipreid_vitb16_market1501,ok,,cam2,14,B->-1,5
strongsort_pp_pose_merge_on__clipreid_vitb16_market1501,video_001/clip_001,clipreid_vitb16_market1501,ok,,cam2,14,unmatched->-1,1
strongsort_pp_pose_merge_on__clipreid_vitb16_market1501,video_001/clip_001,clipreid_vitb16_market1501,ok,,cam2,15,unmatched->-1,9
strongsort_pp_pose_merge_on__clipreid_vitb16_market1501,video_001/clip_001,clipreid_vitb16_market1501,ok,,cam2,16,B->-1,6
strongsort_pp_pose_merge_on__clipreid_vitb16_market1501,video_001/clip_001,clipreid_vitb16_market1501,ok,,cam2,17,unmatched->-1,810
strongsort_pp_pose_merge_on__clipreid_vitb16_market1501,video_001/clip_001,clipreid_vitb16_market1501,ok,,cam2,18,unmatched->-1,624
strongsort_pp_pose_merge_on__clipreid_vitb16_market1501,video_001/clip_001,clipreid_vitb16_market1501,ok,,cam2,19,A->-1,12
strongsort_pp_pose_merge_on__clipreid_vitb16_market1501,video_001/clip_001,clipreid_vitb16_market1501,ok,,cam2,2,A->0,1286
strongsort_pp_pose_merge_on__clipreid_vitb16_market1501,video_001/clip_001,clipreid_vitb16_market1501,ok,,cam2,2,unmatched->0,1
strongsort_pp_pose_merge_on__clipreid_vitb16_market1501,video_001/clip_001,clipreid_vitb16_market1501,ok,,cam2,20,unmatched->-1,3
strongsort_pp_pose_merge_on__clipreid_vitb16_market1501,video_001/clip_001,clipreid_vitb16_market1501,ok,,cam2,22,unmatched->-1,8
strongsort_pp_pose_merge_on__clipreid_vitb16_market1501,video_001/clip_001,clipreid_vitb16_market1501,ok,,cam2,24,unmatched->-1,23
strongsort_pp_pose_merge_on__clipreid_vitb16_market1501,video_001/clip_001,clipreid_vitb16_market1501,ok,,cam2,25,unmatched->-1,1
strongsort_pp_pose_merge_on__clipreid_vitb16_market1501,video_001/clip_001,clipreid_vitb16_market1501,ok,,cam2,27,unmatched->-1,5
strongsort_pp_pose_merge_on__clipreid_vitb16_market1501,video_001/clip_001,clipreid_vitb16_market1501,ok,,cam2,3,unmatched->-1,1232
strongsort_pp_pose_merge_on__clipreid_vitb16_market1501,video_001/clip_001,clipreid_vitb16_market1501,ok,,cam2,4,X3->-1,22
strongsort_pp_pose_merge_on__clipreid_vitb16_market1501,video_001/clip_001,clipreid_vitb16_market1501,ok,,cam2,4,unmatched->-1,2
strongsort_pp_pose_merge_on__clipreid_vitb16_market1501,video_001/clip_001,clipreid_vitb16_market1501,ok,,cam2,5,X3->-1,5
strongsort_pp_pose_merge_on__clipreid_vitb16_market1501,video_001/clip_001,clipreid_vitb16_market1501,ok,,cam2,7,X3->-1,1168
strongsort_pp_pose_merge_on__clipreid_vitb16_market1501,video_001/clip_001,clipreid_vitb16_market1501,ok,,cam2,7,unmatched->-1,11
strongsort_pp_pose_merge_on__clipreid_vitb16_market1501,video_001/clip_001,clipreid_vitb16_market1501,ok,,cam2,9,B->-1,16
strongsort_pp_pose_merge_on__clipreid_vitb16_market1501,video_002/clip_013,clipreid_vitb16_market1501,ok,,cam0,1,A->0,533
strongsort_pp_pose_merge_on__clipreid_vitb16_market1501,video_002/clip_013,clipreid_vitb16_market1501,ok,,cam0,11,unmatched->-1,8
strongsort_pp_pose_merge_on__clipreid_vitb16_market1501,video_002/clip_013,clipreid_vitb16_market1501,ok,,cam0,13,unmatched->-1,2
strongsort_pp_pose_merge_on__clipreid_vitb16_market1501,video_002/clip_013,clipreid_vitb16_market1501,ok,,cam0,14,unmatched->-1,188
strongsort_pp_pose_merge_on__clipreid_vitb16_market1501,video_002/clip_013,clipreid_vitb16_market1501,ok,,cam0,16,unmatched->-1,43
strongsort_pp_pose_merge_on__clipreid_vitb16_market1501,video_002/clip_013,clipreid_vitb16_market1501,ok,,cam0,2,unmatched->-1,503
strongsort_pp_pose_merge_on__clipreid_vitb16_market1501,video_002/clip_013,clipreid_vitb16_market1501,ok,,cam0,3,B->1,522
strongsort_pp_pose_merge_on__clipreid_vitb16_market1501,video_002/clip_013,clipreid_vitb16_market1501,ok,,cam0,3,unmatched->1,1
strongsort_pp_pose_merge_on__clipreid_vitb16_market1501,video_002/clip_013,clipreid_vitb16_market1501,ok,,cam0,6,unmatched->-1,520
strongsort_pp_pose_merge_on__clipreid_vitb16_market1501,video_002/clip_013,clipreid_vitb16_market1501,ok,,cam0,8,unmatched->-1,5
strongsort_pp_pose_merge_on__clipreid_vitb16_market1501,video_002/clip_013,clipreid_vitb16_market1501,ok,,cam1,1,A->0,533
strongsort_pp_pose_merge_on__clipreid_vitb16_market1501,video_002/clip_013,clipreid_vitb16_market1501,ok,,cam1,2,B->-1,51
strongsort_pp_pose_merge_on__clipreid_vitb16_market1501,video_002/clip_013,clipreid_vitb16_market1501,ok,,cam1,2,B->1,423
strongsort_pp_pose_merge_on__clipreid_vitb16_market1501,video_002/clip_013,clipreid_vitb16_market1501,ok,,cam1,2,unmatched->-1,4
strongsort_pp_pose_merge_on__clipreid_vitb16_market1501,video_002/clip_013,clipreid_vitb16_market1501,ok,,cam1,3,ambiguous->-1,2
strongsort_pp_pose_merge_on__clipreid_vitb16_market1501,video_002/clip_013,clipreid_vitb16_market1501,ok,,cam1,5,B->1,59
strongsort_pp_pose_merge_on__clipreid_vitb16_market1501,video_002/clip_013,clipreid_vitb16_market1501,ok,,cam2,1,B->1,533
strongsort_pp_pose_merge_on__clipreid_vitb16_market1501,video_002/clip_013,clipreid_vitb16_market1501,ok,,cam2,2,A->0,531
strongsort_pp_pose_merge_on__clipreid_vitb16_market1501,video_002/clip_013,clipreid_vitb16_market1501,ok,,cam2,2,unmatched->0,1
strongsort_pp_pose_merge_on__clipreid_vitb16_market1501,video_002/clip_013,clipreid_vitb16_market1501,ok,,cam2,5,X1->-1,130
strongsort_pp_pose_merge_on__clipreid_vitb16_market1501,video_002/clip_013,clipreid_vitb16_market1501,ok,,cam2,5,unmatched->-1,1
strongsort_pp_pose_merge_on__clipreid_vitb16_market1501,video_002/clip_013,clipreid_vitb16_market1501,ok,,cam2,8,X1->-1,56
strongsort_pp_pose_merge_on__clipreid_vitb16_market1501,video_002/clip_013,clipreid_vitb16_market1501,ok,,cam2,8,unmatched->-1,6
