variant,clip,camera,status,reason,raw_ids,selected_groups,unlabelled_raw,unlabelled_group,gsi_interpolated
old_old,video_000/clip_000,cam0,ok,,3,2,0,0,0
old_old,video_000/clip_000,cam1,ok,,2,2,0,0,0
old_old,video_000/clip_000,cam2,ok,,3,2,0,0,0
old_old,video_000/clip_007,cam0,ok,,5,2,0,0,0
old_old,video_000/clip_007,cam1,ok,,4,3,0,0,0
old_old,video_000/clip_007,cam2,ok,,8,2,0,0,0
old_old,video_001/clip_001,cam0,ok,,8,2,3,3,0
old_old,video_001/clip_001,cam1,ok,,3,2,0,0,0
old_old,video_001/clip_001,cam2,ok,,10,2,2,0,0
old_old,video_002/clip_013,cam0,ok,,2,3,0,0,0
old_old,video_002/clip_013,cam1,ok,,5,2,0,0,0
old_old,video_002/clip_013,cam2,ok,,5,2,0,0,0
new_old,video_000/clip_000,cam0,ok,,10,2,0,0,0
new_old,video_000/clip_000,cam1,ok,,5,2,0,0,0
new_old,video_000/clip_000,cam2,ok,,6,2,0,0,0
new_old,video_000/clip_007,cam0,failed,Multiple plausible camera-local tracklet links require identity review,0,0,0,0,0
new_old,video_000/clip_007,cam1,ok,,4,3,0,0,0
new_old,video_000/clip_007,cam2,ok,,10,2,10,10,0
new_old,video_001/clip_001,cam0,ok,,17,2,3,3,0
new_old,video_001/clip_001,cam1,ok,,5,2,0,0,0
new_old,video_001/clip_001,cam2,ok,,20,2,2,0,0
new_old,video_002/clip_013,cam0,ok,,8,3,0,0,0
new_old,video_002/clip_013,cam1,ok,,5,2,0,0,0
new_old,video_002/clip_013,cam2,ok,,5,2,0,0,0
botsort_pose__clipreid_vitb16_market1501,video_000/clip_000,cam0,ok,,9,2,2,2,0
botsort_pose__clipreid_vitb16_market1501,video_000/clip_000,cam1,ok,,6,3,3,3,0
botsort_pose__clipreid_vitb16_market1501,video_000/clip_000,cam2,ok,,12,2,3,0,0
botsort_pose__clipreid_vitb16_market1501,video_000/clip_007,cam0,ok,,12,2,61,61,0
botsort_pose__clipreid_vitb16_market1501,video_000/clip_007,cam1,ok,,10,2,2,1,0
botsort_pose__clipreid_vitb16_market1501,video_000/clip_007,cam2,ok,,14,3,18,17,0
botsort_pose__clipreid_vitb16_market1501,video_001/clip_001,cam0,ok,,21,3,6,5,0
botsort_pose__clipreid_vitb16_market1501,video_001/clip_001,cam1,ok,,11,2,1,1,0
botsort_pose__clipreid_vitb16_market1501,video_001/clip_001,cam2,ok,,29,2,2,1,0
botsort_pose__clipreid_vitb16_market1501,video_002/clip_013,cam0,ok,,9,3,1,1,0
botsort_pose__clipreid_vitb16_market1501,video_002/clip_013,cam1,ok,,7,2,1,1,0
botsort_pose__clipreid_vitb16_market1501,video_002/clip_013,cam2,ok,,8,3,3,3,0
botsort_pose__solider_swin_base_msmt17,video_000/clip_000,cam0,ok,,9,2,2,2,0
botsort_pose__solider_swin_base_msmt17,video_000/clip_000,cam1,ok,,6,3,3,3,0
botsort_pose__solider_swin_base_msmt17,video_000/clip_000,cam2,ok,,12,2,3,0,0
botsort_pose__solider_swin_base_msmt17,video_000/clip_007,cam0,ok,,12,2,61,61,0
botsort_pose__solider_swin_base_msmt17,video_000/clip_007,cam1,ok,,10,2,2,1,0
botsort_pose__solider_swin_base_msmt17,video_000/clip_007,cam2,ok,,14,3,18,17,0
botsort_pose__solider_swin_base_msmt17,video_001/clip_001,cam0,ok,,21,3,6,5,0
botsort_pose__solider_swin_base_msmt17,video_001/clip_001,cam1,ok,,11,2,1,1,0
botsort_pose__solider_swin_base_msmt17,video_001/clip_001,cam2,ok,,29,2,2,1,0
botsort_pose__solider_swin_base_msmt17,video_002/clip_013,cam0,ok,,9,3,1,1,0
botsort_pose__solider_swin_base_msmt17,video_002/clip_013,cam1,ok,,7,2,1,1,0
botsort_pose__solider_swin_base_msmt17,video_002/clip_013,cam2,ok,,8,3,3,3,0
deep_ocsort_pose__clipreid_vitb16_market1501,video_000/clip_000,cam0,ok,,12,2,0,0,0
deep_ocsort_pose__clipreid_vitb16_market1501,video_000/clip_000,cam1,ok,,7,3,0,0,0
deep_ocsort_pose__clipreid_vitb16_market1501,video_000/clip_000,cam2,ok,,9,2,1,1,0
deep_ocsort_pose__clipreid_vitb16_market1501,video_000/clip_007,cam0,ok,,14,2,48,48,0
deep_ocsort_pose__clipreid_vitb16_market1501,video_000/clip_007,cam1,ok,,6,2,0,0,0
deep_ocsort_pose__clipreid_vitb16_market1501,video_000/clip_007,cam2,ok,,13,3,13,13,0
deep_ocsort_pose__clipreid_vitb16_market1501,video_001/clip_001,cam0,ok,,26,2,0,0,0
deep_ocsort_pose__clipreid_vitb16_market1501,video_001/clip_001,cam1,ok,,8,2,0,0,0
deep_ocsort_pose__clipreid_vitb16_market1501,video_001/clip_001,cam2,ok,,23,2,0,0,0
deep_ocsort_pose__clipreid_vitb16_market1501,video_002/clip_013,cam0,ok,,8,3,1,1,0
deep_ocsort_pose__clipreid_vitb16_market1501,video_002/clip_013,cam1,ok,,5,3,2,2,0
deep_ocsort_pose__clipreid_vitb16_market1501,video_002/clip_013,cam2,ok,,5,2,1,1,0
deep_ocsort_pose__solider_swin_base_msmt17,video_000/clip_000,cam0,ok,,12,2,0,0,0
deep_ocsort_pose__solider_swin_base_msmt17,video_000/clip_000,cam1,ok,,8,3,0,0,0
deep_ocsort_pose__solider_swin_base_msmt17,video_000/clip_000,cam2,ok,,9,2,1,1,0
deep_ocsort_pose__solider_swin_base_msmt17,video_000/clip_007,cam0,ok,,14,2,48,48,0
deep_ocsort_pose__solider_swin_base_msmt17,video_000/clip_007,cam1,ok,,6,2,0,0,0
deep_ocsort_pose__solider_swin_base_msmt17,video_000/clip_007,cam2,ok,,13,3,13,13,0
deep_ocsort_pose__solider_swin_base_msmt17,video_001/clip_001,cam0,ok,,24,2,3,3,0
deep_ocsort_pose__solider_swin_base_msmt17,video_001/clip_001,cam1,ok,,8,2,0,0,0
deep_ocsort_pose__solider_swin_base_msmt17,video_001/clip_001,cam2,ok,,23,2,0,0,0
deep_ocsort_pose__solider_swin_base_msmt17,video_002/clip_013,cam0,ok,,8,3,1,1,0
deep_ocsort_pose__solider_swin_base_msmt17,video_002/clip_013,cam1,ok,,5,3,2,2,0
deep_ocsort_pose__solider_swin_base_msmt17,video_002/clip_013,cam2,ok,,5,2,1,1,0
deep_ocsort_pose_lab__clipreid_vitb16_market1501,video_000/clip_000,cam0,ok,,9,2,0,0,0
deep_ocsort_pose_lab__clipreid_vitb16_market1501,video_000/clip_000,cam1,ok,,7,3,0,0,0
deep_ocsort_pose_lab__clipreid_vitb16_market1501,video_000/clip_000,cam2,ok,,7,2,1,1,0
deep_ocsort_pose_lab__clipreid_vitb16_market1501,video_000/clip_007,cam0,failed,Multiple plausible camera-local tracklet links require identity review,0,0,0,0,0
deep_ocsort_pose_lab__clipreid_vitb16_market1501,video_000/clip_007,cam1,ok,,5,2,0,0,0
deep_ocsort_pose_lab__clipreid_vitb16_market1501,video_000/clip_007,cam2,ok,,12,3,13,13,0
deep_ocsort_pose_lab__clipreid_vitb16_market1501,video_001/clip_001,cam0,failed,Multiple plausible camera-local tracklet links require identity review,0,0,0,0,0
deep_ocsort_pose_lab__clipreid_vitb16_market1501,video_001/clip_001,cam1,ok,,6,2,0,0,0
deep_ocsort_pose_lab__clipreid_vitb16_market1501,video_001/clip_001,cam2,failed,Multiple plausible camera-local tracklet links require identity review,0,0,0,0,0
deep_ocsort_pose_lab__clipreid_vitb16_market1501,video_002/clip_013,cam0,ok,,8,3,1,1,0
deep_ocsort_pose_lab__clipreid_vitb16_market1501,video_002/clip_013,cam1,ok,,4,2,1,1,0
deep_ocsort_pose_lab__clipreid_vitb16_market1501,video_002/clip_013,cam2,ok,,5,2,1,1,0
strongsort_pp__clipreid_vitb16_market1501,video_000/clip_000,cam0,ok,,12,2,1,1,157
strongsort_pp__clipreid_vitb16_market1501,video_000/clip_000,cam1,ok,,6,2,0,0,45
strongsort_pp__clipreid_vitb16_market1501,video_000/clip_000,cam2,ok,,7,2,1,1,20
strongsort_pp__clipreid_vitb16_market1501,video_000/clip_007,cam0,ok,,12,2,61,61,135
strongsort_pp__clipreid_vitb16_market1501,video_000/clip_007,cam1,ok,,4,2,0,0,35
strongsort_pp__clipreid_vitb16_market1501,video_000/clip_007,cam2,ok,,10,2,13,13,110
strongsort_pp__clipreid_vitb16_market1501,video_001/clip_001,cam0,ok,,22,2,1,1,437
strongsort_pp__clipreid_vitb16_market1501,video_001/clip_001,cam1,ok,,8,2,0,0,59
strongsort_pp__clipreid_vitb16_market1501,video_001/clip_001,cam2,ok,,21,3,3,3,178
strongsort_pp__clipreid_vitb16_market1501,video_002/clip_013,cam0,ok,,9,3,1,1,50
strongsort_pp__clipreid_vitb16_market1501,video_002/clip_013,cam1,ok,,4,2,0,0,32
strongsort_pp__clipreid_vitb16_market1501,video_002/clip_013,cam2,ok,,4,2,1,1,54
best_kpr__kpr_market_solider_parts,video_000/clip_000,cam0,ok,,23,2,0,0,132
best_kpr__kpr_market_solider_parts,video_000/clip_000,cam1,ok,,9,2,0,0,34
best_kpr__kpr_market_solider_parts,video_000/clip_000,cam2,ok,,7,2,1,1,20
best_kpr__kpr_market_solider_parts,video_000/clip_007,cam0,ok,,18,2,61,61,70
best_kpr__kpr_market_solider_parts,video_000/clip_007,cam1,ok,,7,2,0,0,2
best_kpr__kpr_market_solider_parts,video_000/clip_007,cam2,ok,,12,3,17,13,90
best_kpr__kpr_market_solider_parts,video_001/clip_001,cam0,ok,,37,2,0,0,262
best_kpr__kpr_market_solider_parts,video_001/clip_001,cam1,ok,,10,2,29,29,31
best_kpr__kpr_market_solider_parts,video_001/clip_001,cam2,ok,,23,2,0,0,70
best_kpr__kpr_market_solider_parts,video_002/clip_013,cam0,ok,,11,3,1,1,50
best_kpr__kpr_market_solider_parts,video_002/clip_013,cam1,ok,,5,2,1,1,8
best_kpr__kpr_market_solider_parts,video_002/clip_013,cam2,ok,,6,3,1,1,55
