source,clip,identity,camera_a,camera_b,shared_frames,median_m,p95_m,max_m
coco_0.30,video_000/clip_000,0,cam0,cam1,1010,0.5989553385117724,1.0921423482444756,1.2469888150197095
coco_0.30,video_000/clip_000,0,cam0,cam2,925,2.703516149329589,3.7004426098274723,7.333156166239002
coco_0.30,video_000/clip_000,0,cam1,cam2,925,2.7972535747430674,3.8402605707630233,7.582363779678136
coco_0.30,video_000/clip_000,1,cam0,cam1,705,1.0098484463313513,2.128605402894849,4.319379023789082
coco_0.30,video_000/clip_000,1,cam0,cam2,705,0.7433673286787726,1.1850206150488416,1.8704416117349238
coco_0.30,video_000/clip_000,1,cam1,cam2,995,1.5299222257609761,2.4731409348548206,5.430975681495121
coco_0.30,video_000/clip_007,0,cam0,cam1,652,0.33369509810699705,0.7994418980567608,1.0763888086621232
coco_0.30,video_000/clip_007,0,cam0,cam2,646,1.1180704042633525,2.384857320885076,4.593506327588276
coco_0.30,video_000/clip_007,0,cam1,cam2,646,1.2186183678379963,2.4018256034178433,4.516162786869383
coco_0.30,video_000/clip_007,1,cam0,cam1,217,0.9705767724159267,2.1942596618443635,3.8814065368470962
coco_0.30,video_000/clip_007,1,cam0,cam2,387,1.179481126780267,2.0374773705552194,2.6886371420847643
coco_0.30,video_000/clip_007,1,cam1,cam2,414,0.22765275932331874,1.2356833324443286,4.704700319376934
coco_0.30,video_002/clip_013,0,cam0,cam1,535,0.513678073413216,1.2581168625271824,1.4528175171254458
coco_0.30,video_002/clip_013,0,cam0,cam2,535,0.746709747688635,1.2761080447292217,7.253531208951856
coco_0.30,video_002/clip_013,0,cam1,cam2,535,0.3235672999800767,0.9157115821475957,7.524211156907968
coco_0.30,video_002/clip_013,1,cam0,cam1,486,0.9536096031871255,2.4294768043359287,6.822677048619395
coco_0.30,video_002/clip_013,1,cam0,cam2,525,1.58416707310803,4.305918887794484,7.419951271060168
coco_0.30,video_002/clip_013,1,cam1,cam2,496,0.6507595215916051,2.2198044858348034,4.22643292801516
ft_base_0.01,video_001/clip_001,0,cam0,cam1,1185,0.577468139598872,0.9283462151969045,1.316344426951421
ft_base_0.01,video_001/clip_001,0,cam0,cam2,1187,0.6599771919042272,1.4954585290536944,3.6957354781690963
ft_base_0.01,video_001/clip_001,0,cam1,cam2,1298,0.48400306824415174,1.4676070962014722,3.036267774810112
ft_base_0.01,video_001/clip_001,1,cam0,cam1,405,3.0192896969980083,3.7279815874150883,4.02477031367533
ft_base_0.01,video_001/clip_001,1,cam0,cam2,206,3.0674978809074114,3.8643875964922136,3.95590133941594
ft_base_0.01,video_001/clip_001,1,cam1,cam2,410,0.6323691603788024,1.352014998485457,2.4081615678864083
ft_base_0.01,video_002/clip_013,0,cam0,cam1,528,0.8447791402572189,1.6097825484713817,1.8161133786211396
ft_base_0.01,video_002/clip_013,0,cam0,cam2,528,1.500004670729795,2.298356506813721,2.7078935724811264
ft_base_0.01,video_002/clip_013,0,cam1,cam2,535,0.8528530266827343,2.0597980483551566,2.954292536536807
ft_base_0.01,video_002/clip_013,1,cam0,cam1,474,0.9967537206365091,2.8213895293449394,8.921726113236893
ft_base_0.01,video_002/clip_013,1,cam0,cam2,509,0.8758689476460748,2.7569308341198995,8.874931993888291
ft_base_0.01,video_002/clip_013,1,cam1,cam2,500,0.4330143942206841,2.4133196402305557,4.293565215189097
old_pipeline,video_000/clip_000,0,cam0,cam1,1010,0.5780919085611598,1.0787959028538752,1.222277183876972
old_pipeline,video_000/clip_000,0,cam0,cam2,1010,2.7074742541694814,3.7116587533404246,5.674645678963129
old_pipeline,video_000/clip_000,0,cam1,cam2,1010,2.8097904378793563,3.8575587852635613,5.585105085667795
old_pipeline,video_000/clip_000,1,cam0,cam1,931,1.0114464158825285,2.1052608567546085,3.371545539063763
old_pipeline,video_000/clip_000,1,cam0,cam2,931,0.6715059673529371,1.1069774397225562,1.4850506719932
old_pipeline,video_000/clip_000,1,cam1,cam2,995,1.5340135562479362,2.480188068195169,3.426882598591367
old_pipeline,video_000/clip_007,0,cam0,cam1,652,0.3310706915740605,0.7966816802230158,1.0329631497924647
old_pipeline,video_000/clip_007,0,cam0,cam2,646,1.1223921984279528,2.3562039632044023,3.611205936553829
old_pipeline,video_000/clip_007,0,cam1,cam2,646,1.2426761954569652,2.413593929529455,3.5325189893882305
old_pipeline,video_000/clip_007,1,cam0,cam1,377,1.2217829277495749,2.408306320271092,6.000795711302099
old_pipeline,video_000/clip_007,1,cam0,cam2,387,1.1882487130194341,2.0223989782359753,2.4312065686375215
old_pipeline,video_000/clip_007,1,cam1,cam2,608,0.3973205051827958,1.8591321399018168,6.44858096670555
old_pipeline,video_001/clip_001,0,cam0,cam1,1300,0.2976978616096753,0.7156357532675546,1.2732014771431275
old_pipeline,video_001/clip_001,0,cam0,cam2,1300,0.6419824667648133,1.2874595232767363,3.990443837008996
old_pipeline,video_001/clip_001,0,cam1,cam2,1300,0.6719630658672008,1.375491942895509,3.742979514880023
old_pipeline,video_001/clip_001,1,cam0,cam1,1221,0.9442729912639242,2.200224376800624,4.812405802608354
old_pipeline,video_001/clip_001,1,cam0,cam2,979,0.866084843310524,1.8030636030042508,4.135436367231347
old_pipeline,video_001/clip_001,1,cam1,cam2,962,0.34582424268033657,1.0877275998003808,5.639626847316412
old_pipeline,video_002/clip_013,0,cam0,cam1,535,0.4898370530448128,1.2582596865138669,1.3984354498516107
old_pipeline,video_002/clip_013,0,cam0,cam2,534,0.7635504835947016,1.2691066808527676,4.6872186997921315
old_pipeline,video_002/clip_013,0,cam1,cam2,534,0.31333542349788257,0.9819159547230304,4.943737915605123
old_pipeline,video_002/clip_013,1,cam0,cam1,485,0.9447639687437454,2.463314667651611,3.5263213965488047
old_pipeline,video_002/clip_013,1,cam0,cam2,524,1.5695627095676563,4.006430825171782,4.988396480483185
old_pipeline,video_002/clip_013,1,cam1,cam2,496,0.6494880174836182,2.1308546008932616,3.7135904854042536
union_0.30,video_000/clip_000,0,cam0,cam1,1010,0.9242592607105602,1.408070118892599,1.5993234798430547
union_0.30,video_000/clip_000,0,cam0,cam2,1010,1.7181320285027728,2.2357222794300475,3.03163364772926
union_0.30,video_000/clip_000,0,cam1,cam2,1010,1.7427997238786987,2.434576783185542,3.138787318331276
union_0.30,video_000/clip_000,1,cam0,cam1,702,0.7736283901757584,2.5129946179095604,4.319379023789082
union_0.30,video_000/clip_000,1,cam0,cam2,705,0.7115319784423519,1.7889273739467382,2.772445117491559
union_0.30,video_000/clip_000,1,cam1,cam2,839,0.8612108471425943,2.0513352166228698,5.220744416504746
union_0.30,video_001/clip_001,0,cam0,cam1,1300,0.5572354402173321,0.9078374399888285,1.316344426951421
union_0.30,video_001/clip_001,0,cam0,cam2,1300,0.6567115842665757,1.6159463761175106,3.6957354781690963
union_0.30,video_001/clip_001,0,cam1,cam2,1300,0.48400306824415174,1.4675405342616308,2.9413634176354377
union_0.30,video_001/clip_001,1,cam0,cam1,877,0.9319570687007022,1.5264122332826624,3.532889767133577
union_0.30,video_001/clip_001,1,cam0,cam2,951,0.9736026878530412,1.9150123228533216,3.956011920515731
union_0.30,video_001/clip_001,1,cam1,cam2,690,0.5850234499387305,1.354542429265972,3.1867704575234694
union_0.30,video_002/clip_013,0,cam0,cam1,535,0.8504877938212471,1.6097141921528304,1.8161133786211396
union_0.30,video_002/clip_013,0,cam0,cam2,535,1.4994988709550379,2.297621268259191,2.7078935724811264
union_0.30,video_002/clip_013,0,cam1,cam2,535,0.8528530266827343,2.0597980483551566,2.954292536536807
union_0.30,video_002/clip_013,1,cam0,cam1,463,1.161933426860813,2.772783296073564,6.999789856170623
union_0.30,video_002/clip_013,1,cam0,cam2,525,1.361398303755004,3.148598878188415,7.358110699822175
union_0.30,video_002/clip_013,1,cam1,cam2,473,0.46739263482059623,2.3501257870425816,4.293565215189097
