source,stage,clip,person,role,kind,units,tracked_03,kept_03,tracked_05,kept_05
ft_base_0.01,dwell,video_000/clip_000,A,player,player,3030,3029,3028,3024,3023
ft_base_0.01,dwell,video_000/clip_000,B,player,player,2936,2923,2577,2864,2490
ft_base_0.01,dwell,video_000/clip_000,X1,non_player,adjacent_court,179,179,179,129,129
ft_base_0.01,dwell,video_000/clip_007,A,player,player,1955,1953,1873,1933,1855
ft_base_0.01,dwell,video_000/clip_007,B,player,player,1820,1793,1665,1748,1617
ft_base_0.01,dwell,video_000/clip_007,X1,non_player,off_court,352,352,224,352,224
ft_base_0.01,dwell,video_000/clip_007,X2,non_player,nonperson,195,25,0,25,0
ft_base_0.01,dwell,video_001/clip_001,A,player,player,3900,3896,3785,3895,3785
ft_base_0.01,dwell,video_001/clip_001,B,player,player,3724,3477,1883,3236,1773
ft_base_0.01,dwell,video_001/clip_001,X1,non_player,off_court,2074,1477,341,1259,289
ft_base_0.01,dwell,video_001/clip_001,X2,non_player,adjacent_court,216,216,216,216,216
ft_base_0.01,dwell,video_001/clip_001,X3,non_player,nonperson,1198,524,0,524,0
ft_base_0.01,dwell,video_001/clip_001,X4,non_player,off_court,54,29,0,0,0
ft_base_0.01,associated,video_001/clip_001,A,player,player,3900,3896,3785,3895,3785
ft_base_0.01,associated,video_001/clip_001,B,player,player,3724,3477,1883,3236,1773
ft_base_0.01,associated,video_001/clip_001,X1,non_player,off_court,2074,1477,0,1259,0
ft_base_0.01,associated,video_001/clip_001,X2,non_player,adjacent_court,216,216,0,216,0
ft_base_0.01,associated,video_001/clip_001,X3,non_player,nonperson,1198,524,0,524,0
ft_base_0.01,associated,video_001/clip_001,X4,non_player,off_court,54,29,0,0,0
ft_base_0.01,dwell,video_002/clip_013,A,player,player,1604,1604,1597,1601,1594
ft_base_0.01,dwell,video_002/clip_013,B,player,player,1589,1571,1540,1500,1473
ft_base_0.01,dwell,video_002/clip_013,X1,non_player,nonperson,186,55,0,52,0
ft_base_0.01,associated,video_002/clip_013,A,player,player,1604,1604,1597,1601,1594
ft_base_0.01,associated,video_002/clip_013,B,player,player,1589,1571,1538,1500,1464
ft_base_0.01,associated,video_002/clip_013,X1,non_player,nonperson,186,55,0,52,0
coco_0.30,dwell,video_000/clip_000,A,player,player,3030,3030,2945,3029,2944
coco_0.30,dwell,video_000/clip_000,B,player,player,2936,2936,2709,2936,2709
coco_0.30,dwell,video_000/clip_000,X1,non_player,adjacent_court,179,179,0,179,0
coco_0.30,associated,video_000/clip_000,A,player,player,3030,3030,2945,3029,2944
coco_0.30,associated,video_000/clip_000,B,player,player,2936,2936,2709,2936,2709
coco_0.30,associated,video_000/clip_000,X1,non_player,adjacent_court,179,179,0,179,0
coco_0.30,dwell,video_000/clip_007,A,player,player,1955,1955,1950,1955,1950
coco_0.30,dwell,video_000/clip_007,B,player,player,1820,1820,1489,1820,1489
coco_0.30,dwell,video_000/clip_007,X1,non_player,off_court,352,352,212,352,212
coco_0.30,dwell,video_000/clip_007,X2,non_player,nonperson,195,195,0,195,0
coco_0.30,associated,video_000/clip_007,A,player,player,1955,1955,1950,1955,1950
coco_0.30,associated,video_000/clip_007,B,player,player,1820,1820,1451,1820,1451
coco_0.30,associated,video_000/clip_007,X1,non_player,off_court,352,352,0,352,0
coco_0.30,associated,video_000/clip_007,X2,non_player,nonperson,195,195,0,195,0
coco_0.30,dwell,video_001/clip_001,A,player,player,3900,3900,3900,3900,3900
coco_0.30,dwell,video_001/clip_001,B,player,player,3724,3724,3232,3724,3232
coco_0.30,dwell,video_001/clip_001,X1,non_player,off_court,2074,2074,253,2074,253
coco_0.30,dwell,video_001/clip_001,X2,non_player,adjacent_court,216,216,0,216,0
coco_0.30,dwell,video_001/clip_001,X3,non_player,nonperson,1198,1198,0,1198,0
coco_0.30,dwell,video_001/clip_001,X4,non_player,off_court,54,54,0,54,0
coco_0.30,dwell,video_002/clip_013,A,player,player,1604,1604,1604,1604,1604
coco_0.30,dwell,video_002/clip_013,B,player,player,1589,1589,1589,1589,1589
coco_0.30,dwell,video_002/clip_013,X1,non_player,nonperson,186,186,0,186,0
coco_0.30,associated,video_002/clip_013,A,player,player,1604,1604,1604,1604,1604
coco_0.30,associated,video_002/clip_013,B,player,player,1589,1589,1554,1589,1554
coco_0.30,associated,video_002/clip_013,X1,non_player,nonperson,186,186,0,186,0
union_0.30,dwell,video_000/clip_000,A,player,player,3030,3030,3030,3026,3026
union_0.30,dwell,video_000/clip_000,B,player,player,2936,2936,2573,2932,2559
union_0.30,dwell,video_000/clip_000,X1,non_player,adjacent_court,179,179,173,177,173
union_0.30,associated,video_000/clip_000,A,player,player,3030,3030,3030,3026,3026
union_0.30,associated,video_000/clip_000,B,player,player,2936,2936,2573,2932,2559
union_0.30,associated,video_000/clip_000,X1,non_player,adjacent_court,179,179,0,177,0
union_0.30,dwell,video_000/clip_007,A,player,player,1955,1955,1883,1953,1865
union_0.30,dwell,video_000/clip_007,B,player,player,1820,1820,1657,1816,1653
union_0.30,dwell,video_000/clip_007,X1,non_player,off_court,352,352,224,352,224
union_0.30,dwell,video_000/clip_007,X2,non_player,nonperson,195,195,0,195,0
union_0.30,dwell,video_001/clip_001,A,player,player,3900,3900,3900,3900,3900
union_0.30,dwell,video_001/clip_001,B,player,player,3724,3720,3188,3714,3182
union_0.30,dwell,video_001/clip_001,X1,non_player,off_court,2074,2069,8,2069,5
union_0.30,dwell,video_001/clip_001,X2,non_player,adjacent_court,216,216,216,216,216
union_0.30,dwell,video_001/clip_001,X3,non_player,nonperson,1198,1198,0,1198,0
union_0.30,dwell,video_001/clip_001,X4,non_player,off_court,54,54,0,54,0
union_0.30,associated,video_001/clip_001,A,player,player,3900,3900,3900,3900,3900
union_0.30,associated,video_001/clip_001,B,player,player,3724,3720,3188,3714,3182
union_0.30,associated,video_001/clip_001,X1,non_player,off_court,2074,2069,8,2069,5
union_0.30,associated,video_001/clip_001,X2,non_player,adjacent_court,216,216,0,216,0
union_0.30,associated,video_001/clip_001,X3,non_player,nonperson,1198,1198,0,1198,0
union_0.30,associated,video_001/clip_001,X4,non_player,off_court,54,54,0,54,0
union_0.30,dwell,video_002/clip_013,A,player,player,1604,1604,1604,1601,1601
union_0.30,dwell,video_002/clip_013,B,player,player,1589,1589,1531,1580,1476
union_0.30,dwell,video_002/clip_013,X1,non_player,nonperson,186,186,0,186,0
union_0.30,associated,video_002/clip_013,A,player,player,1604,1604,1604,1601,1601
union_0.30,associated,video_002/clip_013,B,player,player,1589,1589,1531,1580,1476
union_0.30,associated,video_002/clip_013,X1,non_player,nonperson,186,186,0,186,0
old_pipeline,dwell,video_000/clip_000,A,player,player,3030,3030,3030,3030,3030
old_pipeline,dwell,video_000/clip_000,B,player,player,2936,2936,2936,2936,2936
old_pipeline,dwell,video_000/clip_000,X1,non_player,adjacent_court,179,179,0,179,0
old_pipeline,associated,video_000/clip_000,A,player,player,3030,3030,3030,3030,3030
old_pipeline,associated,video_000/clip_000,B,player,player,2936,2936,2936,2936,2936
old_pipeline,associated,video_000/clip_000,X1,non_player,adjacent_court,179,179,0,179,0
old_pipeline,dwell,video_000/clip_007,A,player,player,1955,1955,1950,1955,1950
old_pipeline,dwell,video_000/clip_007,B,player,player,1820,1820,1657,1820,1657
old_pipeline,dwell,video_000/clip_007,X1,non_player,off_court,352,352,212,352,212
old_pipeline,dwell,video_000/clip_007,X2,non_player,nonperson,195,195,0,195,0
old_pipeline,associated,video_000/clip_007,A,player,player,1955,1955,1950,1955,1950
old_pipeline,associated,video_000/clip_007,B,player,player,1820,1820,1647,1820,1647
old_pipeline,associated,video_000/clip_007,X1,non_player,off_court,352,352,0,352,0
old_pipeline,associated,video_000/clip_007,X2,non_player,nonperson,195,195,0,195,0
old_pipeline,dwell,video_001/clip_001,A,player,player,3900,3900,3900,3900,3900
old_pipeline,dwell,video_001/clip_001,B,player,player,3724,3724,3527,3724,3527
old_pipeline,dwell,video_001/clip_001,X1,non_player,off_court,2074,2074,187,2074,187
old_pipeline,dwell,video_001/clip_001,X2,non_player,adjacent_court,216,216,0,216,0
old_pipeline,dwell,video_001/clip_001,X3,non_player,nonperson,1198,1198,0,1198,0
old_pipeline,dwell,video_001/clip_001,X4,non_player,off_court,54,54,0,54,0
old_pipeline,associated,video_001/clip_001,A,player,player,3900,3900,3900,3900,3900
old_pipeline,associated,video_001/clip_001,B,player,player,3724,3724,3527,3724,3527
old_pipeline,associated,video_001/clip_001,X1,non_player,off_court,2074,2074,0,2074,0
old_pipeline,associated,video_001/clip_001,X2,non_player,adjacent_court,216,216,0,216,0
old_pipeline,associated,video_001/clip_001,X3,non_player,nonperson,1198,1198,0,1198,0
old_pipeline,associated,video_001/clip_001,X4,non_player,off_court,54,54,0,54,0
old_pipeline,dwell,video_002/clip_013,A,player,player,1604,1604,1604,1604,1604
old_pipeline,dwell,video_002/clip_013,B,player,player,1589,1589,1589,1589,1589
old_pipeline,dwell,video_002/clip_013,X1,non_player,nonperson,186,186,0,186,0
old_pipeline,associated,video_002/clip_013,A,player,player,1604,1604,1604,1604,1604
old_pipeline,associated,video_002/clip_013,B,player,player,1589,1589,1555,1589,1555
old_pipeline,associated,video_002/clip_013,X1,non_player,nonperson,186,186,0,186,0
