source,stage,clip,camera,player_units,player_tracked_03,player_kept_03,player_excluded_03,player_rejected_among_tracked_03,player_identities,player_identities_kept50_03,player_identities_rejected_all_03,player_tracked_05,player_kept_05,player_excluded_05,player_rejected_among_tracked_05,player_identities_kept50_05,player_identities_rejected_all_05,non_player_units,non_player_tracked_03,non_player_kept_03,non_player_excluded_03,non_player_rejected_among_tracked_03,non_player_identities,non_player_identities_kept50_03,non_player_identities_rejected_all_03,non_player_tracked_05,non_player_kept_05,non_player_excluded_05,non_player_rejected_among_tracked_05,non_player_identities_kept50_05,non_player_identities_rejected_all_05,adjacent_court_units,adjacent_court_tracked_03,adjacent_court_kept_03,adjacent_court_excluded_03,adjacent_court_rejected_among_tracked_03,adjacent_court_identities,adjacent_court_identities_kept50_03,adjacent_court_identities_rejected_all_03,adjacent_court_tracked_05,adjacent_court_kept_05,adjacent_court_excluded_05,adjacent_court_rejected_among_tracked_05,adjacent_court_identities_kept50_05,adjacent_court_identities_rejected_all_05,off_court_units,off_court_tracked_03,off_court_kept_03,off_court_excluded_03,off_court_rejected_among_tracked_03,off_court_identities,off_court_identities_kept50_03,off_court_identities_rejected_all_03,off_court_tracked_05,off_court_kept_05,off_court_excluded_05,off_court_rejected_among_tracked_05,off_court_identities_kept50_05,off_court_identities_rejected_all_05,nonperson_units,nonperson_tracked_03,nonperson_kept_03,nonperson_excluded_03,nonperson_rejected_among_tracked_03,nonperson_identities,nonperson_identities_kept50_03,nonperson_identities_rejected_all_03,nonperson_tracked_05,nonperson_kept_05,nonperson_excluded_05,nonperson_rejected_among_tracked_05,nonperson_identities_kept50_05,nonperson_identities_rejected_all_05,cam0_far_reference_frames,cam0_far_covered_03,cam0_far_covered_05,cam1_far_reference_frames,cam1_far_covered_03,cam1_far_covered_05,cam2_far_reference_frames,cam2_far_covered_03,cam2_far_covered_05
ft_base_0.01,dwell,video_000/clip_000,cam0,1941,1933,1658,283,275,2,2,0,1916,1655,286,261,2,0,179,179,179,0,0,1,1,0,129,129,50,0,1,0,179,179,179,0,0,1,1,0,129,129,50,0,1,0,0,0,0,0,0,0,0,0,0,0,0,0,0,0,0,0,0,0,0,0,0,0,0,0,0,0,0,0,931,649,648,0,0,0,0,0,0
ft_base_0.01,dwell,video_000/clip_000,cam1,2005,1999,1928,77,71,2,2,0,1955,1842,163,113,2,0,0,0,0,0,0,0,0,0,0,0,0,0,0,0,0,0,0,0,0,0,0,0,0,0,0,0,0,0,0,0,0,0,0,0,0,0,0,0,0,0,0,0,0,0,0,0,0,0,0,0,0,0,0,0,0,0,0,0,0,995,918,832,0,0,0
ft_base_0.01,dwell,video_000/clip_000,cam2,2020,2020,2019,1,1,2,2,0,2017,2016,4,1,2,0,0,0,0,0,0,0,0,0,0,0,0,0,0,0,0,0,0,0,0,0,0,0,0,0,0,0,0,0,0,0,0,0,0,0,0,0,0,0,0,0,0,0,0,0,0,0,0,0,0,0,0,0,0,0,0,0,0,0,0,0,0,0,1010,1009,1006
ft_base_0.01,dwell,video_000/clip_007,cam0,1202,1183,1182,20,1,2,2,0,1156,1154,48,2,2,0,224,224,224,0,0,1,1,0,224,224,0,0,1,0,0,0,0,0,0,0,0,0,0,0,0,0,0,0,224,224,224,0,0,1,1,0,224,224,0,0,1,0,0,0,0,0,0,0,0,0,0,0,0,0,0,0,550,530,502,0,0,0,0,0,0
ft_base_0.01,dwell,video_000/clip_007,cam1,1304,1295,1168,136,127,2,2,0,1277,1150,154,127,2,0,78,78,0,78,78,1,0,1,78,0,78,78,0,1,0,0,0,0,0,0,0,0,0,0,0,0,0,0,78,78,0,78,78,1,0,1,78,0,78,78,0,1,0,0,0,0,0,0,0,0,0,0,0,0,0,0,0,0,0,652,517,499,0,0,0
ft_base_0.01,dwell,video_000/clip_007,cam2,1269,1268,1188,81,80,2,2,0,1248,1168,101,80,2,0,245,75,0,245,75,2,0,2,75,0,245,75,0,2,0,0,0,0,0,0,0,0,0,0,0,0,0,0,50,50,0,50,50,1,0,1,50,0,50,50,0,1,195,25,0,195,25,1,0,1,25,0,195,25,0,1,0,0,0,0,0,0,617,536,518
ft_base_0.01,dwell,video_001/clip_001,cam0,2565,2329,1360,1205,969,2,1,0,2129,1254,1311,875,1,0,1131,918,557,574,361,2,1,0,719,505,626,214,1,0,216,216,216,0,0,1,1,0,216,216,0,0,1,0,915,702,341,574,361,1,0,0,503,289,626,214,0,0,0,0,0,0,0,0,0,0,0,0,0,0,0,0,1265,173,67,0,0,0,0,0,0
ft_base_0.01,dwell,video_001/clip_001,cam1,2553,2538,2188,365,350,2,2,0,2498,2186,367,312,2,0,1159,775,0,1159,775,1,0,1,756,0,1159,756,0,1,0,0,0,0,0,0,0,0,0,0,0,0,0,0,1159,775,0,1159,775,1,0,1,756,0,1159,756,0,1,0,0,0,0,0,0,0,0,0,0,0,0,0,0,0,0,0,1253,890,888,0,0,0
ft_base_0.01,dwell,video_001/clip_001,cam2,2506,2506,2120,386,386,2,2,0,2504,2118,388,386,2,0,1252,553,0,1252,553,2,0,2,524,0,1252,524,0,2,0,0,0,0,0,0,0,0,0,0,0,0,0,0,54,29,0,54,29,1,0,1,0,0,54,0,0,1,1198,524,0,1198,524,1,0,1,524,0,1198,524,0,1,0,0,0,0,0,0,1206,1206,1206
ft_base_0.01,associated,video_001/clip_001,cam0,2565,2329,1360,1205,969,2,1,0,2129,1254,1311,875,1,0,1131,918,0,1131,918,2,0,2,719,0,1131,719,0,2,216,216,0,216,216,1,0,1,216,0,216,216,0,1,915,702,0,915,702,1,0,1,503,0,915,503,0,1,0,0,0,0,0,0,0,0,0,0,0,0,0,0,1265,173,67,0,0,0,0,0,0
ft_base_0.01,associated,video_001/clip_001,cam1,2553,2538,2188,365,350,2,2,0,2498,2186,367,312,2,0,1159,775,0,1159,775,1,0,1,756,0,1159,756,0,1,0,0,0,0,0,0,0,0,0,0,0,0,0,0,1159,775,0,1159,775,1,0,1,756,0,1159,756,0,1,0,0,0,0,0,0,0,0,0,0,0,0,0,0,0,0,0,1253,890,888,0,0,0
ft_base_0.01,associated,video_001/clip_001,cam2,2506,2506,2120,386,386,2,2,0,2504,2118,388,386,2,0,1252,553,0,1252,553,2,0,2,524,0,1252,524,0,2,0,0,0,0,0,0,0,0,0,0,0,0,0,0,54,29,0,54,29,1,0,1,0,0,54,0,0,1,1198,524,0,1198,524,1,0,1,524,0,1198,524,0,1,0,0,0,0,0,0,1206,1206,1206
ft_base_0.01,dwell,video_002/clip_013,cam0,1059,1042,1035,24,7,2,2,0,1042,1035,24,7,2,0,0,0,0,0,0,0,0,0,0,0,0,0,0,0,0,0,0,0,0,0,0,0,0,0,0,0,0,0,0,0,0,0,0,0,0,0,0,0,0,0,0,0,0,0,0,0,0,0,0,0,0,0,0,0,0,0,524,507,507,0,0,0,0,0,0
ft_base_0.01,dwell,video_002/clip_013,cam1,1065,1064,1033,32,31,2,2,0,993,966,99,27,2,0,0,0,0,0,0,0,0,0,0,0,0,0,0,0,0,0,0,0,0,0,0,0,0,0,0,0,0,0,0,0,0,0,0,0,0,0,0,0,0,0,0,0,0,0,0,0,0,0,0,0,0,0,0,0,0,0,0,0,0,530,498,431,0,0,0
ft_base_0.01,dwell,video_002/clip_013,cam2,1069,1069,1069,0,0,2,2,0,1066,1066,3,0,2,0,186,55,0,186,55,1,0,1,52,0,186,52,0,1,0,0,0,0,0,0,0,0,0,0,0,0,0,0,0,0,0,0,0,0,0,0,0,0,0,0,0,0,186,55,0,186,55,1,0,1,52,0,186,52,0,1,0,0,0,0,0,0,534,534,531
ft_base_0.01,associated,video_002/clip_013,cam0,1059,1042,1033,26,9,2,2,0,1042,1031,28,11,2,0,0,0,0,0,0,0,0,0,0,0,0,0,0,0,0,0,0,0,0,0,0,0,0,0,0,0,0,0,0,0,0,0,0,0,0,0,0,0,0,0,0,0,0,0,0,0,0,0,0,0,0,0,0,0,0,0,524,505,503,0,0,0,0,0,0
ft_base_0.01,associated,video_002/clip_013,cam1,1065,1064,1033,32,31,2,2,0,993,961,104,32,2,0,0,0,0,0,0,0,0,0,0,0,0,0,0,0,0,0,0,0,0,0,0,0,0,0,0,0,0,0,0,0,0,0,0,0,0,0,0,0,0,0,0,0,0,0,0,0,0,0,0,0,0,0,0,0,0,0,0,0,0,530,498,426,0,0,0
ft_base_0.01,associated,video_002/clip_013,cam2,1069,1069,1069,0,0,2,2,0,1066,1066,3,0,2,0,186,55,0,186,55,1,0,1,52,0,186,52,0,1,0,0,0,0,0,0,0,0,0,0,0,0,0,0,0,0,0,0,0,0,0,0,0,0,0,0,0,0,186,55,0,186,55,1,0,1,52,0,186,52,0,1,0,0,0,0,0,0,534,534,531
coco_0.30,dwell,video_000/clip_000,cam0,1941,1941,1714,227,227,2,2,0,1941,1714,227,227,2,0,179,179,0,179,179,1,0,1,179,0,179,179,0,1,179,179,0,179,179,1,0,1,179,0,179,179,0,1,0,0,0,0,0,0,0,0,0,0,0,0,0,0,0,0,0,0,0,0,0,0,0,0,0,0,0,0,931,704,704,0,0,0,0,0,0
coco_0.30,dwell,video_000/clip_000,cam1,2005,2005,2005,0,0,2,2,0,2005,2005,0,0,2,0,0,0,0,0,0,0,0,0,0,0,0,0,0,0,0,0,0,0,0,0,0,0,0,0,0,0,0,0,0,0,0,0,0,0,0,0,0,0,0,0,0,0,0,0,0,0,0,0,0,0,0,0,0,0,0,0,0,0,0,995,995,995,0,0,0
coco_0.30,dwell,video_000/clip_000,cam2,2020,2020,1935,85,85,2,2,0,2019,1934,86,85,2,0,0,0,0,0,0,0,0,0,0,0,0,0,0,0,0,0,0,0,0,0,0,0,0,0,0,0,0,0,0,0,0,0,0,0,0,0,0,0,0,0,0,0,0,0,0,0,0,0,0,0,0,0,0,0,0,0,0,0,0,0,0,0,1010,925,924
coco_0.30,associated,video_000/clip_000,cam0,1941,1941,1714,227,227,2,2,0,1941,1714,227,227,2,0,179,179,0,179,179,1,0,1,179,0,179,179,0,1,179,179,0,179,179,1,0,1,179,0,179,179,0,1,0,0,0,0,0,0,0,0,0,0,0,0,0,0,0,0,0,0,0,0,0,0,0,0,0,0,0,0,931,704,704,0,0,0,0,0,0
coco_0.30,associated,video_000/clip_000,cam1,2005,2005,2005,0,0,2,2,0,2005,2005,0,0,2,0,0,0,0,0,0,0,0,0,0,0,0,0,0,0,0,0,0,0,0,0,0,0,0,0,0,0,0,0,0,0,0,0,0,0,0,0,0,0,0,0,0,0,0,0,0,0,0,0,0,0,0,0,0,0,0,0,0,0,0,995,995,995,0,0,0
coco_0.30,associated,video_000/clip_000,cam2,2020,2020,1935,85,85,2,2,0,2019,1934,86,85,2,0,0,0,0,0,0,0,0,0,0,0,0,0,0,0,0,0,0,0,0,0,0,0,0,0,0,0,0,0,0,0,0,0,0,0,0,0,0,0,0,0,0,0,0,0,0,0,0,0,0,0,0,0,0,0,0,0,0,0,0,0,0,0,1010,925,924
coco_0.30,dwell,video_000/clip_007,cam0,1202,1202,1039,163,163,2,2,0,1202,1039,163,163,2,0,224,224,212,12,12,1,1,0,224,212,12,12,1,0,0,0,0,0,0,0,0,0,0,0,0,0,0,0,224,224,212,12,12,1,1,0,224,212,12,12,1,0,0,0,0,0,0,0,0,0,0,0,0,0,0,0,550,387,387,0,0,0,0,0,0
coco_0.30,dwell,video_000/clip_007,cam1,1304,1304,1136,168,168,2,2,0,1304,1136,168,168,2,0,78,78,0,78,78,1,0,1,78,0,78,78,0,1,0,0,0,0,0,0,0,0,0,0,0,0,0,0,78,78,0,78,78,1,0,1,78,0,78,78,0,1,0,0,0,0,0,0,0,0,0,0,0,0,0,0,0,0,0,652,484,484,0,0,0
coco_0.30,dwell,video_000/clip_007,cam2,1269,1269,1264,5,5,2,2,0,1269,1264,5,5,2,0,245,245,0,245,245,2,0,2,245,0,245,245,0,2,0,0,0,0,0,0,0,0,0,0,0,0,0,0,50,50,0,50,50,1,0,1,50,0,50,50,0,1,195,195,0,195,195,1,0,1,195,0,195,195,0,1,0,0,0,0,0,0,617,612,612
coco_0.30,associated,video_000/clip_007,cam0,1202,1202,1039,163,163,2,2,0,1202,1039,163,163,2,0,224,224,0,224,224,1,0,1,224,0,224,224,0,1,0,0,0,0,0,0,0,0,0,0,0,0,0,0,224,224,0,224,224,1,0,1,224,0,224,224,0,1,0,0,0,0,0,0,0,0,0,0,0,0,0,0,550,387,387,0,0,0,0,0,0
coco_0.30,associated,video_000/clip_007,cam1,1304,1304,1098,206,206,2,2,0,1304,1098,206,206,2,0,78,78,0,78,78,1,0,1,78,0,78,78,0,1,0,0,0,0,0,0,0,0,0,0,0,0,0,0,78,78,0,78,78,1,0,1,78,0,78,78,0,1,0,0,0,0,0,0,0,0,0,0,0,0,0,0,0,0,0,652,446,446,0,0,0
coco_0.30,associated,video_000/clip_007,cam2,1269,1269,1264,5,5,2,2,0,1269,1264,5,5,2,0,245,245,0,245,245,2,0,2,245,0,245,245,0,2,0,0,0,0,0,0,0,0,0,0,0,0,0,0,50,50,0,50,50,1,0,1,50,0,50,50,0,1,195,195,0,195,195,1,0,1,195,0,195,195,0,1,0,0,0,0,0,0,617,612,612
coco_0.30,dwell,video_001/clip_001,cam0,2565,2565,2565,0,0,2,2,0,2565,2565,0,0,2,0,1131,1131,187,944,944,2,0,1,1131,187,944,944,0,1,216,216,0,216,216,1,0,1,216,0,216,216,0,1,915,915,187,728,728,1,0,0,915,187,728,728,0,0,0,0,0,0,0,0,0,0,0,0,0,0,0,0,1265,1265,1265,0,0,0,0,0,0
coco_0.30,dwell,video_001/clip_001,cam1,2553,2553,2258,295,295,2,2,0,2553,2258,295,295,2,0,1159,1159,66,1093,1093,1,0,0,1159,66,1093,1093,0,0,0,0,0,0,0,0,0,0,0,0,0,0,0,0,1159,1159,66,1093,1093,1,0,0,1159,66,1093,1093,0,0,0,0,0,0,0,0,0,0,0,0,0,0,0,0,0,0,0,1253,958,958,0,0,0
coco_0.30,dwell,video_001/clip_001,cam2,2506,2506,2309,197,197,2,2,0,2506,2309,197,197,2,0,1252,1252,0,1252,1252,2,0,2,1252,0,1252,1252,0,2,0,0,0,0,0,0,0,0,0,0,0,0,0,0,54,54,0,54,54,1,0,1,54,0,54,54,0,1,1198,1198,0,1198,1198,1,0,1,1198,0,1198,1198,0,1,0,0,0,0,0,0,1206,1206,1206
coco_0.30,dwell,video_002/clip_013,cam0,1059,1059,1059,0,0,2,2,0,1059,1059,0,0,2,0,0,0,0,0,0,0,0,0,0,0,0,0,0,0,0,0,0,0,0,0,0,0,0,0,0,0,0,0,0,0,0,0,0,0,0,0,0,0,0,0,0,0,0,0,0,0,0,0,0,0,0,0,0,0,0,0,524,524,524,0,0,0,0,0,0
coco_0.30,dwell,video_002/clip_013,cam1,1065,1065,1065,0,0,2,2,0,1065,1065,0,0,2,0,0,0,0,0,0,0,0,0,0,0,0,0,0,0,0,0,0,0,0,0,0,0,0,0,0,0,0,0,0,0,0,0,0,0,0,0,0,0,0,0,0,0,0,0,0,0,0,0,0,0,0,0,0,0,0,0,0,0,0,530,530,530,0,0,0
coco_0.30,dwell,video_002/clip_013,cam2,1069,1069,1069,0,0,2,2,0,1069,1069,0,0,2,0,186,186,0,186,186,1,0,1,186,0,186,186,0,1,0,0,0,0,0,0,0,0,0,0,0,0,0,0,0,0,0,0,0,0,0,0,0,0,0,0,0,0,186,186,0,186,186,1,0,1,186,0,186,186,0,1,0,0,0,0,0,0,534,534,534
coco_0.30,associated,video_002/clip_013,cam0,1059,1059,1059,0,0,2,2,0,1059,1059,0,0,2,0,0,0,0,0,0,0,0,0,0,0,0,0,0,0,0,0,0,0,0,0,0,0,0,0,0,0,0,0,0,0,0,0,0,0,0,0,0,0,0,0,0,0,0,0,0,0,0,0,0,0,0,0,0,0,0,0,524,524,524,0,0,0,0,0,0
coco_0.30,associated,video_002/clip_013,cam1,1065,1065,1030,35,35,2,2,0,1065,1030,35,35,2,0,0,0,0,0,0,0,0,0,0,0,0,0,0,0,0,0,0,0,0,0,0,0,0,0,0,0,0,0,0,0,0,0,0,0,0,0,0,0,0,0,0,0,0,0,0,0,0,0,0,0,0,0,0,0,0,0,0,0,0,530,495,495,0,0,0
coco_0.30,associated,video_002/clip_013,cam2,1069,1069,1069,0,0,2,2,0,1069,1069,0,0,2,0,186,186,0,186,186,1,0,1,186,0,186,186,0,1,0,0,0,0,0,0,0,0,0,0,0,0,0,0,0,0,0,0,0,0,0,0,0,0,0,0,0,0,186,186,0,186,186,1,0,1,186,0,186,186,0,1,0,0,0,0,0,0,534,534,534
union_0.30,dwell,video_000/clip_000,cam0,1941,1941,1714,227,227,2,2,0,1940,1713,228,227,2,0,179,179,173,6,6,1,1,0,177,173,6,4,1,0,179,179,173,6,6,1,1,0,177,173,6,4,1,0,0,0,0,0,0,0,0,0,0,0,0,0,0,0,0,0,0,0,0,0,0,0,0,0,0,0,0,0,931,704,704,0,0,0,0,0,0
union_0.30,dwell,video_000/clip_000,cam1,2005,2005,1869,136,136,2,2,0,2001,1855,150,146,2,0,0,0,0,0,0,0,0,0,0,0,0,0,0,0,0,0,0,0,0,0,0,0,0,0,0,0,0,0,0,0,0,0,0,0,0,0,0,0,0,0,0,0,0,0,0,0,0,0,0,0,0,0,0,0,0,0,0,0,0,995,859,845,0,0,0
union_0.30,dwell,video_000/clip_000,cam2,2020,2020,2020,0,0,2,2,0,2017,2017,3,0,2,0,0,0,0,0,0,0,0,0,0,0,0,0,0,0,0,0,0,0,0,0,0,0,0,0,0,0,0,0,0,0,0,0,0,0,0,0,0,0,0,0,0,0,0,0,0,0,0,0,0,0,0,0,0,0,0,0,0,0,0,0,0,0,1010,1010,1007
union_0.30,associated,video_000/clip_000,cam0,1941,1941,1714,227,227,2,2,0,1940,1713,228,227,2,0,179,179,0,179,179,1,0,1,177,0,179,177,0,1,179,179,0,179,179,1,0,1,177,0,179,177,0,1,0,0,0,0,0,0,0,0,0,0,0,0,0,0,0,0,0,0,0,0,0,0,0,0,0,0,0,0,931,704,704,0,0,0,0,0,0
union_0.30,associated,video_000/clip_000,cam1,2005,2005,1869,136,136,2,2,0,2001,1855,150,146,2,0,0,0,0,0,0,0,0,0,0,0,0,0,0,0,0,0,0,0,0,0,0,0,0,0,0,0,0,0,0,0,0,0,0,0,0,0,0,0,0,0,0,0,0,0,0,0,0,0,0,0,0,0,0,0,0,0,0,0,0,995,859,845,0,0,0
union_0.30,associated,video_000/clip_000,cam2,2020,2020,2020,0,0,2,2,0,2017,2017,3,0,2,0,0,0,0,0,0,0,0,0,0,0,0,0,0,0,0,0,0,0,0,0,0,0,0,0,0,0,0,0,0,0,0,0,0,0,0,0,0,0,0,0,0,0,0,0,0,0,0,0,0,0,0,0,0,0,0,0,0,0,0,0,0,0,1010,1010,1007
union_0.30,dwell,video_000/clip_007,cam0,1202,1202,1039,163,163,2,2,0,1202,1039,163,163,2,0,224,224,224,0,0,1,1,0,224,224,0,0,1,0,0,0,0,0,0,0,0,0,0,0,0,0,0,0,224,224,224,0,0,1,1,0,224,224,0,0,1,0,0,0,0,0,0,0,0,0,0,0,0,0,0,0,550,387,387,0,0,0,0,0,0
union_0.30,dwell,video_000/clip_007,cam1,1304,1304,1304,0,0,2,2,0,1300,1300,4,0,2,0,78,78,0,78,78,1,0,1,78,0,78,78,0,1,0,0,0,0,0,0,0,0,0,0,0,0,0,0,78,78,0,78,78,1,0,1,78,0,78,78,0,1,0,0,0,0,0,0,0,0,0,0,0,0,0,0,0,0,0,652,652,648,0,0,0
union_0.30,dwell,video_000/clip_007,cam2,1269,1269,1197,72,72,2,2,0,1267,1179,90,88,2,0,245,245,0,245,245,2,0,2,245,0,245,245,0,2,0,0,0,0,0,0,0,0,0,0,0,0,0,0,50,50,0,50,50,1,0,1,50,0,50,50,0,1,195,195,0,195,195,1,0,1,195,0,195,195,0,1,0,0,0,0,0,0,617,545,527
union_0.30,dwell,video_001/clip_001,cam0,2565,2563,2517,48,46,2,2,0,2563,2517,48,46,2,0,1131,1130,216,915,914,2,1,1,1130,216,915,914,1,1,216,216,216,0,0,1,1,0,216,216,0,0,1,0,915,914,0,915,914,1,0,1,914,0,915,914,0,1,0,0,0,0,0,0,0,0,0,0,0,0,0,0,1265,1217,1217,0,0,0,0,0,0
union_0.30,dwell,video_001/clip_001,cam1,2553,2551,2251,302,300,2,2,0,2545,2246,307,299,2,0,1159,1155,8,1151,1147,1,0,0,1155,5,1154,1150,0,0,0,0,0,0,0,0,0,0,0,0,0,0,0,0,1159,1155,8,1151,1147,1,0,0,1155,5,1154,1150,0,0,0,0,0,0,0,0,0,0,0,0,0,0,0,0,0,0,0,1253,951,946,0,0,0
union_0.30,dwell,video_001/clip_001,cam2,2506,2506,2320,186,186,2,2,0,2506,2319,187,187,2,0,1252,1252,0,1252,1252,2,0,2,1252,0,1252,1252,0,2,0,0,0,0,0,0,0,0,0,0,0,0,0,0,54,54,0,54,54,1,0,1,54,0,54,54,0,1,1198,1198,0,1198,1198,1,0,1,1198,0,1198,1198,0,1,0,0,0,0,0,0,1206,1206,1206
union_0.30,associated,video_001/clip_001,cam0,2565,2563,2517,48,46,2,2,0,2563,2517,48,46,2,0,1131,1130,0,1131,1130,2,0,2,1130,0,1131,1130,0,2,216,216,0,216,216,1,0,1,216,0,216,216,0,1,915,914,0,915,914,1,0,1,914,0,915,914,0,1,0,0,0,0,0,0,0,0,0,0,0,0,0,0,1265,1217,1217,0,0,0,0,0,0
union_0.30,associated,video_001/clip_001,cam1,2553,2551,2251,302,300,2,2,0,2545,2246,307,299,2,0,1159,1155,8,1151,1147,1,0,0,1155,5,1154,1150,0,0,0,0,0,0,0,0,0,0,0,0,0,0,0,0,1159,1155,8,1151,1147,1,0,0,1155,5,1154,1150,0,0,0,0,0,0,0,0,0,0,0,0,0,0,0,0,0,0,0,1253,951,946,0,0,0
union_0.30,associated,video_001/clip_001,cam2,2506,2506,2320,186,186,2,2,0,2506,2319,187,187,2,0,1252,1252,0,1252,1252,2,0,2,1252,0,1252,1252,0,2,0,0,0,0,0,0,0,0,0,0,0,0,0,0,54,54,0,54,54,1,0,1,54,0,54,54,0,1,1198,1198,0,1198,1198,1,0,1,1198,0,1198,1198,0,1,0,0,0,0,0,0,1206,1206,1206
union_0.30,dwell,video_002/clip_013,cam0,1059,1059,1059,0,0,2,2,0,1059,1059,0,0,2,0,0,0,0,0,0,0,0,0,0,0,0,0,0,0,0,0,0,0,0,0,0,0,0,0,0,0,0,0,0,0,0,0,0,0,0,0,0,0,0,0,0,0,0,0,0,0,0,0,0,0,0,0,0,0,0,0,524,524,524,0,0,0,0,0,0
union_0.30,dwell,video_002/clip_013,cam1,1065,1065,1007,58,58,2,2,0,1056,952,113,104,2,0,0,0,0,0,0,0,0,0,0,0,0,0,0,0,0,0,0,0,0,0,0,0,0,0,0,0,0,0,0,0,0,0,0,0,0,0,0,0,0,0,0,0,0,0,0,0,0,0,0,0,0,0,0,0,0,0,0,0,0,530,472,417,0,0,0
union_0.30,dwell,video_002/clip_013,cam2,1069,1069,1069,0,0,2,2,0,1066,1066,3,0,2,0,186,186,0,186,186,1,0,1,186,0,186,186,0,1,0,0,0,0,0,0,0,0,0,0,0,0,0,0,0,0,0,0,0,0,0,0,0,0,0,0,0,0,186,186,0,186,186,1,0,1,186,0,186,186,0,1,0,0,0,0,0,0,534,534,531
union_0.30,associated,video_002/clip_013,cam0,1059,1059,1059,0,0,2,2,0,1059,1059,0,0,2,0,0,0,0,0,0,0,0,0,0,0,0,0,0,0,0,0,0,0,0,0,0,0,0,0,0,0,0,0,0,0,0,0,0,0,0,0,0,0,0,0,0,0,0,0,0,0,0,0,0,0,0,0,0,0,0,0,524,524,524,0,0,0,0,0,0
union_0.30,associated,video_002/clip_013,cam1,1065,1065,1007,58,58,2,2,0,1056,952,113,104,2,0,0,0,0,0,0,0,0,0,0,0,0,0,0,0,0,0,0,0,0,0,0,0,0,0,0,0,0,0,0,0,0,0,0,0,0,0,0,0,0,0,0,0,0,0,0,0,0,0,0,0,0,0,0,0,0,0,0,0,0,530,472,417,0,0,0
union_0.30,associated,video_002/clip_013,cam2,1069,1069,1069,0,0,2,2,0,1066,1066,3,0,2,0,186,186,0,186,186,1,0,1,186,0,186,186,0,1,0,0,0,0,0,0,0,0,0,0,0,0,0,0,0,0,0,0,0,0,0,0,0,0,0,0,0,0,186,186,0,186,186,1,0,1,186,0,186,186,0,1,0,0,0,0,0,0,534,534,531
old_pipeline,dwell,video_000/clip_000,cam0,1941,1941,1941,0,0,2,2,0,1941,1941,0,0,2,0,179,179,0,179,179,1,0,1,179,0,179,179,0,1,179,179,0,179,179,1,0,1,179,0,179,179,0,1,0,0,0,0,0,0,0,0,0,0,0,0,0,0,0,0,0,0,0,0,0,0,0,0,0,0,0,0,931,931,931,0,0,0,0,0,0
old_pipeline,dwell,video_000/clip_000,cam1,2005,2005,2005,0,0,2,2,0,2005,2005,0,0,2,0,0,0,0,0,0,0,0,0,0,0,0,0,0,0,0,0,0,0,0,0,0,0,0,0,0,0,0,0,0,0,0,0,0,0,0,0,0,0,0,0,0,0,0,0,0,0,0,0,0,0,0,0,0,0,0,0,0,0,0,995,995,995,0,0,0
old_pipeline,dwell,video_000/clip_000,cam2,2020,2020,2020,0,0,2,2,0,2020,2020,0,0,2,0,0,0,0,0,0,0,0,0,0,0,0,0,0,0,0,0,0,0,0,0,0,0,0,0,0,0,0,0,0,0,0,0,0,0,0,0,0,0,0,0,0,0,0,0,0,0,0,0,0,0,0,0,0,0,0,0,0,0,0,0,0,0,1010,1010,1010
old_pipeline,associated,video_000/clip_000,cam0,1941,1941,1941,0,0,2,2,0,1941,1941,0,0,2,0,179,179,0,179,179,1,0,1,179,0,179,179,0,1,179,179,0,179,179,1,0,1,179,0,179,179,0,1,0,0,0,0,0,0,0,0,0,0,0,0,0,0,0,0,0,0,0,0,0,0,0,0,0,0,0,0,931,931,931,0,0,0,0,0,0
old_pipeline,associated,video_000/clip_000,cam1,2005,2005,2005,0,0,2,2,0,2005,2005,0,0,2,0,0,0,0,0,0,0,0,0,0,0,0,0,0,0,0,0,0,0,0,0,0,0,0,0,0,0,0,0,0,0,0,0,0,0,0,0,0,0,0,0,0,0,0,0,0,0,0,0,0,0,0,0,0,0,0,0,0,0,0,995,995,995,0,0,0
old_pipeline,associated,video_000/clip_000,cam2,2020,2020,2020,0,0,2,2,0,2020,2020,0,0,2,0,0,0,0,0,0,0,0,0,0,0,0,0,0,0,0,0,0,0,0,0,0,0,0,0,0,0,0,0,0,0,0,0,0,0,0,0,0,0,0,0,0,0,0,0,0,0,0,0,0,0,0,0,0,0,0,0,0,0,0,0,0,0,1010,1010,1010
old_pipeline,dwell,video_000/clip_007,cam0,1202,1202,1039,163,163,2,2,0,1202,1039,163,163,2,0,224,224,212,12,12,1,1,0,224,212,12,12,1,0,0,0,0,0,0,0,0,0,0,0,0,0,0,0,224,224,212,12,12,1,1,0,224,212,12,12,1,0,0,0,0,0,0,0,0,0,0,0,0,0,0,0,550,387,387,0,0,0,0,0,0
old_pipeline,dwell,video_000/clip_007,cam1,1304,1304,1304,0,0,2,2,0,1304,1304,0,0,2,0,78,78,0,78,78,1,0,1,78,0,78,78,0,1,0,0,0,0,0,0,0,0,0,0,0,0,0,0,78,78,0,78,78,1,0,1,78,0,78,78,0,1,0,0,0,0,0,0,0,0,0,0,0,0,0,0,0,0,0,652,652,652,0,0,0
old_pipeline,dwell,video_000/clip_007,cam2,1269,1269,1264,5,5,2,2,0,1269,1264,5,5,2,0,245,245,0,245,245,2,0,2,245,0,245,245,0,2,0,0,0,0,0,0,0,0,0,0,0,0,0,0,50,50,0,50,50,1,0,1,50,0,50,50,0,1,195,195,0,195,195,1,0,1,195,0,195,195,0,1,0,0,0,0,0,0,617,612,612
old_pipeline,associated,video_000/clip_007,cam0,1202,1202,1039,163,163,2,2,0,1202,1039,163,163,2,0,224,224,0,224,224,1,0,1,224,0,224,224,0,1,0,0,0,0,0,0,0,0,0,0,0,0,0,0,224,224,0,224,224,1,0,1,224,0,224,224,0,1,0,0,0,0,0,0,0,0,0,0,0,0,0,0,550,387,387,0,0,0,0,0,0
old_pipeline,associated,video_000/clip_007,cam1,1304,1304,1294,10,10,2,2,0,1304,1294,10,10,2,0,78,78,0,78,78,1,0,1,78,0,78,78,0,1,0,0,0,0,0,0,0,0,0,0,0,0,0,0,78,78,0,78,78,1,0,1,78,0,78,78,0,1,0,0,0,0,0,0,0,0,0,0,0,0,0,0,0,0,0,652,642,642,0,0,0
old_pipeline,associated,video_000/clip_007,cam2,1269,1269,1264,5,5,2,2,0,1269,1264,5,5,2,0,245,245,0,245,245,2,0,2,245,0,245,245,0,2,0,0,0,0,0,0,0,0,0,0,0,0,0,0,50,50,0,50,50,1,0,1,50,0,50,50,0,1,195,195,0,195,195,1,0,1,195,0,195,195,0,1,0,0,0,0,0,0,617,612,612
old_pipeline,dwell,video_001/clip_001,cam0,2565,2565,2565,0,0,2,2,0,2565,2565,0,0,2,0,1131,1131,187,944,944,2,0,1,1131,187,944,944,0,1,216,216,0,216,216,1,0,1,216,0,216,216,0,1,915,915,187,728,728,1,0,0,915,187,728,728,0,0,0,0,0,0,0,0,0,0,0,0,0,0,0,0,1265,1265,1265,0,0,0,0,0,0
old_pipeline,dwell,video_001/clip_001,cam1,2553,2553,2553,0,0,2,2,0,2553,2553,0,0,2,0,1159,1159,0,1159,1159,1,0,1,1159,0,1159,1159,0,1,0,0,0,0,0,0,0,0,0,0,0,0,0,0,1159,1159,0,1159,1159,1,0,1,1159,0,1159,1159,0,1,0,0,0,0,0,0,0,0,0,0,0,0,0,0,0,0,0,1253,1253,1253,0,0,0
old_pipeline,dwell,video_001/clip_001,cam2,2506,2506,2309,197,197,2,2,0,2506,2309,197,197,2,0,1252,1252,0,1252,1252,2,0,2,1252,0,1252,1252,0,2,0,0,0,0,0,0,0,0,0,0,0,0,0,0,54,54,0,54,54,1,0,1,54,0,54,54,0,1,1198,1198,0,1198,1198,1,0,1,1198,0,1198,1198,0,1,0,0,0,0,0,0,1206,1206,1206
old_pipeline,associated,video_001/clip_001,cam0,2565,2565,2565,0,0,2,2,0,2565,2565,0,0,2,0,1131,1131,0,1131,1131,2,0,2,1131,0,1131,1131,0,2,216,216,0,216,216,1,0,1,216,0,216,216,0,1,915,915,0,915,915,1,0,1,915,0,915,915,0,1,0,0,0,0,0,0,0,0,0,0,0,0,0,0,1265,1265,1265,0,0,0,0,0,0
old_pipeline,associated,video_001/clip_001,cam1,2553,2553,2553,0,0,2,2,0,2553,2553,0,0,2,0,1159,1159,0,1159,1159,1,0,1,1159,0,1159,1159,0,1,0,0,0,0,0,0,0,0,0,0,0,0,0,0,1159,1159,0,1159,1159,1,0,1,1159,0,1159,1159,0,1,0,0,0,0,0,0,0,0,0,0,0,0,0,0,0,0,0,1253,1253,1253,0,0,0
old_pipeline,associated,video_001/clip_001,cam2,2506,2506,2309,197,197,2,2,0,2506,2309,197,197,2,0,1252,1252,0,1252,1252,2,0,2,1252,0,1252,1252,0,2,0,0,0,0,0,0,0,0,0,0,0,0,0,0,54,54,0,54,54,1,0,1,54,0,54,54,0,1,1198,1198,0,1198,1198,1,0,1,1198,0,1198,1198,0,1,0,0,0,0,0,0,1206,1206,1206
old_pipeline,dwell,video_002/clip_013,cam0,1059,1059,1059,0,0,2,2,0,1059,1059,0,0,2,0,0,0,0,0,0,0,0,0,0,0,0,0,0,0,0,0,0,0,0,0,0,0,0,0,0,0,0,0,0,0,0,0,0,0,0,0,0,0,0,0,0,0,0,0,0,0,0,0,0,0,0,0,0,0,0,0,524,524,524,0,0,0,0,0,0
old_pipeline,dwell,video_002/clip_013,cam1,1065,1065,1065,0,0,2,2,0,1065,1065,0,0,2,0,0,0,0,0,0,0,0,0,0,0,0,0,0,0,0,0,0,0,0,0,0,0,0,0,0,0,0,0,0,0,0,0,0,0,0,0,0,0,0,0,0,0,0,0,0,0,0,0,0,0,0,0,0,0,0,0,0,0,0,530,530,530,0,0,0
old_pipeline,dwell,video_002/clip_013,cam2,1069,1069,1069,0,0,2,2,0,1069,1069,0,0,2,0,186,186,0,186,186,1,0,1,186,0,186,186,0,1,0,0,0,0,0,0,0,0,0,0,0,0,0,0,0,0,0,0,0,0,0,0,0,0,0,0,0,0,186,186,0,186,186,1,0,1,186,0,186,186,0,1,0,0,0,0,0,0,534,534,534
old_pipeline,associated,video_002/clip_013,cam0,1059,1059,1059,0,0,2,2,0,1059,1059,0,0,2,0,0,0,0,0,0,0,0,0,0,0,0,0,0,0,0,0,0,0,0,0,0,0,0,0,0,0,0,0,0,0,0,0,0,0,0,0,0,0,0,0,0,0,0,0,0,0,0,0,0,0,0,0,0,0,0,0,524,524,524,0,0,0,0,0,0
old_pipeline,associated,video_002/clip_013,cam1,1065,1065,1031,34,34,2,2,0,1065,1031,34,34,2,0,0,0,0,0,0,0,0,0,0,0,0,0,0,0,0,0,0,0,0,0,0,0,0,0,0,0,0,0,0,0,0,0,0,0,0,0,0,0,0,0,0,0,0,0,0,0,0,0,0,0,0,0,0,0,0,0,0,0,0,530,496,496,0,0,0
old_pipeline,associated,video_002/clip_013,cam2,1069,1069,1069,0,0,2,2,0,1069,1069,0,0,2,0,186,186,0,186,186,1,0,1,186,0,186,186,0,1,0,0,0,0,0,0,0,0,0,0,0,0,0,0,0,0,0,0,0,0,0,0,0,0,0,0,0,0,186,186,0,186,186,1,0,1,186,0,186,186,0,1,0,0,0,0,0,0,534,534,534
