source,stage,camera,near_far,player_units,player_tracked_03,player_kept_03,player_excluded_03,player_rejected_among_tracked_03,player_identities,player_identities_kept50_03,player_identities_rejected_all_03,player_tracked_05,player_kept_05,player_excluded_05,player_rejected_among_tracked_05,player_identities_kept50_05,player_identities_rejected_all_05,non_player_units,non_player_tracked_03,non_player_kept_03,non_player_excluded_03,non_player_rejected_among_tracked_03,non_player_identities,non_player_identities_kept50_03,non_player_identities_rejected_all_03,non_player_tracked_05,non_player_kept_05,non_player_excluded_05,non_player_rejected_among_tracked_05,non_player_identities_kept50_05,non_player_identities_rejected_all_05,adjacent_court_units,adjacent_court_tracked_03,adjacent_court_kept_03,adjacent_court_excluded_03,adjacent_court_rejected_among_tracked_03,adjacent_court_identities,adjacent_court_identities_kept50_03,adjacent_court_identities_rejected_all_03,adjacent_court_tracked_05,adjacent_court_kept_05,adjacent_court_excluded_05,adjacent_court_rejected_among_tracked_05,adjacent_court_identities_kept50_05,adjacent_court_identities_rejected_all_05,off_court_units,off_court_tracked_03,off_court_kept_03,off_court_excluded_03,off_court_rejected_among_tracked_03,off_court_identities,off_court_identities_kept50_03,off_court_identities_rejected_all_03,off_court_tracked_05,off_court_kept_05,off_court_excluded_05,off_court_rejected_among_tracked_05,off_court_identities_kept50_05,off_court_identities_rejected_all_05,nonperson_units,nonperson_tracked_03,nonperson_kept_03,nonperson_excluded_03,nonperson_rejected_among_tracked_03,nonperson_identities,nonperson_identities_kept50_03,nonperson_identities_rejected_all_03,nonperson_tracked_05,nonperson_kept_05,nonperson_excluded_05,nonperson_rejected_among_tracked_05,nonperson_identities_kept50_05,nonperson_identities_rejected_all_05,cam0_far_reference_frames,cam0_far_covered_03,cam0_far_covered_05,cam1_far_reference_frames,cam1_far_covered_03,cam1_far_covered_05,cam2_far_reference_frames,cam2_far_covered_03,cam2_far_covered_05
ft_base_0.01,old_rule,cam0,all,6767,6487,5235,1532,1252,8,7,0,6243,5098,1669,1145,7,0,1534,1321,960,574,361,4,3,0,1072,858,676,214,3,0,395,395,395,0,0,2,2,0,345,345,50,0,2,0,1139,926,565,574,361,2,1,0,727,513,626,214,1,0,0,0,0,0,0,0,0,0,0,0,0,0,0,0,3270,1859,1724,0,0,0,0,0,0
ft_base_0.01,old_rule,cam0,near,3270,3267,3149,121,118,4,4,0,3264,3147,123,117,4,0,561,561,561,0,0,3,3,0,511,511,50,0,3,0,381,381,381,0,0,2,2,0,331,331,50,0,2,0,180,180,180,0,0,1,1,0,180,180,0,0,1,0,0,0,0,0,0,0,0,0,0,0,0,0,0,0,0,0,0,0,0,0,0,0,0
ft_base_0.01,old_rule,cam0,far,3270,2993,1859,1411,1134,4,3,0,2752,1724,1546,1028,3,0,897,684,339,558,345,1,0,0,498,287,610,211,0,0,0,0,0,0,0,0,0,0,0,0,0,0,0,0,897,684,339,558,345,1,0,0,498,287,610,211,0,0,0,0,0,0,0,0,0,0,0,0,0,0,0,0,3270,1859,1724,0,0,0,0,0,0
ft_base_0.01,old_rule,cam0,unknown,227,227,227,0,0,4,4,0,227,227,0,0,4,0,76,76,60,16,16,4,3,0,63,60,16,3,3,0,14,14,14,0,0,2,2,0,14,14,0,0,2,0,62,62,46,16,16,2,1,0,49,46,16,3,1,0,0,0,0,0,0,0,0,0,0,0,0,0,0,0,0,0,0,0,0,0,0,0,0
ft_base_0.01,old_rule,cam1,all,6927,6896,6317,610,579,8,8,0,6723,6144,783,579,8,0,1237,853,0,1237,853,2,0,2,834,0,1237,834,0,2,0,0,0,0,0,0,0,0,0,0,0,0,0,0,1237,853,0,1237,853,2,0,2,834,0,1237,834,0,2,0,0,0,0,0,0,0,0,0,0,0,0,0,0,0,0,0,3430,2823,2650,0,0,0
ft_base_0.01,old_rule,cam1,near,3430,3427,3427,3,0,4,4,0,3427,3427,3,0,4,0,78,78,0,78,78,1,0,1,78,0,78,78,0,1,0,0,0,0,0,0,0,0,0,0,0,0,0,0,78,78,0,78,78,1,0,1,78,0,78,78,0,1,0,0,0,0,0,0,0,0,0,0,0,0,0,0,0,0,0,0,0,0,0,0,0
ft_base_0.01,old_rule,cam1,far,3430,3402,2823,607,579,4,4,0,3229,2650,780,579,4,0,1146,762,0,1146,762,1,0,1,745,0,1146,745,0,1,0,0,0,0,0,0,0,0,0,0,0,0,0,0,1146,762,0,1146,762,1,0,1,745,0,1146,745,0,1,0,0,0,0,0,0,0,0,0,0,0,0,0,0,0,0,0,3430,2823,2650,0,0,0
ft_base_0.01,old_rule,cam1,unknown,67,67,67,0,0,3,3,0,67,67,0,0,3,0,13,13,0,13,13,1,0,1,11,0,13,11,0,1,0,0,0,0,0,0,0,0,0,0,0,0,0,0,13,13,0,13,13,1,0,1,11,0,13,11,0,1,0,0,0,0,0,0,0,0,0,0,0,0,0,0,0,0,0,0,0,0,0,0,0
ft_base_0.01,old_rule,cam2,all,6864,6863,6396,468,467,8,8,0,6835,6368,496,467,8,0,1683,683,0,1683,683,5,0,5,651,0,1683,651,0,5,0,0,0,0,0,0,0,0,0,0,0,0,0,0,104,79,0,104,79,2,0,2,50,0,104,50,0,2,1579,604,0,1579,604,3,0,3,601,0,1579,601,0,3,0,0,0,0,0,0,3367,3285,3261
ft_base_0.01,old_rule,cam2,near,3367,3367,2981,386,386,4,4,0,3365,2977,390,388,4,0,0,0,0,0,0,0,0,0,0,0,0,0,0,0,0,0,0,0,0,0,0,0,0,0,0,0,0,0,0,0,0,0,0,0,0,0,0,0,0,0,0,0,0,0,0,0,0,0,0,0,0,0,0,0,0,0,0,0,0,0,0,0,0,0,0
ft_base_0.01,old_rule,cam2,far,3367,3366,3285,82,81,4,4,0,3340,3261,106,79,4,0,1553,652,0,1553,652,5,0,5,647,0,1553,647,0,5,0,0,0,0,0,0,0,0,0,0,0,0,0,0,71,52,0,71,52,2,0,2,50,0,71,50,0,2,1482,600,0,1482,600,3,0,3,597,0,1482,597,0,3,0,0,0,0,0,0,3367,3285,3261
ft_base_0.01,old_rule,cam2,unknown,130,130,130,0,0,4,4,0,130,130,0,0,4,0,130,31,0,130,31,4,0,4,4,0,130,4,0,4,0,0,0,0,0,0,0,0,0,0,0,0,0,0,33,27,0,33,27,1,0,1,0,0,33,0,0,1,97,4,0,97,4,3,0,3,4,0,97,4,0,3,0,0,0,0,0,0,0,0,0
ft_base_0.01,region_only,cam0,all,6767,6487,5045,1722,1442,8,7,1,6243,5014,1753,1229,7,1,1534,1321,320,1214,1001,4,0,3,1072,268,1266,804,0,3,395,395,0,395,395,2,0,2,345,0,395,345,0,2,1139,926,320,819,606,2,0,1,727,268,871,459,0,1,0,0,0,0,0,0,0,0,0,0,0,0,0,0,3270,1669,1640,0,0,0,0,0,0
ft_base_0.01,region_only,cam0,near,3270,3267,3149,121,118,4,4,0,3264,3147,123,117,4,0,561,561,0,561,561,3,0,3,511,0,561,511,0,3,381,381,0,381,381,2,0,2,331,0,381,331,0,2,180,180,0,180,180,1,0,1,180,0,180,180,0,1,0,0,0,0,0,0,0,0,0,0,0,0,0,0,0,0,0,0,0,0,0,0,0
ft_base_0.01,region_only,cam0,far,3270,2993,1669,1601,1324,4,3,1,2752,1640,1630,1112,3,1,897,684,318,579,366,1,0,0,498,266,631,232,0,0,0,0,0,0,0,0,0,0,0,0,0,0,0,0,897,684,318,579,366,1,0,0,498,266,631,232,0,0,0,0,0,0,0,0,0,0,0,0,0,0,0,0,3270,1669,1640,0,0,0,0,0,0
ft_base_0.01,region_only,cam0,unknown,227,227,227,0,0,4,4,0,227,227,0,0,4,0,76,76,2,74,74,4,0,3,63,2,74,61,0,3,14,14,0,14,14,2,0,2,14,0,14,14,0,2,62,62,2,60,60,2,0,1,49,2,60,47,0,1,0,0,0,0,0,0,0,0,0,0,0,0,0,0,0,0,0,0,0,0,0,0,0
ft_base_0.01,region_only,cam1,all,6927,6896,5946,981,950,8,7,0,6723,5797,1130,926,7,0,1237,853,0,1237,853,2,0,2,834,0,1237,834,0,2,0,0,0,0,0,0,0,0,0,0,0,0,0,0,1237,853,0,1237,853,2,0,2,834,0,1237,834,0,2,0,0,0,0,0,0,0,0,0,0,0,0,0,0,0,0,0,3430,2452,2303,0,0,0
ft_base_0.01,region_only,cam1,near,3430,3427,3427,3,0,4,4,0,3427,3427,3,0,4,0,78,78,0,78,78,1,0,1,78,0,78,78,0,1,0,0,0,0,0,0,0,0,0,0,0,0,0,0,78,78,0,78,78,1,0,1,78,0,78,78,0,1,0,0,0,0,0,0,0,0,0,0,0,0,0,0,0,0,0,0,0,0,0,0,0
ft_base_0.01,region_only,cam1,far,3430,3402,2452,978,950,4,3,0,3229,2303,1127,926,3,0,1146,762,0,1146,762,1,0,1,745,0,1146,745,0,1,0,0,0,0,0,0,0,0,0,0,0,0,0,0,1146,762,0,1146,762,1,0,1,745,0,1146,745,0,1,0,0,0,0,0,0,0,0,0,0,0,0,0,0,0,0,0,3430,2452,2303,0,0,0
ft_base_0.01,region_only,cam1,unknown,67,67,67,0,0,3,3,0,67,67,0,0,3,0,13,13,0,13,13,1,0,1,11,0,13,11,0,1,0,0,0,0,0,0,0,0,0,0,0,0,0,0,13,13,0,13,13,1,0,1,11,0,13,11,0,1,0,0,0,0,0,0,0,0,0,0,0,0,0,0,0,0,0,0,0,0,0,0,0
ft_base_0.01,region_only,cam2,all,6864,6863,6107,757,756,8,8,0,6835,6080,784,755,8,0,1683,683,0,1683,683,5,0,5,651,0,1683,651,0,5,0,0,0,0,0,0,0,0,0,0,0,0,0,0,104,79,0,104,79,2,0,2,50,0,104,50,0,2,1579,604,0,1579,604,3,0,3,601,0,1579,601,0,3,0,0,0,0,0,0,3367,3226,3202
ft_base_0.01,region_only,cam2,near,3367,3367,2752,615,615,4,4,0,3365,2749,618,616,4,0,0,0,0,0,0,0,0,0,0,0,0,0,0,0,0,0,0,0,0,0,0,0,0,0,0,0,0,0,0,0,0,0,0,0,0,0,0,0,0,0,0,0,0,0,0,0,0,0,0,0,0,0,0,0,0,0,0,0,0,0,0,0,0,0,0
ft_base_0.01,region_only,cam2,far,3367,3366,3226,141,140,4,4,0,3340,3202,165,138,4,0,1553,652,0,1553,652,5,0,5,647,0,1553,647,0,5,0,0,0,0,0,0,0,0,0,0,0,0,0,0,71,52,0,71,52,2,0,2,50,0,71,50,0,2,1482,600,0,1482,600,3,0,3,597,0,1482,597,0,3,0,0,0,0,0,0,3367,3226,3202
ft_base_0.01,region_only,cam2,unknown,130,130,129,1,1,4,3,1,130,129,1,1,3,1,130,31,0,130,31,4,0,4,4,0,130,4,0,4,0,0,0,0,0,0,0,0,0,0,0,0,0,0,33,27,0,33,27,1,0,1,0,0,33,0,0,1,97,4,0,97,4,3,0,3,4,0,97,4,0,3,0,0,0,0,0,0,0,0,0
ft_base_0.01,linked_dwell,cam0,all,6767,6487,5897,870,590,8,8,0,6243,5720,1047,523,8,0,1534,1321,615,919,706,4,1,3,1072,394,1140,678,0,3,395,395,0,395,395,2,0,2,345,0,395,345,0,2,1139,926,615,524,311,2,1,1,727,394,745,333,0,1,0,0,0,0,0,0,0,0,0,0,0,0,0,0,3270,2521,2346,0,0,0,0,0,0
ft_base_0.01,linked_dwell,cam0,near,3270,3267,3149,121,118,4,4,0,3264,3147,123,117,4,0,561,561,0,561,561,3,0,3,511,0,561,511,0,3,381,381,0,381,381,2,0,2,331,0,381,331,0,2,180,180,0,180,180,1,0,1,180,0,180,180,0,1,0,0,0,0,0,0,0,0,0,0,0,0,0,0,0,0,0,0,0,0,0,0,0
ft_base_0.01,linked_dwell,cam0,far,3270,2993,2521,749,472,4,4,0,2752,2346,924,406,4,0,897,684,597,300,87,1,1,0,498,389,508,109,0,0,0,0,0,0,0,0,0,0,0,0,0,0,0,0,897,684,597,300,87,1,1,0,498,389,508,109,0,0,0,0,0,0,0,0,0,0,0,0,0,0,0,0,3270,2521,2346,0,0,0,0,0,0
ft_base_0.01,linked_dwell,cam0,unknown,227,227,227,0,0,4,4,0,227,227,0,0,4,0,76,76,18,58,58,4,1,3,63,5,71,58,0,3,14,14,0,14,14,2,0,2,14,0,14,14,0,2,62,62,18,44,44,2,1,1,49,5,57,44,0,1,0,0,0,0,0,0,0,0,0,0,0,0,0,0,0,0,0,0,0,0,0,0,0
ft_base_0.01,linked_dwell,cam1,all,6927,6896,6112,815,784,8,8,0,6723,5966,961,757,8,0,1237,853,0,1237,853,2,0,2,834,0,1237,834,0,2,0,0,0,0,0,0,0,0,0,0,0,0,0,0,1237,853,0,1237,853,2,0,2,834,0,1237,834,0,2,0,0,0,0,0,0,0,0,0,0,0,0,0,0,0,0,0,3430,2618,2472,0,0,0
ft_base_0.01,linked_dwell,cam1,near,3430,3427,3427,3,0,4,4,0,3427,3427,3,0,4,0,78,78,0,78,78,1,0,1,78,0,78,78,0,1,0,0,0,0,0,0,0,0,0,0,0,0,0,0,78,78,0,78,78,1,0,1,78,0,78,78,0,1,0,0,0,0,0,0,0,0,0,0,0,0,0,0,0,0,0,0,0,0,0,0,0
ft_base_0.01,linked_dwell,cam1,far,3430,3402,2618,812,784,4,4,0,3229,2472,958,757,4,0,1146,762,0,1146,762,1,0,1,745,0,1146,745,0,1,0,0,0,0,0,0,0,0,0,0,0,0,0,0,1146,762,0,1146,762,1,0,1,745,0,1146,745,0,1,0,0,0,0,0,0,0,0,0,0,0,0,0,0,0,0,0,3430,2618,2472,0,0,0
ft_base_0.01,linked_dwell,cam1,unknown,67,67,67,0,0,3,3,0,67,67,0,0,3,0,13,13,0,13,13,1,0,1,11,0,13,11,0,1,0,0,0,0,0,0,0,0,0,0,0,0,0,0,13,13,0,13,13,1,0,1,11,0,13,11,0,1,0,0,0,0,0,0,0,0,0,0,0,0,0,0,0,0,0,0,0,0,0,0,0
ft_base_0.01,linked_dwell,cam2,all,6864,6863,6107,757,756,8,8,0,6835,6080,784,755,8,0,1683,683,0,1683,683,5,0,5,651,0,1683,651,0,5,0,0,0,0,0,0,0,0,0,0,0,0,0,0,104,79,0,104,79,2,0,2,50,0,104,50,0,2,1579,604,0,1579,604,3,0,3,601,0,1579,601,0,3,0,0,0,0,0,0,3367,3226,3202
ft_base_0.01,linked_dwell,cam2,near,3367,3367,2752,615,615,4,4,0,3365,2749,618,616,4,0,0,0,0,0,0,0,0,0,0,0,0,0,0,0,0,0,0,0,0,0,0,0,0,0,0,0,0,0,0,0,0,0,0,0,0,0,0,0,0,0,0,0,0,0,0,0,0,0,0,0,0,0,0,0,0,0,0,0,0,0,0,0,0,0,0
ft_base_0.01,linked_dwell,cam2,far,3367,3366,3226,141,140,4,4,0,3340,3202,165,138,4,0,1553,652,0,1553,652,5,0,5,647,0,1553,647,0,5,0,0,0,0,0,0,0,0,0,0,0,0,0,0,71,52,0,71,52,2,0,2,50,0,71,50,0,2,1482,600,0,1482,600,3,0,3,597,0,1482,597,0,3,0,0,0,0,0,0,3367,3226,3202
ft_base_0.01,linked_dwell,cam2,unknown,130,130,129,1,1,4,3,1,130,129,1,1,3,1,130,31,0,130,31,4,0,4,4,0,130,4,0,4,0,0,0,0,0,0,0,0,0,0,0,0,0,0,33,27,0,33,27,1,0,1,0,0,33,0,0,1,97,4,0,97,4,3,0,3,4,0,97,4,0,3,0,0,0,0,0,0,0,0,0
union_0.30,old_rule,cam0,all,6767,6765,6329,438,436,8,8,0,6764,6328,439,436,8,0,1534,1533,613,921,920,4,3,1,1531,613,921,918,3,1,395,395,389,6,6,2,2,0,393,389,6,4,2,0,1139,1138,224,915,914,2,1,1,1138,224,915,914,1,1,0,0,0,0,0,0,0,0,0,0,0,0,0,0,3270,2832,2832,0,0,0,0,0,0
union_0.30,old_rule,cam0,near,3270,3270,3270,0,0,4,4,0,3269,3269,1,0,4,0,561,561,557,4,4,3,3,0,559,557,4,2,3,0,381,381,377,4,4,2,2,0,379,377,4,2,2,0,180,180,180,0,0,1,1,0,180,180,0,0,1,0,0,0,0,0,0,0,0,0,0,0,0,0,0,0,0,0,0,0,0,0,0,0,0
union_0.30,old_rule,cam0,far,3270,3268,2832,438,436,4,4,0,3268,2832,438,436,4,0,897,896,0,897,896,1,0,1,896,0,897,896,0,1,0,0,0,0,0,0,0,0,0,0,0,0,0,0,897,896,0,897,896,1,0,1,896,0,897,896,0,1,0,0,0,0,0,0,0,0,0,0,0,0,0,0,3270,2832,2832,0,0,0,0,0,0
union_0.30,old_rule,cam0,unknown,227,227,227,0,0,4,4,0,227,227,0,0,4,0,76,76,56,20,20,4,3,1,76,56,20,20,3,1,14,14,12,2,2,2,2,0,14,12,2,2,2,0,62,62,44,18,18,2,1,1,62,44,18,18,1,1,0,0,0,0,0,0,0,0,0,0,0,0,0,0,0,0,0,0,0,0,0,0,0
union_0.30,old_rule,cam1,all,6927,6925,6431,496,494,8,8,0,6902,6353,574,549,8,0,1237,1233,8,1229,1225,2,0,1,1233,5,1232,1228,0,1,0,0,0,0,0,0,0,0,0,0,0,0,0,0,1237,1233,8,1229,1225,2,0,1,1233,5,1232,1228,0,1,0,0,0,0,0,0,0,0,0,0,0,0,0,0,0,0,0,3430,2934,2856,0,0,0
union_0.30,old_rule,cam1,near,3430,3430,3430,0,0,4,4,0,3430,3430,0,0,4,0,78,78,0,78,78,1,0,1,78,0,78,78,0,1,0,0,0,0,0,0,0,0,0,0,0,0,0,0,78,78,0,78,78,1,0,1,78,0,78,78,0,1,0,0,0,0,0,0,0,0,0,0,0,0,0,0,0,0,0,0,0,0,0,0,0
union_0.30,old_rule,cam1,far,3430,3428,2934,496,494,4,4,0,3405,2856,574,549,4,0,1146,1142,5,1141,1137,1,0,0,1142,5,1141,1137,0,0,0,0,0,0,0,0,0,0,0,0,0,0,0,0,1146,1142,5,1141,1137,1,0,0,1142,5,1141,1137,0,0,0,0,0,0,0,0,0,0,0,0,0,0,0,0,0,0,0,3430,2934,2856,0,0,0
union_0.30,old_rule,cam1,unknown,67,67,67,0,0,3,3,0,67,67,0,0,3,0,13,13,3,10,10,1,0,0,13,0,13,13,0,1,0,0,0,0,0,0,0,0,0,0,0,0,0,0,13,13,3,10,10,1,0,0,13,0,13,13,0,1,0,0,0,0,0,0,0,0,0,0,0,0,0,0,0,0,0,0,0,0,0,0,0
union_0.30,old_rule,cam2,all,6864,6864,6606,258,258,8,8,0,6856,6581,283,275,8,0,1683,1683,0,1683,1683,5,0,5,1683,0,1683,1683,0,5,0,0,0,0,0,0,0,0,0,0,0,0,0,0,104,104,0,104,104,2,0,2,104,0,104,104,0,2,1579,1579,0,1579,1579,3,0,3,1579,0,1579,1579,0,3,0,0,0,0,0,0,3367,3295,3271
union_0.30,old_rule,cam2,near,3367,3367,3181,186,186,4,4,0,3367,3180,187,187,4,0,0,0,0,0,0,0,0,0,0,0,0,0,0,0,0,0,0,0,0,0,0,0,0,0,0,0,0,0,0,0,0,0,0,0,0,0,0,0,0,0,0,0,0,0,0,0,0,0,0,0,0,0,0,0,0,0,0,0,0,0,0,0,0,0,0
union_0.30,old_rule,cam2,far,3367,3367,3295,72,72,4,4,0,3359,3271,96,88,4,0,1553,1553,0,1553,1553,5,0,5,1553,0,1553,1553,0,5,0,0,0,0,0,0,0,0,0,0,0,0,0,0,71,71,0,71,71,2,0,2,71,0,71,71,0,2,1482,1482,0,1482,1482,3,0,3,1482,0,1482,1482,0,3,0,0,0,0,0,0,3367,3295,3271
union_0.30,old_rule,cam2,unknown,130,130,130,0,0,4,4,0,130,130,0,0,4,0,130,130,0,130,130,4,0,4,130,0,130,130,0,4,0,0,0,0,0,0,0,0,0,0,0,0,0,0,33,33,0,33,33,1,0,1,33,0,33,33,0,1,97,97,0,97,97,3,0,3,97,0,97,97,0,3,0,0,0,0,0,0,0,0,0
union_0.30,region_only,cam0,all,6767,6765,6296,471,469,8,8,0,6764,6295,472,469,8,0,1534,1533,0,1534,1533,4,0,4,1531,0,1534,1531,0,4,395,395,0,395,395,2,0,2,393,0,395,393,0,2,1139,1138,0,1139,1138,2,0,2,1138,0,1139,1138,0,2,0,0,0,0,0,0,0,0,0,0,0,0,0,0,3270,2799,2799,0,0,0,0,0,0
union_0.30,region_only,cam0,near,3270,3270,3270,0,0,4,4,0,3269,3269,1,0,4,0,561,561,0,561,561,3,0,3,559,0,561,559,0,3,381,381,0,381,381,2,0,2,379,0,381,379,0,2,180,180,0,180,180,1,0,1,180,0,180,180,0,1,0,0,0,0,0,0,0,0,0,0,0,0,0,0,0,0,0,0,0,0,0,0,0
union_0.30,region_only,cam0,far,3270,3268,2799,471,469,4,4,0,3268,2799,471,469,4,0,897,896,0,897,896,1,0,1,896,0,897,896,0,1,0,0,0,0,0,0,0,0,0,0,0,0,0,0,897,896,0,897,896,1,0,1,896,0,897,896,0,1,0,0,0,0,0,0,0,0,0,0,0,0,0,0,3270,2799,2799,0,0,0,0,0,0
union_0.30,region_only,cam0,unknown,227,227,227,0,0,4,4,0,227,227,0,0,4,0,76,76,0,76,76,4,0,4,76,0,76,76,0,4,14,14,0,14,14,2,0,2,14,0,14,14,0,2,62,62,0,62,62,2,0,2,62,0,62,62,0,2,0,0,0,0,0,0,0,0,0,0,0,0,0,0,0,0,0,0,0,0,0,0,0
union_0.30,region_only,cam1,all,6927,6925,5889,1038,1036,8,7,0,6902,5812,1115,1090,7,0,1237,1233,8,1229,1225,2,0,1,1233,5,1232,1228,0,1,0,0,0,0,0,0,0,0,0,0,0,0,0,0,1237,1233,8,1229,1225,2,0,1,1233,5,1232,1228,0,1,0,0,0,0,0,0,0,0,0,0,0,0,0,0,0,0,0,3430,2392,2315,0,0,0
union_0.30,region_only,cam1,near,3430,3430,3430,0,0,4,4,0,3430,3430,0,0,4,0,78,78,0,78,78,1,0,1,78,0,78,78,0,1,0,0,0,0,0,0,0,0,0,0,0,0,0,0,78,78,0,78,78,1,0,1,78,0,78,78,0,1,0,0,0,0,0,0,0,0,0,0,0,0,0,0,0,0,0,0,0,0,0,0,0
union_0.30,region_only,cam1,far,3430,3428,2392,1038,1036,4,3,0,3405,2315,1115,1090,3,0,1146,1142,5,1141,1137,1,0,0,1142,5,1141,1137,0,0,0,0,0,0,0,0,0,0,0,0,0,0,0,0,1146,1142,5,1141,1137,1,0,0,1142,5,1141,1137,0,0,0,0,0,0,0,0,0,0,0,0,0,0,0,0,0,0,0,3430,2392,2315,0,0,0
union_0.30,region_only,cam1,unknown,67,67,67,0,0,3,3,0,67,67,0,0,3,0,13,13,3,10,10,1,0,0,13,0,13,13,0,1,0,0,0,0,0,0,0,0,0,0,0,0,0,0,13,13,3,10,10,1,0,0,13,0,13,13,0,1,0,0,0,0,0,0,0,0,0,0,0,0,0,0,0,0,0,0,0,0,0,0,0
union_0.30,region_only,cam2,all,6864,6864,6313,551,551,8,8,0,6856,6288,576,568,8,0,1683,1683,0,1683,1683,5,0,5,1683,0,1683,1683,0,5,0,0,0,0,0,0,0,0,0,0,0,0,0,0,104,104,0,104,104,2,0,2,104,0,104,104,0,2,1579,1579,0,1579,1579,3,0,3,1579,0,1579,1579,0,3,0,0,0,0,0,0,3367,3236,3212
union_0.30,region_only,cam2,near,3367,3367,2948,419,419,4,4,0,3367,2947,420,420,4,0,0,0,0,0,0,0,0,0,0,0,0,0,0,0,0,0,0,0,0,0,0,0,0,0,0,0,0,0,0,0,0,0,0,0,0,0,0,0,0,0,0,0,0,0,0,0,0,0,0,0,0,0,0,0,0,0,0,0,0,0,0,0,0,0,0
union_0.30,region_only,cam2,far,3367,3367,3236,131,131,4,4,0,3359,3212,155,147,4,0,1553,1553,0,1553,1553,5,0,5,1553,0,1553,1553,0,5,0,0,0,0,0,0,0,0,0,0,0,0,0,0,71,71,0,71,71,2,0,2,71,0,71,71,0,2,1482,1482,0,1482,1482,3,0,3,1482,0,1482,1482,0,3,0,0,0,0,0,0,3367,3236,3212
union_0.30,region_only,cam2,unknown,130,130,129,1,1,4,3,1,130,129,1,1,3,1,130,130,0,130,130,4,0,4,130,0,130,130,0,4,0,0,0,0,0,0,0,0,0,0,0,0,0,0,33,33,0,33,33,1,0,1,33,0,33,33,0,1,97,97,0,97,97,3,0,3,97,0,97,97,0,3,0,0,0,0,0,0,0,0,0
union_0.30,linked_dwell,cam0,all,6767,6765,6569,198,196,8,8,0,6764,6568,199,196,8,0,1534,1533,0,1534,1533,4,0,4,1531,0,1534,1531,0,4,395,395,0,395,395,2,0,2,393,0,395,393,0,2,1139,1138,0,1139,1138,2,0,2,1138,0,1139,1138,0,2,0,0,0,0,0,0,0,0,0,0,0,0,0,0,3270,3072,3072,0,0,0,0,0,0
union_0.30,linked_dwell,cam0,near,3270,3270,3270,0,0,4,4,0,3269,3269,1,0,4,0,561,561,0,561,561,3,0,3,559,0,561,559,0,3,381,381,0,381,381,2,0,2,379,0,381,379,0,2,180,180,0,180,180,1,0,1,180,0,180,180,0,1,0,0,0,0,0,0,0,0,0,0,0,0,0,0,0,0,0,0,0,0,0,0,0
union_0.30,linked_dwell,cam0,far,3270,3268,3072,198,196,4,4,0,3268,3072,198,196,4,0,897,896,0,897,896,1,0,1,896,0,897,896,0,1,0,0,0,0,0,0,0,0,0,0,0,0,0,0,897,896,0,897,896,1,0,1,896,0,897,896,0,1,0,0,0,0,0,0,0,0,0,0,0,0,0,0,3270,3072,3072,0,0,0,0,0,0
union_0.30,linked_dwell,cam0,unknown,227,227,227,0,0,4,4,0,227,227,0,0,4,0,76,76,0,76,76,4,0,4,76,0,76,76,0,4,14,14,0,14,14,2,0,2,14,0,14,14,0,2,62,62,0,62,62,2,0,2,62,0,62,62,0,2,0,0,0,0,0,0,0,0,0,0,0,0,0,0,0,0,0,0,0,0,0,0,0
union_0.30,linked_dwell,cam1,all,6927,6925,6255,672,670,8,8,0,6902,6178,749,724,8,0,1237,1233,8,1229,1225,2,0,1,1233,5,1232,1228,0,1,0,0,0,0,0,0,0,0,0,0,0,0,0,0,1237,1233,8,1229,1225,2,0,1,1233,5,1232,1228,0,1,0,0,0,0,0,0,0,0,0,0,0,0,0,0,0,0,0,3430,2758,2681,0,0,0
union_0.30,linked_dwell,cam1,near,3430,3430,3430,0,0,4,4,0,3430,3430,0,0,4,0,78,78,0,78,78,1,0,1,78,0,78,78,0,1,0,0,0,0,0,0,0,0,0,0,0,0,0,0,78,78,0,78,78,1,0,1,78,0,78,78,0,1,0,0,0,0,0,0,0,0,0,0,0,0,0,0,0,0,0,0,0,0,0,0,0
union_0.30,linked_dwell,cam1,far,3430,3428,2758,672,670,4,4,0,3405,2681,749,724,4,0,1146,1142,5,1141,1137,1,0,0,1142,5,1141,1137,0,0,0,0,0,0,0,0,0,0,0,0,0,0,0,0,1146,1142,5,1141,1137,1,0,0,1142,5,1141,1137,0,0,0,0,0,0,0,0,0,0,0,0,0,0,0,0,0,0,0,3430,2758,2681,0,0,0
union_0.30,linked_dwell,cam1,unknown,67,67,67,0,0,3,3,0,67,67,0,0,3,0,13,13,3,10,10,1,0,0,13,0,13,13,0,1,0,0,0,0,0,0,0,0,0,0,0,0,0,0,13,13,3,10,10,1,0,0,13,0,13,13,0,1,0,0,0,0,0,0,0,0,0,0,0,0,0,0,0,0,0,0,0,0,0,0,0
union_0.30,linked_dwell,cam2,all,6864,6864,6496,368,368,8,8,0,6856,6471,393,385,8,0,1683,1683,0,1683,1683,5,0,5,1683,0,1683,1683,0,5,0,0,0,0,0,0,0,0,0,0,0,0,0,0,104,104,0,104,104,2,0,2,104,0,104,104,0,2,1579,1579,0,1579,1579,3,0,3,1579,0,1579,1579,0,3,0,0,0,0,0,0,3367,3236,3212
union_0.30,linked_dwell,cam2,near,3367,3367,3130,237,237,4,4,0,3367,3129,238,238,4,0,0,0,0,0,0,0,0,0,0,0,0,0,0,0,0,0,0,0,0,0,0,0,0,0,0,0,0,0,0,0,0,0,0,0,0,0,0,0,0,0,0,0,0,0,0,0,0,0,0,0,0,0,0,0,0,0,0,0,0,0,0,0,0,0,0
union_0.30,linked_dwell,cam2,far,3367,3367,3236,131,131,4,4,0,3359,3212,155,147,4,0,1553,1553,0,1553,1553,5,0,5,1553,0,1553,1553,0,5,0,0,0,0,0,0,0,0,0,0,0,0,0,0,71,71,0,71,71,2,0,2,71,0,71,71,0,2,1482,1482,0,1482,1482,3,0,3,1482,0,1482,1482,0,3,0,0,0,0,0,0,3367,3236,3212
union_0.30,linked_dwell,cam2,unknown,130,130,130,0,0,4,4,0,130,130,0,0,4,0,130,130,0,130,130,4,0,4,130,0,130,130,0,4,0,0,0,0,0,0,0,0,0,0,0,0,0,0,33,33,0,33,33,1,0,1,33,0,33,33,0,1,97,97,0,97,97,3,0,3,97,0,97,97,0,3,0,0,0,0,0,0,0,0,0
old_pipeline,old_rule,cam0,all,6767,6767,6604,163,163,8,8,0,6767,6604,163,163,8,0,1534,1534,399,1135,1135,4,1,2,1534,399,1135,1135,1,2,395,395,0,395,395,2,0,2,395,0,395,395,0,2,1139,1139,399,740,740,2,1,0,1139,399,740,740,1,0,0,0,0,0,0,0,0,0,0,0,0,0,0,0,3270,3107,3107,0,0,0,0,0,0
old_pipeline,old_rule,cam0,near,3270,3270,3270,0,0,4,4,0,3270,3270,0,0,4,0,561,561,176,385,385,3,1,2,561,176,385,385,1,2,381,381,0,381,381,2,0,2,381,0,381,381,0,2,180,180,176,4,4,1,1,0,180,176,4,4,1,0,0,0,0,0,0,0,0,0,0,0,0,0,0,0,0,0,0,0,0,0,0,0,0
old_pipeline,old_rule,cam0,far,3270,3270,3107,163,163,4,4,0,3270,3107,163,163,4,0,897,897,173,724,724,1,0,0,897,173,724,724,0,0,0,0,0,0,0,0,0,0,0,0,0,0,0,0,897,897,173,724,724,1,0,0,897,173,724,724,0,0,0,0,0,0,0,0,0,0,0,0,0,0,0,0,3270,3107,3107,0,0,0,0,0,0
old_pipeline,old_rule,cam0,unknown,227,227,227,0,0,4,4,0,227,227,0,0,4,0,76,76,50,26,26,4,2,2,76,50,26,26,2,2,14,14,0,14,14,2,0,2,14,0,14,14,0,2,62,62,50,12,12,2,2,0,62,50,12,12,2,0,0,0,0,0,0,0,0,0,0,0,0,0,0,0,0,0,0,0,0,0,0,0,0
old_pipeline,old_rule,cam1,all,6927,6927,6927,0,0,8,8,0,6927,6927,0,0,8,0,1237,1237,0,1237,1237,2,0,2,1237,0,1237,1237,0,2,0,0,0,0,0,0,0,0,0,0,0,0,0,0,1237,1237,0,1237,1237,2,0,2,1237,0,1237,1237,0,2,0,0,0,0,0,0,0,0,0,0,0,0,0,0,0,0,0,3430,3430,3430,0,0,0
old_pipeline,old_rule,cam1,near,3430,3430,3430,0,0,4,4,0,3430,3430,0,0,4,0,78,78,0,78,78,1,0,1,78,0,78,78,0,1,0,0,0,0,0,0,0,0,0,0,0,0,0,0,78,78,0,78,78,1,0,1,78,0,78,78,0,1,0,0,0,0,0,0,0,0,0,0,0,0,0,0,0,0,0,0,0,0,0,0,0
old_pipeline,old_rule,cam1,far,3430,3430,3430,0,0,4,4,0,3430,3430,0,0,4,0,1146,1146,0,1146,1146,1,0,1,1146,0,1146,1146,0,1,0,0,0,0,0,0,0,0,0,0,0,0,0,0,1146,1146,0,1146,1146,1,0,1,1146,0,1146,1146,0,1,0,0,0,0,0,0,0,0,0,0,0,0,0,0,0,0,0,3430,3430,3430,0,0,0
old_pipeline,old_rule,cam1,unknown,67,67,67,0,0,3,3,0,67,67,0,0,3,0,13,13,0,13,13,1,0,1,13,0,13,13,0,1,0,0,0,0,0,0,0,0,0,0,0,0,0,0,13,13,0,13,13,1,0,1,13,0,13,13,0,1,0,0,0,0,0,0,0,0,0,0,0,0,0,0,0,0,0,0,0,0,0,0,0
old_pipeline,old_rule,cam2,all,6864,6864,6662,202,202,8,8,0,6864,6662,202,202,8,0,1683,1683,0,1683,1683,5,0,5,1683,0,1683,1683,0,5,0,0,0,0,0,0,0,0,0,0,0,0,0,0,104,104,0,104,104,2,0,2,104,0,104,104,0,2,1579,1579,0,1579,1579,3,0,3,1579,0,1579,1579,0,3,0,0,0,0,0,0,3367,3362,3362
old_pipeline,old_rule,cam2,near,3367,3367,3170,197,197,4,4,0,3367,3170,197,197,4,0,0,0,0,0,0,0,0,0,0,0,0,0,0,0,0,0,0,0,0,0,0,0,0,0,0,0,0,0,0,0,0,0,0,0,0,0,0,0,0,0,0,0,0,0,0,0,0,0,0,0,0,0,0,0,0,0,0,0,0,0,0,0,0,0,0
old_pipeline,old_rule,cam2,far,3367,3367,3362,5,5,4,4,0,3367,3362,5,5,4,0,1553,1553,0,1553,1553,5,0,5,1553,0,1553,1553,0,5,0,0,0,0,0,0,0,0,0,0,0,0,0,0,71,71,0,71,71,2,0,2,71,0,71,71,0,2,1482,1482,0,1482,1482,3,0,3,1482,0,1482,1482,0,3,0,0,0,0,0,0,3367,3362,3362
old_pipeline,old_rule,cam2,unknown,130,130,130,0,0,4,4,0,130,130,0,0,4,0,130,130,0,130,130,4,0,4,130,0,130,130,0,4,0,0,0,0,0,0,0,0,0,0,0,0,0,0,33,33,0,33,33,1,0,1,33,0,33,33,0,1,97,97,0,97,97,3,0,3,97,0,97,97,0,3,0,0,0,0,0,0,0,0,0
old_pipeline,region_only,cam0,all,6767,6767,6482,285,285,8,8,0,6767,6482,285,285,8,0,1534,1534,0,1534,1534,4,0,4,1534,0,1534,1534,0,4,395,395,0,395,395,2,0,2,395,0,395,395,0,2,1139,1139,0,1139,1139,2,0,2,1139,0,1139,1139,0,2,0,0,0,0,0,0,0,0,0,0,0,0,0,0,3270,2985,2985,0,0,0,0,0,0
old_pipeline,region_only,cam0,near,3270,3270,3270,0,0,4,4,0,3270,3270,0,0,4,0,561,561,0,561,561,3,0,3,561,0,561,561,0,3,381,381,0,381,381,2,0,2,381,0,381,381,0,2,180,180,0,180,180,1,0,1,180,0,180,180,0,1,0,0,0,0,0,0,0,0,0,0,0,0,0,0,0,0,0,0,0,0,0,0,0
old_pipeline,region_only,cam0,far,3270,3270,2985,285,285,4,4,0,3270,2985,285,285,4,0,897,897,0,897,897,1,0,1,897,0,897,897,0,1,0,0,0,0,0,0,0,0,0,0,0,0,0,0,897,897,0,897,897,1,0,1,897,0,897,897,0,1,0,0,0,0,0,0,0,0,0,0,0,0,0,0,3270,2985,2985,0,0,0,0,0,0
old_pipeline,region_only,cam0,unknown,227,227,227,0,0,4,4,0,227,227,0,0,4,0,76,76,0,76,76,4,0,4,76,0,76,76,0,4,14,14,0,14,14,2,0,2,14,0,14,14,0,2,62,62,0,62,62,2,0,2,62,0,62,62,0,2,0,0,0,0,0,0,0,0,0,0,0,0,0,0,0,0,0,0,0,0,0,0,0
old_pipeline,region_only,cam1,all,6927,6927,6478,449,449,8,8,0,6927,6478,449,449,8,0,1237,1237,0,1237,1237,2,0,2,1237,0,1237,1237,0,2,0,0,0,0,0,0,0,0,0,0,0,0,0,0,1237,1237,0,1237,1237,2,0,2,1237,0,1237,1237,0,2,0,0,0,0,0,0,0,0,0,0,0,0,0,0,0,0,0,3430,2981,2981,0,0,0
old_pipeline,region_only,cam1,near,3430,3430,3430,0,0,4,4,0,3430,3430,0,0,4,0,78,78,0,78,78,1,0,1,78,0,78,78,0,1,0,0,0,0,0,0,0,0,0,0,0,0,0,0,78,78,0,78,78,1,0,1,78,0,78,78,0,1,0,0,0,0,0,0,0,0,0,0,0,0,0,0,0,0,0,0,0,0,0,0,0
old_pipeline,region_only,cam1,far,3430,3430,2981,449,449,4,4,0,3430,2981,449,449,4,0,1146,1146,0,1146,1146,1,0,1,1146,0,1146,1146,0,1,0,0,0,0,0,0,0,0,0,0,0,0,0,0,1146,1146,0,1146,1146,1,0,1,1146,0,1146,1146,0,1,0,0,0,0,0,0,0,0,0,0,0,0,0,0,0,0,0,3430,2981,2981,0,0,0
old_pipeline,region_only,cam1,unknown,67,67,67,0,0,3,3,0,67,67,0,0,3,0,13,13,0,13,13,1,0,1,13,0,13,13,0,1,0,0,0,0,0,0,0,0,0,0,0,0,0,0,13,13,0,13,13,1,0,1,13,0,13,13,0,1,0,0,0,0,0,0,0,0,0,0,0,0,0,0,0,0,0,0,0,0,0,0,0
old_pipeline,region_only,cam2,all,6864,6864,6261,603,603,8,8,0,6864,6261,603,603,8,0,1683,1683,0,1683,1683,5,0,5,1683,0,1683,1683,0,5,0,0,0,0,0,0,0,0,0,0,0,0,0,0,104,104,0,104,104,2,0,2,104,0,104,104,0,2,1579,1579,0,1579,1579,3,0,3,1579,0,1579,1579,0,3,0,0,0,0,0,0,3367,2984,2984
old_pipeline,region_only,cam2,near,3367,3367,3147,220,220,4,4,0,3367,3147,220,220,4,0,0,0,0,0,0,0,0,0,0,0,0,0,0,0,0,0,0,0,0,0,0,0,0,0,0,0,0,0,0,0,0,0,0,0,0,0,0,0,0,0,0,0,0,0,0,0,0,0,0,0,0,0,0,0,0,0,0,0,0,0,0,0,0,0,0
old_pipeline,region_only,cam2,far,3367,3367,2984,383,383,4,4,0,3367,2984,383,383,4,0,1553,1553,0,1553,1553,5,0,5,1553,0,1553,1553,0,5,0,0,0,0,0,0,0,0,0,0,0,0,0,0,71,71,0,71,71,2,0,2,71,0,71,71,0,2,1482,1482,0,1482,1482,3,0,3,1482,0,1482,1482,0,3,0,0,0,0,0,0,3367,2984,2984
old_pipeline,region_only,cam2,unknown,130,130,130,0,0,4,4,0,130,130,0,0,4,0,130,130,0,130,130,4,0,4,130,0,130,130,0,4,0,0,0,0,0,0,0,0,0,0,0,0,0,0,33,33,0,33,33,1,0,1,33,0,33,33,0,1,97,97,0,97,97,3,0,3,97,0,97,97,0,3,0,0,0,0,0,0,0,0,0
old_pipeline,linked_dwell,cam0,all,6767,6767,6482,285,285,8,8,0,6767,6482,285,285,8,0,1534,1534,0,1534,1534,4,0,4,1534,0,1534,1534,0,4,395,395,0,395,395,2,0,2,395,0,395,395,0,2,1139,1139,0,1139,1139,2,0,2,1139,0,1139,1139,0,2,0,0,0,0,0,0,0,0,0,0,0,0,0,0,3270,2985,2985,0,0,0,0,0,0
old_pipeline,linked_dwell,cam0,near,3270,3270,3270,0,0,4,4,0,3270,3270,0,0,4,0,561,561,0,561,561,3,0,3,561,0,561,561,0,3,381,381,0,381,381,2,0,2,381,0,381,381,0,2,180,180,0,180,180,1,0,1,180,0,180,180,0,1,0,0,0,0,0,0,0,0,0,0,0,0,0,0,0,0,0,0,0,0,0,0,0
old_pipeline,linked_dwell,cam0,far,3270,3270,2985,285,285,4,4,0,3270,2985,285,285,4,0,897,897,0,897,897,1,0,1,897,0,897,897,0,1,0,0,0,0,0,0,0,0,0,0,0,0,0,0,897,897,0,897,897,1,0,1,897,0,897,897,0,1,0,0,0,0,0,0,0,0,0,0,0,0,0,0,3270,2985,2985,0,0,0,0,0,0
old_pipeline,linked_dwell,cam0,unknown,227,227,227,0,0,4,4,0,227,227,0,0,4,0,76,76,0,76,76,4,0,4,76,0,76,76,0,4,14,14,0,14,14,2,0,2,14,0,14,14,0,2,62,62,0,62,62,2,0,2,62,0,62,62,0,2,0,0,0,0,0,0,0,0,0,0,0,0,0,0,0,0,0,0,0,0,0,0,0
old_pipeline,linked_dwell,cam1,all,6927,6927,6701,226,226,8,8,0,6927,6701,226,226,8,0,1237,1237,0,1237,1237,2,0,2,1237,0,1237,1237,0,2,0,0,0,0,0,0,0,0,0,0,0,0,0,0,1237,1237,0,1237,1237,2,0,2,1237,0,1237,1237,0,2,0,0,0,0,0,0,0,0,0,0,0,0,0,0,0,0,0,3430,3204,3204,0,0,0
old_pipeline,linked_dwell,cam1,near,3430,3430,3430,0,0,4,4,0,3430,3430,0,0,4,0,78,78,0,78,78,1,0,1,78,0,78,78,0,1,0,0,0,0,0,0,0,0,0,0,0,0,0,0,78,78,0,78,78,1,0,1,78,0,78,78,0,1,0,0,0,0,0,0,0,0,0,0,0,0,0,0,0,0,0,0,0,0,0,0,0
old_pipeline,linked_dwell,cam1,far,3430,3430,3204,226,226,4,4,0,3430,3204,226,226,4,0,1146,1146,0,1146,1146,1,0,1,1146,0,1146,1146,0,1,0,0,0,0,0,0,0,0,0,0,0,0,0,0,1146,1146,0,1146,1146,1,0,1,1146,0,1146,1146,0,1,0,0,0,0,0,0,0,0,0,0,0,0,0,0,0,0,0,3430,3204,3204,0,0,0
old_pipeline,linked_dwell,cam1,unknown,67,67,67,0,0,3,3,0,67,67,0,0,3,0,13,13,0,13,13,1,0,1,13,0,13,13,0,1,0,0,0,0,0,0,0,0,0,0,0,0,0,0,13,13,0,13,13,1,0,1,13,0,13,13,0,1,0,0,0,0,0,0,0,0,0,0,0,0,0,0,0,0,0,0,0,0,0,0,0
old_pipeline,linked_dwell,cam2,all,6864,6864,6261,603,603,8,8,0,6864,6261,603,603,8,0,1683,1683,0,1683,1683,5,0,5,1683,0,1683,1683,0,5,0,0,0,0,0,0,0,0,0,0,0,0,0,0,104,104,0,104,104,2,0,2,104,0,104,104,0,2,1579,1579,0,1579,1579,3,0,3,1579,0,1579,1579,0,3,0,0,0,0,0,0,3367,2984,2984
old_pipeline,linked_dwell,cam2,near,3367,3367,3147,220,220,4,4,0,3367,3147,220,220,4,0,0,0,0,0,0,0,0,0,0,0,0,0,0,0,0,0,0,0,0,0,0,0,0,0,0,0,0,0,0,0,0,0,0,0,0,0,0,0,0,0,0,0,0,0,0,0,0,0,0,0,0,0,0,0,0,0,0,0,0,0,0,0,0,0,0
old_pipeline,linked_dwell,cam2,far,3367,3367,2984,383,383,4,4,0,3367,2984,383,383,4,0,1553,1553,0,1553,1553,5,0,5,1553,0,1553,1553,0,5,0,0,0,0,0,0,0,0,0,0,0,0,0,0,71,71,0,71,71,2,0,2,71,0,71,71,0,2,1482,1482,0,1482,1482,3,0,3,1482,0,1482,1482,0,3,0,0,0,0,0,0,3367,2984,2984
old_pipeline,linked_dwell,cam2,unknown,130,130,130,0,0,4,4,0,130,130,0,0,4,0,130,130,0,130,130,4,0,4,130,0,130,130,0,4,0,0,0,0,0,0,0,0,0,0,0,0,0,0,33,33,0,33,33,1,0,1,33,0,33,33,0,1,97,97,0,97,97,3,0,3,97,0,97,97,0,3,0,0,0,0,0,0,0,0,0
