source,stage,clip,player_units,player_tracked_03,player_kept_03,player_excluded_03,player_rejected_among_tracked_03,player_identities,player_identities_kept50_03,player_identities_rejected_all_03,player_tracked_05,player_kept_05,player_excluded_05,player_rejected_among_tracked_05,player_identities_kept50_05,player_identities_rejected_all_05,non_player_units,non_player_tracked_03,non_player_kept_03,non_player_excluded_03,non_player_rejected_among_tracked_03,non_player_identities,non_player_identities_kept50_03,non_player_identities_rejected_all_03,non_player_tracked_05,non_player_kept_05,non_player_excluded_05,non_player_rejected_among_tracked_05,non_player_identities_kept50_05,non_player_identities_rejected_all_05,adjacent_court_units,adjacent_court_tracked_03,adjacent_court_kept_03,adjacent_court_excluded_03,adjacent_court_rejected_among_tracked_03,adjacent_court_identities,adjacent_court_identities_kept50_03,adjacent_court_identities_rejected_all_03,adjacent_court_tracked_05,adjacent_court_kept_05,adjacent_court_excluded_05,adjacent_court_rejected_among_tracked_05,adjacent_court_identities_kept50_05,adjacent_court_identities_rejected_all_05,off_court_units,off_court_tracked_03,off_court_kept_03,off_court_excluded_03,off_court_rejected_among_tracked_03,off_court_identities,off_court_identities_kept50_03,off_court_identities_rejected_all_03,off_court_tracked_05,off_court_kept_05,off_court_excluded_05,off_court_rejected_among_tracked_05,off_court_identities_kept50_05,off_court_identities_rejected_all_05,nonperson_units,nonperson_tracked_03,nonperson_kept_03,nonperson_excluded_03,nonperson_rejected_among_tracked_03,nonperson_identities,nonperson_identities_kept50_03,nonperson_identities_rejected_all_03,nonperson_tracked_05,nonperson_kept_05,nonperson_excluded_05,nonperson_rejected_among_tracked_05,nonperson_identities_kept50_05,nonperson_identities_rejected_all_05,cam0_far_reference_frames,cam0_far_covered_03,cam0_far_covered_05,cam1_far_reference_frames,cam1_far_covered_03,cam1_far_covered_05,cam2_far_reference_frames,cam2_far_covered_03,cam2_far_covered_05
ft_base_0.01,old_rule,video_000/clip_000,5966,5952,5605,361,347,2,2,0,5888,5513,453,375,2,0,179,179,179,0,0,1,1,0,129,129,50,0,1,0,179,179,179,0,0,1,1,0,129,129,50,0,1,0,0,0,0,0,0,0,0,0,0,0,0,0,0,0,0,0,0,0,0,0,0,0,0,0,0,0,0,0,931,649,648,995,918,832,1010,1009,1006
ft_base_0.01,old_rule,video_000/clip_007,3775,3746,3538,237,208,2,2,0,3681,3472,303,209,2,0,547,377,224,323,153,2,1,1,377,224,323,153,1,1,0,0,0,0,0,0,0,0,0,0,0,0,0,0,352,352,224,128,128,1,1,0,352,224,128,128,1,0,195,25,0,195,25,1,0,1,25,0,195,25,0,1,550,530,502,652,517,499,617,536,518
ft_base_0.01,old_rule,video_001/clip_001,7624,7373,5668,1956,1705,2,2,0,7131,5558,2066,1573,1,0,3542,2246,557,2985,1689,4,1,2,1999,505,3037,1494,1,2,216,216,216,0,0,1,1,0,216,216,0,0,1,0,2128,1506,341,1787,1165,2,0,1,1259,289,1839,970,0,1,1198,524,0,1198,524,1,0,1,524,0,1198,524,0,1,1265,173,67,1253,890,888,1206,1206,1206
ft_base_0.01,old_rule,video_002/clip_013,3193,3175,3137,56,38,2,2,0,3101,3067,126,34,2,0,186,55,0,186,55,1,0,1,52,0,186,52,0,1,0,0,0,0,0,0,0,0,0,0,0,0,0,0,0,0,0,0,0,0,0,0,0,0,0,0,0,0,186,55,0,186,55,1,0,1,52,0,186,52,0,1,524,507,507,530,498,431,534,534,531
ft_base_0.01,region_only,video_000/clip_000,5966,5952,5513,453,439,2,2,0,5888,5422,544,466,2,0,179,179,0,179,179,1,0,1,129,0,179,129,0,1,179,179,0,179,179,1,0,1,129,0,179,129,0,1,0,0,0,0,0,0,0,0,0,0,0,0,0,0,0,0,0,0,0,0,0,0,0,0,0,0,0,0,931,649,648,995,917,832,1010,950,947
ft_base_0.01,region_only,video_000/clip_007,3775,3746,3211,564,535,2,2,0,3681,3146,629,535,2,0,547,377,0,547,377,2,0,2,377,0,547,377,0,2,0,0,0,0,0,0,0,0,0,0,0,0,0,0,352,352,0,352,352,1,0,1,352,0,352,352,0,1,195,25,0,195,25,1,0,1,25,0,195,25,0,1,550,520,492,652,398,380,617,536,518
ft_base_0.01,region_only,video_001/clip_001,7624,7373,5495,2129,1878,2,1,0,7131,5491,2133,1640,1,0,3542,2246,320,3222,1926,4,0,3,1999,268,3274,1731,0,3,216,216,0,216,216,1,0,1,216,0,216,216,0,1,2128,1506,320,1808,1186,2,0,1,1259,268,1860,991,0,1,1198,524,0,1198,524,1,0,1,524,0,1198,524,0,1,1265,0,0,1253,890,888,1206,1206,1206
ft_base_0.01,region_only,video_002/clip_013,3193,3175,2879,314,296,2,2,0,3101,2832,361,269,2,0,186,55,0,186,55,1,0,1,52,0,186,52,0,1,0,0,0,0,0,0,0,0,0,0,0,0,0,0,0,0,0,0,0,0,0,0,0,0,0,0,0,0,186,55,0,186,55,1,0,1,52,0,186,52,0,1,524,500,500,530,247,203,534,534,531
ft_base_0.01,linked_dwell,video_000/clip_000,5966,5952,5513,453,439,2,2,0,5888,5422,544,466,2,0,179,179,0,179,179,1,0,1,129,0,179,129,0,1,179,179,0,179,179,1,0,1,129,0,179,129,0,1,0,0,0,0,0,0,0,0,0,0,0,0,0,0,0,0,0,0,0,0,0,0,0,0,0,0,0,0,931,649,648,995,917,832,1010,950,947
ft_base_0.01,linked_dwell,video_000/clip_007,3775,3746,3250,525,496,2,2,0,3681,3185,590,496,2,0,547,377,0,547,377,2,0,2,377,0,547,377,0,2,0,0,0,0,0,0,0,0,0,0,0,0,0,0,352,352,0,352,352,1,0,1,352,0,352,352,0,1,195,25,0,195,25,1,0,1,25,0,195,25,0,1,550,520,492,652,437,419,617,536,518
ft_base_0.01,linked_dwell,video_001/clip_001,7624,7373,6347,1277,1026,2,2,0,7131,6197,1427,934,2,0,3542,2246,615,2927,1631,4,0,3,1999,394,3148,1605,0,3,216,216,0,216,216,1,0,1,216,0,216,216,0,1,2128,1506,615,1513,891,2,0,1,1259,394,1734,865,0,1,1198,524,0,1198,524,1,0,1,524,0,1198,524,0,1,1265,852,706,1253,890,888,1206,1206,1206
ft_base_0.01,linked_dwell,video_002/clip_013,3193,3175,3006,187,169,2,2,0,3101,2962,231,139,2,0,186,55,0,186,55,1,0,1,52,0,186,52,0,1,0,0,0,0,0,0,0,0,0,0,0,0,0,0,0,0,0,0,0,0,0,0,0,0,0,0,0,0,186,55,0,186,55,1,0,1,52,0,186,52,0,1,524,500,500,530,374,333,534,534,531
union_0.30,old_rule,video_000/clip_000,5966,5966,5603,363,363,2,2,0,5958,5585,381,373,2,0,179,179,173,6,6,1,1,0,177,173,6,4,1,0,179,179,173,6,6,1,1,0,177,173,6,4,1,0,0,0,0,0,0,0,0,0,0,0,0,0,0,0,0,0,0,0,0,0,0,0,0,0,0,0,0,0,931,704,704,995,859,845,1010,1010,1007
union_0.30,old_rule,video_000/clip_007,3775,3775,3540,235,235,2,2,0,3769,3518,257,251,2,0,547,547,224,323,323,2,1,1,547,224,323,323,1,1,0,0,0,0,0,0,0,0,0,0,0,0,0,0,352,352,224,128,128,1,1,0,352,224,128,128,1,0,195,195,0,195,195,1,0,1,195,0,195,195,0,1,550,387,387,652,652,648,617,545,527
union_0.30,old_rule,video_001/clip_001,7624,7620,7088,536,532,2,2,0,7614,7082,542,532,2,0,3542,3537,224,3318,3313,4,1,2,3537,221,3321,3316,1,2,216,216,216,0,0,1,1,0,216,216,0,0,1,0,2128,2123,8,2120,2115,2,0,1,2123,5,2123,2118,0,1,1198,1198,0,1198,1198,1,0,1,1198,0,1198,1198,0,1,1265,1217,1217,1253,951,946,1206,1206,1206
union_0.30,old_rule,video_002/clip_013,3193,3193,3135,58,58,2,2,0,3181,3077,116,104,2,0,186,186,0,186,186,1,0,1,186,0,186,186,0,1,0,0,0,0,0,0,0,0,0,0,0,0,0,0,0,0,0,0,0,0,0,0,0,0,0,0,0,0,186,186,0,186,186,1,0,1,186,0,186,186,0,1,524,524,524,530,472,417,534,534,531
union_0.30,region_only,video_000/clip_000,5966,5966,5442,524,524,2,2,0,5958,5424,542,534,2,0,179,179,0,179,179,1,0,1,177,0,179,177,0,1,179,179,0,179,179,1,0,1,177,0,179,177,0,1,0,0,0,0,0,0,0,0,0,0,0,0,0,0,0,0,0,0,0,0,0,0,0,0,0,0,0,0,931,704,704,995,789,775,1010,951,948
union_0.30,region_only,video_000/clip_007,3775,3775,2839,936,936,2,2,0,3769,2818,957,951,2,0,547,547,0,547,547,2,0,2,547,0,547,547,0,2,0,0,0,0,0,0,0,0,0,0,0,0,0,0,352,352,0,352,352,1,0,1,352,0,352,352,0,1,195,195,0,195,195,1,0,1,195,0,195,195,0,1,550,359,359,652,181,178,617,545,527
union_0.30,region_only,video_001/clip_001,7624,7620,7087,537,533,2,2,0,7614,7081,543,533,2,0,3542,3537,8,3534,3529,4,0,3,3537,5,3537,3532,0,3,216,216,0,216,216,1,0,1,216,0,216,216,0,1,2128,2123,8,2120,2115,2,0,1,2123,5,2123,2118,0,1,1198,1198,0,1198,1198,1,0,1,1198,0,1198,1198,0,1,1265,1217,1217,1253,950,945,1206,1206,1206
union_0.30,region_only,video_002/clip_013,3193,3193,3130,63,63,2,2,0,3181,3072,121,109,2,0,186,186,0,186,186,1,0,1,186,0,186,186,0,1,0,0,0,0,0,0,0,0,0,0,0,0,0,0,0,0,0,0,0,0,0,0,0,0,0,0,0,0,186,186,0,186,186,1,0,1,186,0,186,186,0,1,524,519,519,530,472,417,534,534,531
union_0.30,linked_dwell,video_000/clip_000,5966,5966,5669,297,297,2,2,0,5958,5651,315,307,2,0,179,179,0,179,179,1,0,1,177,0,179,177,0,1,179,179,0,179,179,1,0,1,177,0,179,177,0,1,0,0,0,0,0,0,0,0,0,0,0,0,0,0,0,0,0,0,0,0,0,0,0,0,0,0,0,0,931,931,931,995,789,775,1010,951,948
union_0.30,linked_dwell,video_000/clip_007,3775,3775,3388,387,387,2,2,0,3769,3367,408,402,2,0,547,547,0,547,547,2,0,2,547,0,547,547,0,2,0,0,0,0,0,0,0,0,0,0,0,0,0,0,352,352,0,352,352,1,0,1,352,0,352,352,0,1,195,195,0,195,195,1,0,1,195,0,195,195,0,1,550,359,359,652,547,544,617,545,527
union_0.30,linked_dwell,video_001/clip_001,7624,7620,7133,491,487,2,2,0,7614,7127,497,487,2,0,3542,3537,8,3534,3529,4,0,3,3537,5,3537,3532,0,3,216,216,0,216,216,1,0,1,216,0,216,216,0,1,2128,2123,8,2120,2115,2,0,1,2123,5,2123,2118,0,1,1198,1198,0,1198,1198,1,0,1,1198,0,1198,1198,0,1,1265,1263,1263,1253,950,945,1206,1206,1206
union_0.30,linked_dwell,video_002/clip_013,3193,3193,3130,63,63,2,2,0,3181,3072,121,109,2,0,186,186,0,186,186,1,0,1,186,0,186,186,0,1,0,0,0,0,0,0,0,0,0,0,0,0,0,0,0,0,0,0,0,0,0,0,0,0,0,0,0,0,186,186,0,186,186,1,0,1,186,0,186,186,0,1,524,519,519,530,472,417,534,534,531
old_pipeline,old_rule,video_000/clip_000,5966,5966,5966,0,0,2,2,0,5966,5966,0,0,2,0,179,179,0,179,179,1,0,1,179,0,179,179,0,1,179,179,0,179,179,1,0,1,179,0,179,179,0,1,0,0,0,0,0,0,0,0,0,0,0,0,0,0,0,0,0,0,0,0,0,0,0,0,0,0,0,0,931,931,931,995,995,995,1010,1010,1010
old_pipeline,old_rule,video_000/clip_007,3775,3775,3607,168,168,2,2,0,3775,3607,168,168,2,0,547,547,212,335,335,2,1,1,547,212,335,335,1,1,0,0,0,0,0,0,0,0,0,0,0,0,0,0,352,352,212,140,140,1,1,0,352,212,140,140,1,0,195,195,0,195,195,1,0,1,195,0,195,195,0,1,550,387,387,652,652,652,617,612,612
old_pipeline,old_rule,video_001/clip_001,7624,7624,7427,197,197,2,2,0,7624,7427,197,197,2,0,3542,3542,187,3355,3355,4,0,3,3542,187,3355,3355,0,3,216,216,0,216,216,1,0,1,216,0,216,216,0,1,2128,2128,187,1941,1941,2,0,1,2128,187,1941,1941,0,1,1198,1198,0,1198,1198,1,0,1,1198,0,1198,1198,0,1,1265,1265,1265,1253,1253,1253,1206,1206,1206
old_pipeline,old_rule,video_002/clip_013,3193,3193,3193,0,0,2,2,0,3193,3193,0,0,2,0,186,186,0,186,186,1,0,1,186,0,186,186,0,1,0,0,0,0,0,0,0,0,0,0,0,0,0,0,0,0,0,0,0,0,0,0,0,0,0,0,0,0,186,186,0,186,186,1,0,1,186,0,186,186,0,1,524,524,524,530,530,530,534,534,534
old_pipeline,region_only,video_000/clip_000,5966,5966,5535,431,431,2,2,0,5966,5535,431,431,2,0,179,179,0,179,179,1,0,1,179,0,179,179,0,1,179,179,0,179,179,1,0,1,179,0,179,179,0,1,0,0,0,0,0,0,0,0,0,0,0,0,0,0,0,0,0,0,0,0,0,0,0,0,0,0,0,0,931,931,931,995,926,926,1010,648,648
old_pipeline,region_only,video_000/clip_007,3775,3775,3264,511,511,2,2,0,3775,3264,511,511,2,0,547,547,0,547,547,2,0,2,547,0,547,547,0,2,0,0,0,0,0,0,0,0,0,0,0,0,0,0,352,352,0,352,352,1,0,1,352,0,352,352,0,1,195,195,0,195,195,1,0,1,195,0,195,195,0,1,550,358,358,652,376,376,617,597,597
old_pipeline,region_only,video_001/clip_001,7624,7624,7264,360,360,2,2,0,7624,7264,360,360,2,0,3542,3542,0,3542,3542,4,0,4,3542,0,3542,3542,0,4,216,216,0,216,216,1,0,1,216,0,216,216,0,1,2128,2128,0,2128,2128,2,0,2,2128,0,2128,2128,0,2,1198,1198,0,1198,1198,1,0,1,1198,0,1198,1198,0,1,1265,1172,1172,1253,1183,1183,1206,1206,1206
old_pipeline,region_only,video_002/clip_013,3193,3193,3158,35,35,2,2,0,3193,3158,35,35,2,0,186,186,0,186,186,1,0,1,186,0,186,186,0,1,0,0,0,0,0,0,0,0,0,0,0,0,0,0,0,0,0,0,0,0,0,0,0,0,0,0,0,0,186,186,0,186,186,1,0,1,186,0,186,186,0,1,524,524,524,530,496,496,534,533,533
old_pipeline,linked_dwell,video_000/clip_000,5966,5966,5535,431,431,2,2,0,5966,5535,431,431,2,0,179,179,0,179,179,1,0,1,179,0,179,179,0,1,179,179,0,179,179,1,0,1,179,0,179,179,0,1,0,0,0,0,0,0,0,0,0,0,0,0,0,0,0,0,0,0,0,0,0,0,0,0,0,0,0,0,931,931,931,995,926,926,1010,648,648
old_pipeline,linked_dwell,video_000/clip_007,3775,3775,3442,333,333,2,2,0,3775,3442,333,333,2,0,547,547,0,547,547,2,0,2,547,0,547,547,0,2,0,0,0,0,0,0,0,0,0,0,0,0,0,0,352,352,0,352,352,1,0,1,352,0,352,352,0,1,195,195,0,195,195,1,0,1,195,0,195,195,0,1,550,358,358,652,554,554,617,597,597
old_pipeline,linked_dwell,video_001/clip_001,7624,7624,7309,315,315,2,2,0,7624,7309,315,315,2,0,3542,3542,0,3542,3542,4,0,4,3542,0,3542,3542,0,4,216,216,0,216,216,1,0,1,216,0,216,216,0,1,2128,2128,0,2128,2128,2,0,2,2128,0,2128,2128,0,2,1198,1198,0,1198,1198,1,0,1,1198,0,1198,1198,0,1,1265,1172,1172,1253,1228,1228,1206,1206,1206
old_pipeline,linked_dwell,video_002/clip_013,3193,3193,3158,35,35,2,2,0,3193,3158,35,35,2,0,186,186,0,186,186,1,0,1,186,0,186,186,0,1,0,0,0,0,0,0,0,0,0,0,0,0,0,0,0,0,0,0,0,0,0,0,0,0,0,0,0,0,186,186,0,186,186,1,0,1,186,0,186,186,0,1,524,524,524,530,496,496,534,533,533
