source,clip,camera,track_id,row,composition,player_and_adjacent_mixed,adjacent_kept_units,adjacent_xy_min_median_max,adjacent_inside_old,adjacent_inside_corridor,adjacent_inside_core,all_observed,all_old_dwell,all_core_dwell,all_corridor_dwell
ft_base_0.01,video_000/clip_000,cam0,1,0,{'A': 1009},False,0,,0,0,0,1009,1009,1009,1009
ft_base_0.01,video_000/clip_000,cam0,3,2,{'B': 298},False,0,,0,0,0,303,303,303,303
ft_base_0.01,video_000/clip_000,cam0,139,45,{'X1': 179},False,179,"[[-6.145071800675584, -15.204580421533878], [-5.836688910442021, -14.989927937974088], [-5.555014039440673, -14.483238771201076]]",179,0,0,734,601,0,0
ft_base_0.01,video_000/clip_000,cam0,164,52,{'B': 351},False,0,,0,0,0,379,379,379,379
union_0.30,video_000/clip_000,cam0,9,0,{'A': 259},False,0,,0,0,0,262,262,262,262
union_0.30,video_000/clip_000,cam0,10,1,{'B': 704},False,0,,0,0,0,705,705,705,705
union_0.30,video_000/clip_000,cam0,123,5,{'A': 751},False,0,,0,0,0,751,751,751,751
union_0.30,video_000/clip_000,cam0,296,10,{'X1': 173},False,173,"[[-6.460927168293926, -15.093213316632475], [-6.075476750053468, -14.916744590246694], [-5.555014039440673, -14.360976063081559]]",173,0,0,316,316,0,0
old_pipeline,video_000/clip_000,cam0,1,0,{'A': 1010},False,0,,0,0,0,1010,1010,1010,1010
old_pipeline,video_000/clip_000,cam0,2,1,{'B': 931},False,0,,0,0,0,931,931,931,931
ft_base_0.01,video_000/clip_000,cam1,1,0,{'A': 1010},False,0,,0,0,0,1010,1010,1010,1010
ft_base_0.01,video_000/clip_000,cam1,2,1,{'B': 523},False,0,,0,0,0,537,537,537,537
ft_base_0.01,video_000/clip_000,cam1,76,21,{'B': 395},False,0,,0,0,0,404,403,403,403
union_0.30,video_000/clip_000,cam1,5,0,{'A': 1010},False,0,,0,0,0,1010,1010,1010,1010
union_0.30,video_000/clip_000,cam1,6,1,{'B': 859},False,0,,0,0,0,859,789,789,789
old_pipeline,video_000/clip_000,cam1,1,0,{'A': 1010},False,0,,0,0,0,1010,1010,1010,1010
old_pipeline,video_000/clip_000,cam1,2,1,{'B': 995},False,0,,0,0,0,995,926,926,926
ft_base_0.01,video_000/clip_000,cam2,1,0,{'B': 1010},False,0,,0,0,0,1010,978,978,978
ft_base_0.01,video_000/clip_000,cam2,2,1,{'A': 1009},False,0,,0,0,0,1009,950,950,950
union_0.30,video_000/clip_000,cam2,6,0,{'B': 1010},False,0,,0,0,0,1010,978,978,978
union_0.30,video_000/clip_000,cam2,7,1,{'A': 1010},False,0,,0,0,0,1010,951,951,951
old_pipeline,video_000/clip_000,cam2,1,0,{'B': 1010},False,0,,0,0,0,1010,1010,1010,1010
old_pipeline,video_000/clip_000,cam2,2,1,{'A': 1010},False,0,,0,0,0,1010,648,648,648
ft_base_0.01,video_000/clip_007,cam0,1,0,{'A': 652},False,0,,0,0,0,652,652,652,652
ft_base_0.01,video_000/clip_007,cam0,2,1,{'X1': 224},False,0,,0,0,0,652,652,108,171
ft_base_0.01,video_000/clip_007,cam0,4,3,{'B': 530},False,0,,0,0,0,605,604,463,540
union_0.30,video_000/clip_007,cam0,10,0,{'A': 652},False,0,,0,0,0,652,652,652,652
union_0.30,video_000/clip_007,cam0,11,1,{'X1': 224},False,0,,0,0,0,588,588,108,171
union_0.30,video_000/clip_007,cam0,77,4,{'B': 387},False,0,,0,0,0,387,387,310,359
old_pipeline,video_000/clip_007,cam0,1,0,{'A': 652},False,0,,0,0,0,652,652,652,652
old_pipeline,video_000/clip_007,cam0,5,3,{'B': 387},False,0,,0,0,0,387,387,311,358
old_pipeline,video_000/clip_007,cam0,7,4,{'X1': 212},False,0,,0,0,0,212,212,90,149
ft_base_0.01,video_000/clip_007,cam1,1,0,{'A': 651},False,0,,0,0,0,651,651,651,651
ft_base_0.01,video_000/clip_007,cam1,24,9,{'B': 344},False,0,,0,0,0,348,348,198,268
ft_base_0.01,video_000/clip_007,cam1,116,37,{'B': 173},False,0,,0,0,0,173,173,173,173
union_0.30,video_000/clip_007,cam1,5,0,{'A': 652},False,0,,0,0,0,652,652,652,652
union_0.30,video_000/clip_007,cam1,6,1,{'B': 652},False,0,,0,0,0,652,633,485,553
old_pipeline,video_000/clip_007,cam1,1,0,{'A': 652},False,0,,0,0,0,652,652,652,652
old_pipeline,video_000/clip_007,cam1,2,1,{'B': 474},False,0,,0,0,0,475,466,321,395
old_pipeline,video_000/clip_007,cam1,7,2,{'B': 178},False,0,,0,0,0,180,172,172,172
ft_base_0.01,video_000/clip_007,cam2,2,1,{'B': 188},False,0,,0,0,0,197,197,142,190
ft_base_0.01,video_000/clip_007,cam2,21,7,{'A': 570},False,0,,0,0,0,570,570,570,570
ft_base_0.01,video_000/clip_007,cam2,48,20,{'B': 430},False,0,,0,0,0,470,460,362,420
union_0.30,video_000/clip_007,cam2,8,1,{'B': 190},False,0,,0,0,0,190,190,142,183
union_0.30,video_000/clip_007,cam2,17,4,{'A': 579},False,0,,0,0,0,579,579,579,579
union_0.30,video_000/clip_007,cam2,67,8,{'B': 428},False,0,,0,0,0,440,440,362,416
old_pipeline,video_000/clip_007,cam2,1,0,{'B': 618},False,0,,0,0,0,618,618,501,595
old_pipeline,video_000/clip_007,cam2,2,1,{'A': 646},False,0,,0,0,0,646,631,631,631
ft_base_0.01,video_001/clip_001,cam0,2,1,{'X2': 216},False,216,"[[-6.314236881989917, -14.525606246553881], [-5.517463768421759, -14.117724622693519], [-4.9947557578305215, -13.631505971691974]]",216,97,0,732,415,0,97
ft_base_0.01,video_001/clip_001,cam0,3,2,{'X1': 341},False,0,,0,0,0,633,612,612,612
ft_base_0.01,video_001/clip_001,cam0,10,9,{'A': 1187},False,0,,0,0,0,1187,1187,1183,1187
ft_base_0.01,video_001/clip_001,cam0,94,47,{'B': 173},False,0,,0,0,0,405,405,156,405
union_0.30,video_001/clip_001,cam0,21,0,{'A': 1300},False,0,,0,0,0,1300,1300,1267,1300
union_0.30,video_001/clip_001,cam0,22,1,{'B': 732},False,0,,0,0,0,733,733,425,733
union_0.30,video_001/clip_001,cam0,32,3,{'X2': 216},False,216,"[[-6.314236881989917, -14.525606246553881], [-5.517463768421759, -14.117724622693519], [-4.9947557578305215, -13.631505971691974]]",216,97,0,371,364,0,97
union_0.30,video_001/clip_001,cam0,389,12,{'B': 485},False,0,,0,0,0,485,485,485,485
old_pipeline,video_001/clip_001,cam0,1,0,{'A': 1300},False,0,,0,0,0,1300,1300,1259,1300
old_pipeline,video_001/clip_001,cam0,2,1,{'B': 732},False,0,,0,0,0,732,732,406,732
old_pipeline,video_001/clip_001,cam0,7,5,"{'X1': 187, 'B': 533}",False,0,,0,0,0,725,539,539,539
ft_base_0.01,video_001/clip_001,cam1,1,0,{'A': 1298},False,0,,0,0,0,1298,1298,1281,1298
ft_base_0.01,video_001/clip_001,cam1,2,1,{'B': 890},False,0,,0,0,0,890,890,890,890
union_0.30,video_001/clip_001,cam1,8,0,{'A': 1300},False,0,,0,0,0,1300,1300,1283,1300
union_0.30,video_001/clip_001,cam1,9,1,"{'B': 951, 'X1': 8}",False,0,,0,0,0,959,958,958,958
old_pipeline,video_001/clip_001,cam1,1,0,{'A': 1300},False,0,,0,0,0,1300,1300,1300,1300
old_pipeline,video_001/clip_001,cam1,2,1,{'B': 1253},False,0,,0,0,0,1253,1248,1248,1248
ft_base_0.01,video_001/clip_001,cam2,2,1,{'A': 1300},False,0,,0,0,0,1300,1300,1283,1300
ft_base_0.01,video_001/clip_001,cam2,351,192,{'B': 820},False,0,,0,0,0,820,820,818,820
union_0.30,video_001/clip_001,cam2,9,1,{'A': 1300},False,0,,0,0,0,1300,1300,1283,1300
union_0.30,video_001/clip_001,cam2,198,9,{'B': 1020},False,0,,0,0,0,1031,1031,1031,1031
old_pipeline,video_001/clip_001,cam2,2,1,{'A': 580},False,0,,0,0,0,580,580,580,580
old_pipeline,video_001/clip_001,cam2,15,6,{'B': 1009},False,0,,0,0,0,1009,1009,1009,1009
old_pipeline,video_001/clip_001,cam2,24,9,{'A': 720},False,0,,0,0,0,722,722,709,722
ft_base_0.01,video_002/clip_013,cam0,1,0,{'A': 528},False,0,,0,0,0,528,528,528,528
ft_base_0.01,video_002/clip_013,cam0,2,1,{'B': 204},False,0,,0,0,0,207,206,206,206
ft_base_0.01,video_002/clip_013,cam0,49,16,{'B': 303},False,0,,0,0,0,309,302,302,302
union_0.30,video_002/clip_013,cam0,9,0,{'A': 535},False,0,,0,0,0,535,535,535,535
union_0.30,video_002/clip_013,cam0,10,1,{'B': 524},False,0,,0,0,0,525,520,520,520
old_pipeline,video_002/clip_013,cam0,1,0,{'A': 535},False,0,,0,0,0,535,535,535,535
old_pipeline,video_002/clip_013,cam0,2,1,{'B': 524},False,0,,0,0,0,524,524,524,524
ft_base_0.01,video_002/clip_013,cam1,1,0,{'A': 535},False,0,,0,0,0,535,535,535,535
ft_base_0.01,video_002/clip_013,cam1,2,1,{'B': 256},False,0,,0,0,0,258,258,258,258
ft_base_0.01,video_002/clip_013,cam1,53,11,{'B': 242},False,0,,0,0,0,247,247,247,247
union_0.30,video_002/clip_013,cam1,6,0,{'A': 535},False,0,,0,0,0,535,535,535,535
union_0.30,video_002/clip_013,cam1,12,2,{'B': 472},False,0,,0,0,0,473,473,473,473
old_pipeline,video_002/clip_013,cam1,1,0,{'A': 535},False,0,,0,0,0,535,535,535,535
old_pipeline,video_002/clip_013,cam1,2,1,{'B': 530},False,0,,0,0,0,530,512,512,512
ft_base_0.01,video_002/clip_013,cam2,1,0,{'A': 534},False,0,,0,0,0,535,535,535,535
ft_base_0.01,video_002/clip_013,cam2,2,1,{'B': 535},False,0,,0,0,0,535,535,535,535
union_0.30,video_002/clip_013,cam2,5,0,{'A': 534},False,0,,0,0,0,535,535,535,535
union_0.30,video_002/clip_013,cam2,6,1,{'B': 535},False,0,,0,0,0,535,535,535,535
old_pipeline,video_002/clip_013,cam2,1,0,{'B': 535},False,0,,0,0,0,535,535,535,535
old_pipeline,video_002/clip_013,cam2,2,1,{'A': 534},False,0,,0,0,0,534,533,533,533
