camera,frame,pts,detector_window_start,detector_time_index,refiner_window_start,refiner_time_index,matched_peaks_20px,same_rank_native_cells,matched_rank_changes,top1_distance_px,top1_spatial_match,cached_winner,source_winner,winner_changed,cached_winner_anchor_slot,source_winner_anchor_slot,winner_anchor_changed_20px,winner_mean_distance_px,cached_error_px,source_error_px
cam2,217,10850000,212,5,208,9,4,0,3,16.91085433959961,0,0,3,True,0,-1,,62.083106994628906,2.542080206377125,59.65158246586449
cam2,218,10900000,216,2,208,10,5,3,2,0.8890671133995056,0,0,0,False,0,0,False,1.5547680854797363,3.6265786899697003,3.4905865480357967
cam2,219,10950000,216,3,208,11,5,2,2,2.303917169570923,0,0,0,False,0,0,False,2.2533316612243652,5.7248554662941125,6.74483494138407
cam2,220,11000000,216,4,208,12,4,2,2,4.484677791595459,0,0,0,False,0,0,False,9.735405921936035,11.127551321465814,20.80640219572113
cam2,221,11050000,216,5,208,13,4,2,1,21.449966430664062,-1,0,0,False,0,0,True,20.211488723754883,4.877770093237439,23.672146198618155
cam2,222,11100000,220,2,208,14,6,2,4,3.5768942832946777,0,0,0,False,0,0,False,9.88863754272461,3.4030198915178915,12.758805618303995
cam2,223,11150000,220,3,208,15,6,0,5,17.117767333984375,0,0,0,False,0,0,False,5.628698825836182,2.5970441202192593,8.070510351755626
cam2,224,11200000,220,4,208,16,4,2,0,6.020081043243408,0,0,0,False,0,0,False,6.490749359130859,1.7973451410638126,8.205339703988603
cam2,225,11250000,220,5,208,17,5,3,1,6.804807662963867,0,0,3,True,0,-1,,47.48845291137695,2.112844848481087,45.3847515341878
cam2,226,11300000,224,2,208,18,4,2,1,3.386082887649536,0,0,3,True,0,-1,,55.96449661254883,2.681896518915429,53.364238718689535
cam2,227,11350000,224,3,208,19,6,1,3,11.452339172363281,0,0,3,True,0,-1,,62.14628219604492,3.8194696773764716,58.329302783256516
cam2,228,11400000,224,4,208,20,5,2,2,8.072467803955078,0,0,0,False,0,0,False,8.13722038269043,1.4879085531063416,8.037456806718096
cam2,229,11450000,224,5,208,21,5,1,4,7.406065464019775,0,0,3,True,0,-1,,73.98856353759766,1.1162270364761786,73.29045630339479
cam2,230,11500000,228,2,208,22,5,1,3,4.849542140960693,0,0,3,True,0,-1,,89.78168487548828,1.8963278025625945,89.75078373161021
cam2,231,11550000,228,3,208,23,5,0,5,286.5107116699219,1,0,3,True,0,-1,,96.33320617675781,2.6315216047729124,98.70750863493572
cam2,232,11600000,228,4,208,24,4,0,4,301.3424072265625,1,0,3,True,0,-1,,74.39656829833984,12.147197129013772,86.28924294123586
cam2,233,11650000,228,5,224,9,4,1,3,307.59716796875,1,0,3,True,0,-1,,79.3378677368164,19.291094995372084,60.18858756880913
cam2,234,11700000,232,2,224,10,3,0,3,291.6086730957031,7,3,3,False,-1,-1,,199.96873474121094,119.18390724710953,80.81982009415447
cam2,235,11750000,232,3,224,11,5,0,5,306.72998046875,6,0,3,True,0,-1,,103.8227310180664,19.834232069465333,85.72930642474863
cam2,236,11800000,232,4,224,12,4,0,4,290.91595458984375,4,0,3,True,0,-1,,84.94343566894531,1.992871952577052,83.31515912757764
cam2,237,11850000,232,5,224,13,3,0,3,269.57318115234375,3,0,3,True,0,-1,,67.55831146240234,7.323744004538232,74.74738128499304
cam2,238,11900000,236,2,224,14,2,0,2,279.09039306640625,-1,3,3,False,-1,-1,,154.8622283935547,61.52359750482951,94.48275450464833
cam2,239,11950000,236,3,224,15,5,0,5,743.3803100585938,1,3,3,False,-1,-1,,139.08737182617188,50.72869483908023,91.37163934133208
cam2,240,12000000,236,4,224,16,3,0,3,755.1492919921875,1,3,3,False,-1,-1,,129.56019592285156,43.260449929029214,90.09152393126968
cam2,241,12050000,236,5,224,17,5,0,5,763.3773803710938,1,3,3,False,-1,-1,,129.04881286621094,17.733778049902593,122.6235963150523
cam2,242,12100000,240,2,224,18,5,2,3,0.6402462124824524,0,3,3,False,-1,-1,,167.31741333007812,24.245969185638167,183.763862581787
cam2,243,12150000,240,3,224,19,4,2,2,0.6801361441612244,0,3,3,False,-1,-1,,143.7477569580078,65.33825075986886,206.84773596388996
cam2,244,12200000,240,4,224,20,6,0,6,812.277099609375,1,3,3,False,-1,-1,,115.4489974975586,106.4620612397449,220.56513407684724
cam2,245,12250000,240,5,224,21,4,0,3,28.926860809326172,-1,3,3,False,-1,-1,,159.49447631835938,19.0744102879603,163.744448237247
cam2,246,12300000,244,2,224,22,4,0,3,7.816563129425049,0,3,3,False,-1,-1,,177.61143493652344,19.87566634556355,167.61633082868286
cam2,247,12350000,244,3,237,10,3,0,1,8.683283805847168,0,0,3,True,0,-1,,107.13996124267578,287.8028860033222,181.45490059967264
cam2,248,12400000,244,4,237,11,2,1,1,0.6490553021430969,0,3,3,False,-1,-1,,50.5855827331543,155.06002831819086,174.77525428079565
cam2,249,12450000,244,5,237,12,2,0,1,7.805121898651123,0,3,3,False,-1,-1,,73.7287826538086,148.5036882832361,173.74343179024916
cam2,250,12500000,248,2,237,13,3,2,1,5.74232816696167,0,3,1,True,-1,1,,494.1434020996094,131.33878250552613,579.2014998374087
cam2,251,12550000,248,3,237,14,4,2,1,5.716898441314697,0,1,0,True,1,0,True,299.8973388671875,14.712684632858572,295.47669069603313
cam2,252,12600000,248,4,237,15,4,0,3,11.793190002441406,0,1,3,True,1,-1,,159.96876525878906,13.896193062162821,150.50273043417477
cam2,253,12650000,248,5,237,16,5,0,4,9.147838592529297,0,1,3,True,1,-1,,178.98866271972656,24.289317584797264,154.71799416686366
cam2,254,12700000,252,2,237,17,4,0,4,315.03466796875,1,0,3,True,0,-1,,203.4086151123047,15.363596685263062,188.09604057204908
cam2,255,12750000,252,3,237,18,4,2,2,2.6497271060943604,0,3,3,False,-1,-1,,41.75896453857422,168.55406918806057,192.9393049621605
cam2,256,12800000,252,4,237,19,4,2,2,0.6892645955085754,0,0,3,True,0,-1,,117.91265106201172,303.99794369914747,186.09169047399675
cam2,257,12850000,252,5,237,20,2,0,2,300.9786071777344,2,0,3,True,0,-1,,180.94204711914062,0.5426013226458237,180.6084897523554
cam2,258,12900000,256,2,237,21,4,0,4,296.7163391113281,1,0,3,True,0,-1,,178.4742889404297,2.069872977834064,180.4552663009959
cam2,259,12950000,256,3,237,22,4,1,3,299.8898010253906,1,0,3,True,0,-1,,181.81146240234375,4.033609721221029,184.14285088157047
cam2,260,13000000,256,4,237,23,4,1,2,308.5199279785156,2,0,3,True,0,-1,,182.0810546875,3.156879616493142,183.52873735485463
cam2,261,13050000,256,5,237,24,6,0,6,307.9535217285156,2,0,3,True,0,-1,,172.7793426513672,3.1197541293427227,175.8946761858371
cam2,262,13100000,260,2,237,25,4,0,3,308.5435485839844,1,0,3,True,0,-1,,159.13726806640625,4.987080778380868,163.8514650744328
cam2,263,13150000,260,3,237,26,4,0,4,318.49639892578125,1,0,3,True,0,-1,,166.05409240722656,6.467398412031871,169.988893409041
cam2,264,13200000,260,4,237,27,4,0,4,317.05145263671875,1,0,3,True,0,-1,,162.1985321044922,4.193681862928495,163.36443135345618
cam2,265,13250000,262,3,237,28,5,0,4,2.7706732749938965,0,0,3,True,0,-1,,172.97357177734375,3.2570407668153942,173.90117135811954
