camera,near_far,idtp,idfp,idfn,idf1,player_units,player_units_kept,player_identities,player_identities_kept50,nonplayer_units,nonplayer_units_kept,id_switches,fragments
all,all,18757,0,3232,0.9206793304864281,21989,18757,6,6,15961,0,0,16
all,near,9365,0,1518,0.9250296325563019,10883,9365,6,6,0,0,0,0
all,far,9256,0,1627,0.919211480212523,10883,9256,6,6,0,0,0,16
all,unknown,136,0,87,0.7576601671309192,223,136,4,3,15961,0,0,0
cam0,all,4075,0,3126,0.7227740333451579,7201,4075,6,4,8570,0,0,3
cam0,near,1981,0,1518,0.722992700729927,3499,1981,3,2,0,0,0,0
cam0,far,1978,0,1521,0.7222932262187329,3499,1978,3,2,0,0,0,3
cam0,unknown,116,0,87,0.7272727272727273,203,116,3,2,8570,0,0,0
cam1,all,7332,0,54,0.9963310232368529,7386,7332,6,6,886,0,0,9
cam1,near,3684,0,0,1.0,3684,3684,3,3,0,0,0,0
cam1,far,3630,0,54,0.992616899097621,3684,3630,3,3,0,0,0,9
cam1,unknown,18,0,0,1.0,18,18,2,2,886,0,0,0
cam2,all,7350,0,52,0.9964750542299349,7402,7350,6,6,6505,0,0,4
cam2,near,3700,0,0,1.0,3700,3700,3,3,0,0,0,0
cam2,far,3648,0,52,0.9929232444202504,3700,3648,3,3,0,0,0,4
cam2,unknown,2,0,0,1.0,2,2,1,1,6505,0,0,0
