group,metric,frames,seed42,seed43,seed44,min,max,spread
chat_annotation/evidence_gap/observed,median_error_px,1502,55.895321805476705,47.62709594346262,51.964933460733164,47.62709594346262,55.895321805476705,8.268225862014084
chat_annotation/evidence_gap/observed,p90_error_px,1502,212.3454198525794,207.24978395069004,278.37305699456107,207.24978395069004,278.37305699456107,71.12327304387102
chat_annotation/evidence_gap/observed,p95_error_px,1502,368.2852322992465,364.25512211187987,413.96631035150455,364.25512211187987,413.96631035150455,49.711188239624676
chat_annotation/evidence_gap/observed,mean_nll_px,1502,11.028311640394177,10.851342494163442,11.058289927035295,10.851342494163442,11.058289927035295,0.20694743287185347
chat_annotation/evidence_gap/observed,coverage_0.5,1502,0.6617842876165113,0.7576564580559254,0.770306258322237,0.6617842876165113,0.770306258322237,0.10852197070572567
chat_annotation/evidence_gap/observed,coverage_0.9,1502,0.9687083888149135,0.966711051930759,0.9727030625832224,0.966711051930759,0.9727030625832224,0.005992010652463353
chat_annotation/evidence_gap/observed,coverage_0.95,1502,0.9840213049267643,0.9786950732356857,0.9793608521970706,0.9786950732356857,0.9840213049267643,0.005326231691078598
chat_annotation/evidence_gap/observed,area_px2_0.5,1502,71490.3106458804,59974.686083918285,78307.25694540638,59974.686083918285,78307.25694540638,18332.570861488093
chat_annotation/evidence_gap/observed,area_px2_0.9,1502,280822.67772634205,237943.85852610876,328727.39244419633,237943.85852610876,328727.39244419633,90783.53391808757
chat_annotation/evidence_gap/observed,area_px2_0.95,1502,378294.68146201654,321415.91569704976,454358.21104527,321415.91569704976,454358.21104527,132942.29534822027
chat_annotation/observed/observed,median_error_px,6622,3.5848848774149373,3.813964342794214,4.1327090689389046,3.5848848774149373,4.1327090689389046,0.5478241915239672
chat_annotation/observed/observed,p90_error_px,6622,94.34502989362792,88.82453233452536,114.72675690670495,88.82453233452536,114.72675690670495,25.90222457217959
chat_annotation/observed/observed,p95_error_px,6622,210.9582131060343,203.13080239583238,279.2569003740653,203.13080239583238,279.2569003740653,76.12609797823293
chat_annotation/observed/observed,mean_nll_px,6622,6.322052128095263,6.395474598931446,6.482362158337562,6.322052128095263,6.482362158337562,0.16031003024229928
chat_annotation/observed/observed,coverage_0.5,6622,0.6890667472062821,0.6182422228933857,0.6220175173663546,0.6182422228933857,0.6890667472062821,0.07082452431289643
chat_annotation/observed/observed,coverage_0.9,6622,0.9367260646330414,0.9084868619752341,0.922077922077922,0.9084868619752341,0.9367260646330414,0.028239202657807327
chat_annotation/observed/observed,coverage_0.95,6622,0.9565086076713983,0.9376321353065539,0.9503171247357294,0.9376321353065539,0.9565086076713983,0.018876472364844465
chat_annotation/observed/observed,area_px2_0.5,6622,12405.483498786136,7720.682912292867,7413.672487400303,7413.672487400303,12405.483498786136,4991.811011385833
chat_annotation/observed/observed,area_px2_0.9,6622,68135.14467829754,40559.039581257006,50043.4687568414,40559.039581257006,68135.14467829754,27576.105097040534
chat_annotation/observed/observed,area_px2_0.95,6622,96029.34283561811,57235.83026190578,73390.78572189162,57235.83026190578,96029.34283561811,38793.51257371233
meiji/calibration/cam0/evidence_gap/observed,median_error_px,876,30.675812549340854,24.11709879219774,25.02508283469934,24.11709879219774,30.675812549340854,6.5587137571431136
meiji/calibration/cam0/evidence_gap/observed,p90_error_px,876,209.13031752844597,228.99992244306455,238.64825136283096,209.13031752844597,238.64825136283096,29.51793383438499
meiji/calibration/cam0/evidence_gap/observed,p95_error_px,876,360.9865693366009,325.7500636036117,423.0554215866538,325.7500636036117,423.0554215866538,97.30535798304209
meiji/calibration/cam0/evidence_gap/observed,mean_nll_px,876,10.171760069271718,9.991258399345735,10.43383031754091,9.991258399345735,10.43383031754091,0.44257191819517416
meiji/calibration/cam0/evidence_gap/observed,coverage_0.5,876,0.58675799086758,0.6461187214611872,0.6598173515981736,0.58675799086758,0.6598173515981736,0.0730593607305936
meiji/calibration/cam0/evidence_gap/observed,coverage_0.9,876,0.8984018264840182,0.8755707762557078,0.860730593607306,0.860730593607306,0.8984018264840182,0.03767123287671226
meiji/calibration/cam0/evidence_gap/observed,coverage_0.95,876,0.9360730593607306,0.8961187214611872,0.8949771689497716,0.8949771689497716,0.9360730593607306,0.04109589041095896
meiji/calibration/cam0/evidence_gap/observed,area_px2_0.5,876,10321.60950405281,6341.058292466932,10595.394345711957,6341.058292466932,10595.394345711957,4254.336053245025
meiji/calibration/cam0/evidence_gap/observed,area_px2_0.9,876,55321.29511397538,29296.993984547447,50347.28311137595,29296.993984547447,55321.29511397538,26024.30112942793
meiji/calibration/cam0/evidence_gap/observed,area_px2_0.95,876,80835.79616689739,41679.72485030744,73414.17526898326,41679.72485030744,80835.79616689739,39156.07131658995
meiji/calibration/cam0/observed/observed,median_error_px,3952,4.705221166986226,4.687873920032157,5.410098378960711,4.687873920032157,5.410098378960711,0.7222244589285545
meiji/calibration/cam0/observed/observed,p90_error_px,3952,225.10953568203053,249.06031744751095,259.84699149337877,225.10953568203053,259.84699149337877,34.73745581134824
meiji/calibration/cam0/observed/observed,p95_error_px,3952,338.43690037097986,371.3649918020255,379.7061703987204,338.43690037097986,379.7061703987204,41.26927002774056
meiji/calibration/cam0/observed/observed,mean_nll_px,3952,7.715435770996512,8.085806640611075,7.822881706352195,7.715435770996512,8.085806640611075,0.3703708696145629
meiji/calibration/cam0/observed/observed,coverage_0.5,3952,0.5617408906882592,0.5159412955465587,0.5650303643724697,0.5159412955465587,0.5650303643724697,0.04908906882591102
meiji/calibration/cam0/observed/observed,coverage_0.9,3952,0.8216093117408907,0.7897267206477733,0.8446356275303644,0.7897267206477733,0.8446356275303644,0.05490890688259109
meiji/calibration/cam0/observed/observed,coverage_0.95,3952,0.8623481781376519,0.8370445344129555,0.8904352226720648,0.8370445344129555,0.8904352226720648,0.05339068825910931
meiji/calibration/cam0/observed/observed,area_px2_0.5,3952,1650.6757425634125,918.7904964922345,1223.0864377106411,918.7904964922345,1650.6757425634125,731.885246071178
meiji/calibration/cam0/observed/observed,area_px2_0.9,3952,12932.903961240876,6724.237530669489,11813.313163101673,6724.237530669489,12932.903961240876,6208.666430571387
meiji/calibration/cam0/observed/observed,area_px2_0.95,3952,19816.374211899012,10314.113807733449,18841.21124126649,10314.113807733449,19816.374211899012,9502.260404165563
meiji/calibration/cam1/evidence_gap/observed,median_error_px,873,34.98800987944411,26.914403471495696,34.05152673071637,26.914403471495696,34.98800987944411,8.073606407948411
meiji/calibration/cam1/evidence_gap/observed,p90_error_px,873,243.39543991115298,243.51878859354056,255.31239549777882,243.39543991115298,255.31239549777882,11.916955586625846
meiji/calibration/cam1/evidence_gap/observed,p95_error_px,873,385.1126296576169,413.95487734576454,424.5848230015893,385.1126296576169,424.5848230015893,39.472193343972435
meiji/calibration/cam1/evidence_gap/observed,mean_nll_px,873,10.72836646669425,10.761477188518345,10.864741999652392,10.72836646669425,10.864741999652392,0.13637553295814087
meiji/calibration/cam1/evidence_gap/observed,coverage_0.5,873,0.6746849942726232,0.6517754868270332,0.6884306987399771,0.6517754868270332,0.6884306987399771,0.03665521191294385
meiji/calibration/cam1/evidence_gap/observed,coverage_0.9,873,0.8934707903780069,0.845360824742268,0.8487972508591065,0.845360824742268,0.8934707903780069,0.04810996563573888
meiji/calibration/cam1/evidence_gap/observed,coverage_0.95,873,0.9117983963344788,0.856815578465063,0.8774341351660939,0.856815578465063,0.9117983963344788,0.054982817869415834
meiji/calibration/cam1/evidence_gap/observed,area_px2_0.5,873,15532.815027811295,8587.628827557852,12607.41475459667,8587.628827557852,15532.815027811295,6945.1862002534435
meiji/calibration/cam1/evidence_gap/observed,area_px2_0.9,873,72023.69034572165,37652.505250228125,58699.02520611087,37652.505250228125,72023.69034572165,34371.18509549353
meiji/calibration/cam1/evidence_gap/observed,area_px2_0.95,873,101952.17928162879,53340.80123690836,84452.4859404657,53340.80123690836,101952.17928162879,48611.37804472043
meiji/calibration/cam1/observed/observed,median_error_px,4171,2.6960336360369737,2.6691166341199914,2.909837183746423,2.6691166341199914,2.909837183746423,0.24072054962643152
meiji/calibration/cam1/observed/observed,p90_error_px,4171,275.4548473518615,258.5239460216771,274.4783651670212,258.5239460216771,275.4548473518615,16.930901330184383
meiji/calibration/cam1/observed/observed,p95_error_px,4171,513.8349148894431,527.5864005891146,549.2380460133484,513.8349148894431,549.2380460133484,35.40313112390527
meiji/calibration/cam1/observed/observed,mean_nll_px,4171,6.619564268354676,6.765992628948825,6.721756935698187,6.619564268354676,6.765992628948825,0.14642836059414943
meiji/calibration/cam1/observed/observed,coverage_0.5,4171,0.6708223447614481,0.6382162550947015,0.6343802445456725,0.6343802445456725,0.6708223447614481,0.03644210021577554
meiji/calibration/cam1/observed/observed,coverage_0.9,4171,0.8762886597938144,0.865979381443299,0.86214337089427,0.86214337089427,0.8762886597938144,0.014145288899544473
meiji/calibration/cam1/observed/observed,coverage_0.95,4171,0.8990649724286742,0.8933109566051307,0.8901941980340446,0.8901941980340446,0.8990649724286742,0.008870774394629577
meiji/calibration/cam1/observed/observed,area_px2_0.5,4171,1834.7117813700183,1313.1219430204385,729.6016919914883,729.6016919914883,1834.7117813700183,1105.1100893785301
meiji/calibration/cam1/observed/observed,area_px2_0.9,4171,19550.14537812807,11888.795580184367,12660.222809923407,11888.795580184367,19550.14537812807,7661.349797943702
meiji/calibration/cam1/observed/observed,area_px2_0.95,4171,30212.669222236855,18384.562441409893,20970.01147583154,18384.562441409893,30212.669222236855,11828.106780826962
meiji/calibration/cam2/evidence_gap/observed,median_error_px,835,39.18638251563748,32.838027214417274,34.547969711753915,32.838027214417274,39.18638251563748,6.348355301220209
meiji/calibration/cam2/evidence_gap/observed,p90_error_px,835,183.9917400998614,188.07002561662705,183.01980687438234,183.01980687438234,188.07002561662705,5.050218742244709
meiji/calibration/cam2/evidence_gap/observed,p95_error_px,835,242.25153900585434,275.4641893921093,296.51480786224926,242.25153900585434,296.51480786224926,54.263268856394916
meiji/calibration/cam2/evidence_gap/observed,mean_nll_px,835,10.524815595682588,10.217819489270438,10.410880733842967,10.217819489270438,10.524815595682588,0.30699610641215
meiji/calibration/cam2/evidence_gap/observed,coverage_0.5,835,0.6083832335329341,0.681437125748503,0.7125748502994012,0.6083832335329341,0.7125748502994012,0.10419161676646704
meiji/calibration/cam2/evidence_gap/observed,coverage_0.9,835,0.8898203592814371,0.8862275449101796,0.9125748502994012,0.8862275449101796,0.9125748502994012,0.026347305389221587
meiji/calibration/cam2/evidence_gap/observed,coverage_0.95,835,0.9089820359281438,0.9221556886227545,0.9221556886227545,0.9089820359281438,0.9221556886227545,0.013173652694610793
meiji/calibration/cam2/evidence_gap/observed,area_px2_0.5,835,20777.646820322236,12932.634006549137,18845.194796374162,12932.634006549137,20777.646820322236,7845.012813773099
meiji/calibration/cam2/evidence_gap/observed,area_px2_0.9,835,89593.57564254342,60233.9453814092,84667.30158185224,60233.9453814092,89593.57564254342,29359.630261134225
meiji/calibration/cam2/evidence_gap/observed,area_px2_0.95,835,124144.4929081784,84017.95968928571,118750.96181699577,84017.95968928571,124144.4929081784,40126.5332188927
meiji/calibration/cam2/observed/observed,median_error_px,3945,3.8064223113730966,3.760910105275005,4.168666194860958,3.760910105275005,4.168666194860958,0.40775608958595244
meiji/calibration/cam2/observed/observed,p90_error_px,3945,172.34361078327103,157.99554691039577,186.71884923262022,157.99554691039577,186.71884923262022,28.72330232222444
meiji/calibration/cam2/observed/observed,p95_error_px,3945,293.59267759986716,299.16387056789887,327.5156545242654,293.59267759986716,327.5156545242654,33.922976924398256
meiji/calibration/cam2/observed/observed,mean_nll_px,3945,6.790794415205254,6.854985175972283,6.7836575387103535,6.7836575387103535,6.854985175972283,0.07132763726192959
meiji/calibration/cam2/observed/observed,coverage_0.5,3945,0.6775665399239543,0.6131812420785805,0.6220532319391635,0.6131812420785805,0.6775665399239543,0.06438529784537383
meiji/calibration/cam2/observed/observed,coverage_0.9,3945,0.8887198986058301,0.8679340937896071,0.8836501901140684,0.8679340937896071,0.8887198986058301,0.020785804816223052
meiji/calibration/cam2/observed/observed,coverage_0.95,3945,0.9102661596958175,0.8912547528517111,0.9084917617237009,0.8912547528517111,0.9102661596958175,0.019011406844106404
meiji/calibration/cam2/observed/observed,area_px2_0.5,3945,4365.255415200345,2620.3755470256897,2098.4732350583026,2098.4732350583026,4365.255415200345,2266.7821801420423
meiji/calibration/cam2/observed/observed,area_px2_0.9,3945,26671.125275861417,20707.83851543029,21295.258027677686,20707.83851543029,26671.125275861417,5963.286760431129
meiji/calibration/cam2/observed/observed,area_px2_0.95,3945,38632.30421434395,30287.439043377744,32847.66183699506,30287.439043377744,38632.30421434395,8344.865170966208
meiji/calibration/evidence_gap/observed,median_error_px,2584,35.343068182465615,27.31873579848655,30.502692163893883,27.31873579848655,35.343068182465615,8.024332383979065
meiji/calibration/evidence_gap/observed,p90_error_px,2584,206.28126674847226,210.12311522640152,225.74514283465322,206.28126674847226,225.74514283465322,19.46387608618096
meiji/calibration/evidence_gap/observed,p95_error_px,2584,346.34542227959315,329.1340770121909,404.0339556013339,329.1340770121909,404.0339556013339,74.89987858914299
meiji/calibration/evidence_gap/observed,mean_nll_px,2584,10.473895808243446,10.324687003461376,10.57199711169553,10.324687003461376,10.57199711169553,0.24731010823415467
meiji/calibration/evidence_gap/observed,coverage_0.5,2584,0.6234520123839009,0.6594427244582043,0.6865325077399381,0.6234520123839009,0.6865325077399381,0.06308049535603721
meiji/calibration/evidence_gap/observed,coverage_0.9,2584,0.8939628482972136,0.8688080495356038,0.8734520123839009,0.8688080495356038,0.8939628482972136,0.025154798761609864
meiji/calibration/evidence_gap/observed,coverage_0.95,2584,0.9191176470588235,0.8912538699690402,0.8978328173374613,0.8912538699690402,0.9191176470588235,0.02786377708978327
meiji/calibration/evidence_gap/observed,area_px2_0.5,2584,15460.995564937533,9230.07601630324,13941.012454558431,9230.07601630324,15460.995564937533,6230.919548634294
meiji/calibration/evidence_gap/observed,area_px2_0.9,2584,72038.99839519395,42116.93042081634,64259.15860346236,42116.93042081634,72038.99839519395,29922.067974377613
meiji/calibration/evidence_gap/observed,area_px2_0.95,2584,101964.80709496632,59300.6790980046,91793.68842060657,59300.6790980046,101964.80709496632,42664.127996961724
meiji/calibration/observed/observed,median_error_px,12068,3.5280222597700446,3.4729214770417336,3.8329165808092798,3.4729214770417336,3.8329165808092798,0.3599951037675462
meiji/calibration/observed/observed,p90_error_px,12068,219.85955815794142,223.99715034766143,244.31043529450986,219.85955815794142,244.31043529450986,24.450877136568437
meiji/calibration/observed/observed,p95_error_px,12068,377.6048657852895,386.6315867297456,413.60776035162974,377.6048657852895,413.60776035162974,36.00289456634022
meiji/calibration/observed/observed,mean_nll_px,12068,7.034412387990579,7.227293637574675,7.1025858197309715,7.034412387990579,7.227293637574675,0.19288124958409636
meiji/calibration/observed/observed,coverage_0.5,12068,0.6373052701358966,0.5899900563473649,0.6076400397746106,0.5899900563473649,0.6373052701358966,0.04731521378853165
meiji/calibration/observed/observed,coverage_0.9,12068,0.8624461385482267,0.8416473317865429,0.8634405038117335,0.8416473317865429,0.8634405038117335,0.0217931720251906
meiji/calibration/observed/observed,coverage_0.95,12068,0.8907026847862115,0.8742127941663904,0.8962545575074577,0.8742127941663904,0.8962545575074577,0.022041763341067333
meiji/calibration/observed/observed,area_px2_0.5,12068,2601.672687079078,1611.3252568355906,1338.687700649151,1338.687700649151,2601.672687079078,1262.984986429927
meiji/calibration/observed/observed,area_px2_0.9,12068,19710.977961573535,13080.442163533917,15205.650967845279,13080.442163533917,19710.977961573535,6630.535798039618
meiji/calibration/observed/observed,area_px2_0.95,12068,29560.47351151489,19632.692636510477,24155.65219076268,19632.692636510477,29560.47351151489,9927.780875004413
meiji/cam0/evidence_gap/observed,median_error_px,1697,28.38158694579294,21.054273289852727,24.272008230043728,21.054273289852727,28.38158694579294,7.3273136559402126
meiji/cam0/evidence_gap/observed,p90_error_px,1697,184.50235351675994,184.29116296629618,173.96944098014694,173.96944098014694,184.50235351675994,10.532912536612997
meiji/cam0/evidence_gap/observed,p95_error_px,1697,273.1658710996421,246.25726543582584,349.3467073457397,246.25726543582584,349.3467073457397,103.08944190991383
meiji/cam0/evidence_gap/observed,mean_nll_px,1697,9.913039440651604,9.714018684392308,10.039072441980144,9.714018684392308,10.039072441980144,0.3250537575878365
meiji/cam0/evidence_gap/observed,coverage_0.5,1697,0.6599882144961697,0.6882734236888627,0.7218621096051856,0.6599882144961697,0.7218621096051856,0.061873895109015864
meiji/cam0/evidence_gap/observed,coverage_0.9,1697,0.935179728933412,0.9021803182086034,0.9169121979964644,0.9021803182086034,0.935179728933412,0.0329994107248085
meiji/cam0/evidence_gap/observed,coverage_0.95,1697,0.9646434885091337,0.9210371243370654,0.9369475545079552,0.9210371243370654,0.9646434885091337,0.04360636417206831
meiji/cam0/evidence_gap/observed,area_px2_0.5,1697,13157.546037084601,8680.635387986566,13010.300668334809,8680.635387986566,13157.546037084601,4476.910649098036
meiji/cam0/evidence_gap/observed,area_px2_0.9,1697,66370.67333769696,37312.15071259826,64018.226843466815,37312.15071259826,66370.67333769696,29058.522625098703
meiji/cam0/evidence_gap/observed,area_px2_0.95,1697,94225.4108610823,51784.82046245142,92011.1087882893,51784.82046245142,94225.4108610823,42440.590398630884
meiji/cam0/observed/observed,median_error_px,7556,3.8849027240393053,3.8699392372325168,4.318504863221097,3.8699392372325168,4.318504863221097,0.4485656259885804
meiji/cam0/observed/observed,p90_error_px,7556,150.06753821817324,160.42708366954668,156.6567841540762,150.06753821817324,160.42708366954668,10.359545451373435
meiji/cam0/observed/observed,p95_error_px,7556,266.7649489350533,273.31025558593427,279.24170589002426,266.7649489350533,279.24170589002426,12.476756954970938
meiji/cam0/observed/observed,mean_nll_px,7556,7.046573389154253,7.260084473033534,7.1547320295590495,7.046573389154253,7.260084473033534,0.21351108387928086
meiji/cam0/observed/observed,coverage_0.5,7556,0.5972736897829539,0.5422181048173637,0.5952885124404447,0.5422181048173637,0.5972736897829539,0.055055584965590265
meiji/cam0/observed/observed,coverage_0.9,7556,0.8654049761778719,0.8267601905770249,0.8839332980412917,0.8267601905770249,0.8839332980412917,0.05717310746426685
meiji/cam0/observed/observed,coverage_0.95,7556,0.9033880359978825,0.873875066172578,0.9242985706723134,0.873875066172578,0.9242985706723134,0.05042350449973532
meiji/cam0/observed/observed,area_px2_0.5,7556,1712.3747198125634,951.9068999314192,1287.5074846718107,951.9068999314192,1712.3747198125634,760.4678198811442
meiji/cam0/observed/observed,area_px2_0.9,7556,15610.271704004135,7327.472743238189,13004.346063436502,7327.472743238189,15610.271704004135,8282.798960765947
meiji/cam0/observed/observed,area_px2_0.95,7556,23877.57849114805,11178.119671264367,20460.289646365396,11178.119671264367,23877.57849114805,12699.458819883685
meiji/cam1/evidence_gap/observed,median_error_px,1738,30.169373495637736,23.90968622796114,29.154171966267953,23.90968622796114,30.169373495637736,6.259687267676597
meiji/cam1/evidence_gap/observed,p90_error_px,1738,146.52636071790292,140.01971836124375,159.11999372351994,140.01971836124375,159.11999372351994,19.100275362276193
meiji/cam1/evidence_gap/observed,p95_error_px,1738,253.58626406288627,248.70338336730592,269.3404351267944,248.70338336730592,269.3404351267944,20.637051759488457
meiji/cam1/evidence_gap/observed,mean_nll_px,1738,10.234128977126225,10.090861946792586,10.349134084124723,10.090861946792586,10.349134084124723,0.2582721373321366
meiji/cam1/evidence_gap/observed,coverage_0.5,1738,0.7451093210586881,0.7243958573072498,0.7353279631760644,0.7243958573072498,0.7451093210586881,0.020713463751438344
meiji/cam1/evidence_gap/observed,coverage_0.9,1738,0.9263521288837745,0.8975834292289988,0.9016110471806674,0.8975834292289988,0.9263521288837745,0.028768699654775687
meiji/cam1/evidence_gap/observed,coverage_0.95,1738,0.9447640966628308,0.9125431530494822,0.9228998849252014,0.9125431530494822,0.9447640966628308,0.032220943613348596
meiji/cam1/evidence_gap/observed,area_px2_0.5,1738,13954.905702194845,8331.725728407177,11905.855399613885,8331.725728407177,13954.905702194845,5623.179973787668
meiji/cam1/evidence_gap/observed,area_px2_0.9,1738,63251.35139477783,36113.209626877724,53675.41486948285,36113.209626877724,63251.35139477783,27138.141767900102
meiji/cam1/evidence_gap/observed,area_px2_0.95,1738,89751.91630580518,50881.20653654875,77118.16235084015,50881.20653654875,89751.91630580518,38870.70976925643
meiji/cam1/observed/observed,median_error_px,7999,2.376735977633458,2.4431521262831213,2.6494978756912264,2.376735977633458,2.6494978756912264,0.2727618980577686
meiji/cam1/observed/observed,p90_error_px,7999,135.47923183577504,120.02117620142975,136.63804815075738,120.02117620142975,136.63804815075738,16.61687194932763
meiji/cam1/observed/observed,p95_error_px,7999,337.512548634247,307.64178977724197,348.12702912876244,307.64178977724197,348.12702912876244,40.48523935152048
meiji/cam1/observed/observed,mean_nll_px,7999,5.904503903978274,5.991011336410454,6.016672993386242,5.904503903978274,6.016672993386242,0.11216908940796877
meiji/cam1/observed/observed,coverage_0.5,7999,0.7168396049506188,0.6743342917864733,0.6773346668333542,0.6743342917864733,0.7168396049506188,0.04250531316414552
meiji/cam1/observed/observed,coverage_0.9,7999,0.9162395299412427,0.9024878109763721,0.9019877484685586,0.9019877484685586,0.9162395299412427,0.014251781472684133
meiji/cam1/observed/observed,coverage_0.95,7999,0.9342417802225278,0.9251156394549319,0.9256157019627453,0.9251156394549319,0.9342417802225278,0.00912614076759588
meiji/cam1/observed/observed,area_px2_0.5,7999,1689.4340410081177,1299.077158188519,971.9033280300479,971.9033280300479,1689.4340410081177,717.5307129780698
meiji/cam1/observed/observed,area_px2_0.9,7999,16705.545811190506,10169.446737976426,11039.059343684075,10169.446737976426,16705.545811190506,6536.09907321408
meiji/cam1/observed/observed,area_px2_0.95,7999,25647.49432072318,15437.339849415195,17749.656124357552,15437.339849415195,25647.49432072318,10210.154471307986
meiji/cam2/evidence_gap/observed,median_error_px,1642,31.908938758719035,26.886698565678245,29.808813772233226,26.886698565678245,31.908938758719035,5.0222401930407905
meiji/cam2/evidence_gap/observed,p90_error_px,1642,139.85530426570097,148.6880896647407,137.91308757713836,137.91308757713836,148.6880896647407,10.775002087602331
meiji/cam2/evidence_gap/observed,p95_error_px,1642,217.7835655139934,209.72381762426986,236.0021250465656,209.72381762426986,236.0021250465656,26.27830742229574
meiji/cam2/evidence_gap/observed,mean_nll_px,1642,10.063433499351108,9.807338427072748,10.068040729248505,9.807338427072748,10.068040729248505,0.26070230217575663
meiji/cam2/evidence_gap/observed,coverage_0.5,1642,0.6991473812423873,0.718026796589525,0.7521315468940317,0.6991473812423873,0.7521315468940317,0.05298416565164443
meiji/cam2/evidence_gap/observed,coverage_0.9,1642,0.9360535931790499,0.9293544457978076,0.9451887941534713,0.9293544457978076,0.9451887941534713,0.015834348355663774
meiji/cam2/evidence_gap/observed,coverage_0.95,1642,0.9470158343483557,0.953714981729598,0.951278928136419,0.9470158343483557,0.953714981729598,0.006699147381242332
meiji/cam2/evidence_gap/observed,area_px2_0.5,1642,17425.69986730834,12463.297562581813,14944.908632387574,12463.297562581813,17425.69986730834,4962.402304726527
meiji/cam2/evidence_gap/observed,area_px2_0.9,1642,77337.93653237587,55166.55853619904,69465.29366854206,55166.55853619904,77337.93653237587,22171.37799617683
meiji/cam2/evidence_gap/observed,area_px2_0.95,1642,107472.17407310964,76479.28871159919,98058.12144739884,76479.28871159919,107472.17407310964,30992.885361510445
meiji/cam2/observed/observed,median_error_px,7452,3.4160843738780957,3.4461123907918196,3.7746213520149734,3.4160843738780957,3.7746213520149734,0.3585369781368777
meiji/cam2/observed/observed,p90_error_px,7452,108.22679176303551,83.96506447653009,96.01655879244767,83.96506447653009,108.22679176303551,24.26172728650542
meiji/cam2/observed/observed,p95_error_px,7452,230.34227281876574,220.17843790135885,262.3842546295425,220.17843790135885,262.3842546295425,42.20581672818366
meiji/cam2/observed/observed,mean_nll_px,7452,6.340319163685666,6.355216598818549,6.398961122854883,6.340319163685666,6.398961122854883,0.05864195916921666
meiji/cam2/observed/observed,coverage_0.5,7452,0.6957863660762211,0.6296296296296297,0.6387546967257112,0.6296296296296297,0.6957863660762211,0.06615673644659148
meiji/cam2/observed/observed,coverage_0.9,7452,0.9146537842190016,0.8972088030059044,0.9072732152442298,0.8972088030059044,0.9146537842190016,0.01744498121309712
meiji/cam2/observed/observed,coverage_0.95,7452,0.9365271068169619,0.9231078904991948,0.9342458400429415,0.9231078904991948,0.9365271068169619,0.013419216317767102
meiji/cam2/observed/observed,area_px2_0.5,7452,3399.971869754442,2129.310134417066,1569.5509499024456,1569.5509499024456,3399.971869754442,1830.4209198519966
meiji/cam2/observed/observed,area_px2_0.9,7452,22045.8774673638,17693.012469258792,15897.789647832444,15897.789647832444,22045.8774673638,6148.087819531356
meiji/cam2/observed/observed,area_px2_0.95,7452,32431.055243594474,26333.778876704564,25104.18261269638,25104.18261269638,32431.055243594474,7326.872630898095
meiji/evidence_gap/observed,median_error_px,5077,30.298571167439988,24.098722714584596,28.008320434046375,24.098722714584596,30.298571167439988,6.199848452855392
meiji/evidence_gap/observed,p90_error_px,5077,156.0402855302392,155.51642397693155,156.94724368182293,155.51642397693155,156.94724368182293,1.4308197048913769
meiji/evidence_gap/observed,p95_error_px,5077,246.7759802026028,243.61147322505073,272.5222849610129,243.61147322505073,272.5222849610129,28.91081173596214
meiji/evidence_gap/observed,mean_nll_px,5077,10.071597774072417,9.873204149732658,10.154584173660648,9.873204149732658,10.154584173660648,0.28138002392799066
meiji/evidence_gap/observed,coverage_0.5,5077,0.7017923970848926,0.710261965727792,0.7362615717943668,0.7017923970848926,0.7362615717943668,0.03446917470947419
meiji/evidence_gap/observed,coverage_0.9,5077,0.9324404175694307,0.9093953121922395,0.9208193815245224,0.9093953121922395,0.9324404175694307,0.02304510537719129
meiji/evidence_gap/observed,coverage_0.95,5077,0.9521370888319874,0.928698050029545,0.9367736852471932,0.928698050029545,0.9521370888319874,0.02343903880244247
meiji/evidence_gap/observed,area_px2_0.5,5077,14810.908197255761,9784.579902923815,13257.907601550818,9784.579902923815,14810.908197255761,5026.328294331946
meiji/evidence_gap/observed,area_px2_0.9,5077,68849.86668590838,42676.18026535977,62239.27795947812,42676.18026535977,68849.86668590838,26173.686420548605
meiji/evidence_gap/observed,area_px2_0.95,5077,96978.26720480443,59462.156657425185,88868.55489385778,59462.156657425185,96978.26720480443,37516.11054737925
meiji/observed/observed,median_error_px,23007,3.108590188665046,3.108156794890846,3.4356452521374345,3.108156794890846,3.4356452521374345,0.32748845724658837
meiji/observed/observed,p90_error_px,23007,133.7146463227745,121.6998712538595,134.26399235873092,121.6998712538595,134.26399235873092,12.564121104871418
meiji/observed/observed,p95_error_px,23007,273.0216324709965,274.3728201130715,288.34097125364843,273.0216324709965,288.34097125364843,15.319338782651926
meiji/observed/observed,mean_nll_px,23007,6.420745584568058,6.525769202963638,6.514260041594266,6.420745584568058,6.525769202963638,0.10502361839558016
meiji/observed/observed,coverage_0.5,23007,0.6707523797105229,0.6164645542660929,0.6378928152301473,0.6164645542660929,0.6707523797105229,0.054287825444430005
meiji/observed/observed,coverage_0.9,23007,0.8990307297778937,0.8759073325509628,0.8977702438388316,0.8759073325509628,0.8990307297778937,0.02312339722693091
meiji/observed/observed,coverage_0.95,23007,0.9248489590124744,0.9076368061894207,0.9279784413439388,0.9076368061894207,0.9279784413439388,0.020341635154518145
meiji/observed/observed,area_px2_0.5,23007,2251.013893612282,1453.97252340191,1269.1335225698951,1269.1335225698951,2251.013893612282,981.880371042387
meiji/observed/observed,area_px2_0.9,23007,18075.574947883822,11672.974200282424,13258.251966840633,11672.974200282424,18075.574947883822,6402.600747601398
meiji/observed/observed,area_px2_0.95,23007,27263.420429688595,17567.891245305695,21022.028805862843,17567.891245305695,27263.420429688595,9695.5291843829
meiji/selection/cam0/evidence_gap/observed,median_error_px,821,25.533012512181763,18.486454387172827,23.694513580308804,18.486454387172827,25.533012512181763,7.046558125008936
meiji/selection/cam0/evidence_gap/observed,p90_error_px,821,140.4915896231721,173.01950694258002,102.18468352060016,102.18468352060016,173.01950694258002,70.83482342197986
meiji/selection/cam0/evidence_gap/observed,p95_error_px,821,219.87616924387876,215.8308041894442,183.5356460143428,183.5356460143428,219.87616924387876,36.34052322953596
meiji/selection/cam0/evidence_gap/observed,mean_nll_px,821,9.636986735814554,9.418206272334814,9.617869154536505,9.418206272334814,9.636986735814554,0.21878046347974056
meiji/selection/cam0/evidence_gap/observed,coverage_0.5,821,0.7381242387332522,0.7332521315468941,0.7880633373934226,0.7332521315468941,0.7880633373934226,0.05481120584652854
meiji/selection/cam0/evidence_gap/observed,coverage_0.9,821,0.97442143727162,0.9305724725943971,0.976857490864799,0.9305724725943971,0.976857490864799,0.04628501827040188
meiji/selection/cam0/evidence_gap/observed,coverage_0.95,821,0.9951278928136419,0.9476248477466505,0.9817295980511571,0.9476248477466505,0.9951278928136419,0.047503045066991434
meiji/selection/cam0/evidence_gap/observed,area_px2_0.5,821,16183.466138102685,11176.944201232849,15586.985124629104,11176.944201232849,16183.466138102685,5006.521936869836
meiji/selection/cam0/evidence_gap/observed,area_px2_0.9,821,78160.26569333657,45864.254602698755,78605.00724457717,45864.254602698755,78605.00724457717,32740.75264187841
meiji/selection/cam0/evidence_gap/observed,area_px2_0.95,821,108512.01557741113,62566.8713226684,111853.87829244533,62566.8713226684,111853.87829244533,49287.00696977693
meiji/selection/cam0/observed/observed,median_error_px,3604,3.451548986305739,3.4217815840072623,3.7591107205101584,3.4217815840072623,3.7591107205101584,0.3373291365028961
meiji/selection/cam0/observed/observed,p90_error_px,3604,93.49202085830042,92.12599638346106,93.89440026152843,92.12599638346106,93.89440026152843,1.7684038780673745
meiji/selection/cam0/observed/observed,p95_error_px,3604,162.8136196095058,176.70180734172772,169.01780253602618,162.8136196095058,176.70180734172772,13.888187732221922
meiji/selection/cam0/observed/observed,mean_nll_px,3604,6.313126071440431,6.354631086167149,6.422066235250913,6.313126071440431,6.422066235250913,0.1089401638104821
meiji/selection/cam0/observed/observed,coverage_0.5,3604,0.6362375138734739,0.5710321864594895,0.6284683684794673,0.5710321864594895,0.6362375138734739,0.06520532741398444
meiji/selection/cam0/observed/observed,coverage_0.9,3604,0.9134295227524972,0.867369589345172,0.9270255271920089,0.867369589345172,0.9270255271920089,0.05965593784683687
meiji/selection/cam0/observed/observed,coverage_0.95,3604,0.9483906770255272,0.9142619311875694,0.9614317425083241,0.9142619311875694,0.9614317425083241,0.047169811320754707
meiji/selection/cam0/observed/observed,area_px2_0.5,3604,1780.0313119570262,988.221002703799,1358.1489878878326,988.221002703799,1780.0313119570262,791.8103092532273
meiji/selection/cam0/observed/observed,area_px2_0.9,3604,18546.164411939866,7988.955973002758,14310.384360363038,7988.955973002758,18546.164411939866,10557.208438937108
meiji/selection/cam0/observed/observed,area_px2_0.95,3604,28330.930131434452,12125.553403970855,22235.70525595221,12125.553403970855,28330.930131434452,16205.376727463597
meiji/selection/cam1/evidence_gap/observed,median_error_px,865,27.820752683568656,21.38681254919461,26.60101484036739,21.38681254919461,27.820752683568656,6.433940134374048
meiji/selection/cam1/evidence_gap/observed,p90_error_px,865,84.06280295812333,71.67463888039227,101.28031403920565,71.67463888039227,101.28031403920565,29.605675158813384
meiji/selection/cam1/evidence_gap/observed,p95_error_px,865,129.58893559924215,128.65667190989933,160.01645486036716,128.65667190989933,160.01645486036716,31.35978295046783
meiji/selection/cam1/evidence_gap/observed,mean_nll_px,865,9.735320504995721,9.414044483178031,9.82875754047657,9.414044483178031,9.82875754047657,0.41471305729853825
meiji/selection/cam1/evidence_gap/observed,coverage_0.5,865,0.8161849710982659,0.7976878612716763,0.7826589595375723,0.7826589595375723,0.8161849710982659,0.03352601156069368
meiji/selection/cam1/evidence_gap/observed,coverage_0.9,865,0.9595375722543352,0.9502890173410404,0.9549132947976878,0.9502890173410404,0.9595375722543352,0.009248554913294793
meiji/selection/cam1/evidence_gap/observed,coverage_0.95,865,0.9780346820809248,0.96878612716763,0.96878612716763,0.96878612716763,0.9780346820809248,0.009248554913294793
meiji/selection/cam1/evidence_gap/observed,area_px2_0.5,865,12362.40299553223,8073.455895391522,11197.807634411605,8073.455895391522,12362.40299553223,4288.947100140707
meiji/selection/cam1/evidence_gap/observed,area_px2_0.9,865,54397.88098532816,34559.67774342697,48605.343396793505,34559.67774342697,54397.88098532816,19838.20324190119
meiji/selection/cam1/evidence_gap/observed,area_px2_0.95,865,77438.81852789299,48398.86413953841,69716.00686674405,48398.86413953841,77438.81852789299,29039.954388354578
meiji/selection/cam1/observed/observed,median_error_px,3828,2.1434208548277613,2.246140472282554,2.4173111470499755,2.1434208548277613,2.4173111470499755,0.27389029222221417
meiji/selection/cam1/observed/observed,p90_error_px,3828,15.33539371927057,12.641244386638707,14.21246138547014,12.641244386638707,15.33539371927057,2.694149332631863
meiji/selection/cam1/observed/observed,p95_error_px,3828,113.21552741198127,85.11919724698534,133.53397332344198,85.11919724698534,133.53397332344198,48.41477607645665
meiji/selection/cam1/observed/observed,mean_nll_px,3828,5.125372038823106,5.1465894526127665,5.248411466901624,5.125372038823106,5.248411466901624,0.12303942807851787
meiji/selection/cam1/observed/observed,coverage_0.5,3828,0.7669801462904912,0.7136886102403344,0.7241379310344828,0.7136886102403344,0.7669801462904912,0.053291536050156796
meiji/selection/cam1/observed/observed,coverage_0.9,3828,0.9597701149425287,0.9422675026123302,0.9454022988505747,0.9422675026123302,0.9597701149425287,0.017502612330198564
meiji/selection/cam1/observed/observed,coverage_0.95,3828,0.9725705329153606,0.9597701149425287,0.9642110762800418,0.9597701149425287,0.9725705329153606,0.012800417972831823
meiji/selection/cam1/observed/observed,area_px2_0.5,3828,1531.138990054751,1283.7739195432903,1235.915899586169,1235.915899586169,1531.138990054751,295.2230904685821
meiji/selection/cam1/observed/observed,area_px2_0.9,3828,13606.06180029798,8296.039209018925,9272.634887653707,8296.039209018925,13606.06180029798,5310.022591279056
meiji/selection/cam1/observed/observed,area_px2_0.95,3828,20673.26639120031,12226.037490164968,14240.74751124418,12226.037490164968,20673.26639120031,8447.228901035343
meiji/selection/cam2/evidence_gap/observed,median_error_px,807,26.960913284047567,24.710538086199303,27.788760350168356,24.710538086199303,27.788760350168356,3.078222263969053
meiji/selection/cam2/evidence_gap/observed,p90_error_px,807,85.77158087499302,71.17900513402135,71.27448615657077,71.17900513402135,85.77158087499302,14.592575740971668
meiji/selection/cam2/evidence_gap/observed,p95_error_px,807,131.55257549273819,118.21827811541478,131.94378222323974,118.21827811541478,131.94378222323974,13.72550410782496
meiji/selection/cam2/evidence_gap/observed,mean_nll_px,807,9.586043102279502,9.382615147103637,9.713305408509498,9.382615147103637,9.713305408509498,0.3306902614058611
meiji/selection/cam2/evidence_gap/observed,coverage_0.5,807,0.7930607187112764,0.7558859975216853,0.7930607187112764,0.7558859975216853,0.7930607187112764,0.03717472118959109
meiji/selection/cam2/evidence_gap/observed,coverage_0.9,807,0.9838909541511772,0.9739776951672863,0.9789343246592317,0.9739776951672863,0.9838909541511772,0.009913258983890949
meiji/selection/cam2/evidence_gap/observed,coverage_0.95,807,0.9863692688971499,0.9863692688971499,0.9814126394052045,0.9814126394052045,0.9863692688971499,0.004956629491945419
meiji/selection/cam2/evidence_gap/observed,area_px2_0.5,807,13957.452400435224,11977.676830595798,10909.296554408884,10909.296554408884,13957.452400435224,3048.1558460263404
meiji/selection/cam2/evidence_gap/observed,area_px2_0.9,807,64657.07078641565,49923.35157740042,53735.83070991256,49923.35157740042,64657.07078641565,14733.719209015231
meiji/selection/cam2/evidence_gap/observed,area_px2_0.95,807,90221.38568738174,68679.05294162614,76647.31387786544,68679.05294162614,90221.38568738174,21542.3327457556
meiji/selection/cam2/observed/observed,median_error_px,3507,3.0532571390919694,3.109331423730376,3.415221661185313,3.0532571390919694,3.415221661185313,0.3619645220933436
meiji/selection/cam2/observed/observed,p90_error_px,3507,44.86454598960691,36.71617255119998,38.718488163095124,36.71617255119998,44.86454598960691,8.148373438406928
meiji/selection/cam2/observed/observed,p95_error_px,3507,124.56587869167618,84.03335222011746,86.25029019103393,84.03335222011746,124.56587869167618,40.53252647155871
meiji/selection/cam2/observed/observed,mean_nll_px,3507,5.833582674593912,5.7930303892743575,5.966218790220199,5.7930303892743575,5.966218790220199,0.17318840094584154
meiji/selection/cam2/observed/observed,coverage_0.5,3507,0.7162817222697462,0.6481323068149415,0.6575420587396635,0.6481323068149415,0.7162817222697462,0.06814941545480468
meiji/selection/cam2/observed/observed,coverage_0.9,3507,0.9438266324493869,0.9301397205588823,0.9338465925292273,0.9301397205588823,0.9438266324493869,0.013686911890504638
meiji/selection/cam2/observed/observed,coverage_0.95,3507,0.9660678642714571,0.9589392643284859,0.9632164242942686,0.9589392643284859,0.9660678642714571,0.007128599942971214
meiji/selection/cam2/observed/observed,area_px2_0.5,3507,2314.1310979312066,1576.9140543654487,974.5699362326833,974.5699362326833,2314.1310979312066,1339.5611616985234
meiji/selection/cam2/observed/observed,area_px2_0.9,3507,16842.968255922948,14301.655539647567,9826.214866398312,9826.214866398312,16842.968255922948,7016.753389524636
meiji/selection/cam2/observed/observed,area_px2_0.95,3507,25455.313244847213,21886.333950121814,16393.59648784371,16393.59648784371,25455.313244847213,9061.716757003502
meiji/selection/evidence_gap/observed,median_error_px,2493,27.100157336323367,21.709545559839416,26.347533378342735,21.709545559839416,27.100157336323367,5.390611776483951
meiji/selection/evidence_gap/observed,p90_error_px,2493,102.4112544265125,93.82878772963844,92.73568603678112,92.73568603678112,102.4112544265125,9.675568389731382
meiji/selection/evidence_gap/observed,p95_error_px,2493,172.41910561176584,175.6859497619817,164.94679478293898,164.94679478293898,175.6859497619817,10.739154979042723
meiji/selection/evidence_gap/observed,mean_nll_px,2493,9.654614974113358,9.405241175791621,9.721934742500547,9.405241175791621,9.721934742500547,0.3166935667089259
meiji/selection/evidence_gap/observed,coverage_0.5,2493,0.7829923786602487,0.762936221419976,0.7878058563979141,0.762936221419976,0.7878058563979141,0.02486963497793815
meiji/selection/evidence_gap/observed,coverage_0.9,2493,0.9723225030084236,0.9514640994785399,0.9699157641395909,0.9514640994785399,0.9723225030084236,0.020858403529883662
meiji/selection/evidence_gap/observed,coverage_0.95,2493,0.9863618130766145,0.9675090252707581,0.9771359807460891,0.9675090252707581,0.9863618130766145,0.01885278780585642
meiji/selection/evidence_gap/observed,area_px2_0.5,2493,14137.091206445612,10359.32440473993,12549.867914358007,10359.32440473993,14137.091206445612,3777.766801705682
meiji/selection/evidence_gap/observed,area_px2_0.9,2493,65544.32463344387,43255.84396303335,60145.66721577363,43255.84396303335,65544.32463344387,22288.48067041052
meiji/selection/evidence_gap/observed,area_px2_0.95,2493,91809.70760746051,59629.52850401275,85836.6475400195,59629.52850401275,91809.70760746051,32180.179103447765
meiji/selection/observed/observed,median_error_px,10939,2.7717174025546725,2.8267974021981983,3.1165107413085984,2.7717174025546725,3.1165107413085984,0.3447933387539259
meiji/selection/observed/observed,p90_error_px,10939,56.97520273143339,49.727120480127866,54.331837066114815,49.727120480127866,56.97520273143339,7.248082251305526
meiji/selection/observed/observed,p95_error_px,10939,144.350680310642,132.1420792526233,142.04956326257118,132.1420792526233,144.350680310642,12.2086010580187
meiji/selection/observed/observed,mean_nll_px,10939,5.7437430264089055,5.751841341469352,5.865213923068466,5.7437430264089055,5.865213923068466,0.12147089665956035
meiji/selection/observed/observed,coverage_0.5,10939,0.7076515220769724,0.6456714507724655,0.6712679403967456,0.6456714507724655,0.7076515220769724,0.06198007130450689
meiji/selection/observed/observed,coverage_0.9,10939,0.9393911692110796,0.9137032635524271,0.93564311180181,0.9137032635524271,0.9393911692110796,0.02568790565865242
meiji/selection/observed/observed,coverage_0.95,10939,0.9625194259073041,0.9445104671359357,0.9629765060791663,0.9445104671359357,0.9629765060791663,0.018466038943230623
meiji/selection/observed/observed,area_px2_0.5,10939,1864.1640609440942,1280.3796184674868,1192.4007479963088,1192.4007479963088,1864.1640609440942,671.7633129477854
meiji/selection/observed/observed,area_px2_0.9,10939,16271.3841105854,10120.243294302074,11109.864441095682,10120.243294302074,16271.3841105854,6151.140816283327
meiji/selection/observed/observed,area_px2_0.95,10939,24729.291479009393,15289.984380961663,17564.988216323465,15289.984380961663,24729.291479009393,9439.30709804773
tracknet/evidence_gap/observed,median_error_px,349,28.87838075378367,24.87529640307072,34.14413905280056,24.87529640307072,34.14413905280056,9.26884264972984
tracknet/evidence_gap/observed,p90_error_px,349,64.44217464542027,55.03675006650241,64.92156072620246,55.03675006650241,64.92156072620246,9.884810659700051
tracknet/evidence_gap/observed,p95_error_px,349,74.84521166663752,62.63691382854657,92.31101110836025,62.63691382854657,92.31101110836025,29.67409727981368
tracknet/evidence_gap/observed,mean_nll_px,349,9.389858604514377,9.140424193330224,9.571357154755896,9.140424193330224,9.571357154755896,0.43093296142567183
tracknet/evidence_gap/observed,coverage_0.5,349,0.5816618911174785,0.8853868194842407,0.66189111747851,0.5816618911174785,0.8853868194842407,0.30372492836676224
tracknet/evidence_gap/observed,coverage_0.9,349,0.9856733524355301,1.0,0.9684813753581661,0.9684813753581661,1.0,0.03151862464183386
tracknet/evidence_gap/observed,coverage_0.95,349,1.0,1.0,0.9828080229226361,0.9828080229226361,1.0,0.017191977077363862
tracknet/evidence_gap/observed,area_px2_0.5,349,4689.340173623471,5669.914068303451,6458.131935172508,4689.340173623471,6458.131935172508,1768.791761549037
tracknet/evidence_gap/observed,area_px2_0.9,349,19244.96948569503,21266.335768393656,26618.647923666595,19244.96948569503,26618.647923666595,7373.678437971565
tracknet/evidence_gap/observed,area_px2_0.95,349,27644.84284106196,29572.536530579415,40616.42809909425,27644.84284106196,40616.42809909425,12971.58525803229
tracknet/observed/observed,median_error_px,1538,2.218539610875169,2.180174251553217,2.342389576726326,2.180174251553217,2.342389576726326,0.1622153251731091
tracknet/observed/observed,p90_error_px,1538,5.489628024465997,5.426446864187318,5.546021058863611,5.426446864187318,5.546021058863611,0.11957419467629382
tracknet/observed/observed,p95_error_px,1538,8.48567518932677,8.192532854141508,8.395385833246785,8.192532854141508,8.48567518932677,0.2931423351852622
tracknet/observed/observed,mean_nll_px,1538,4.4651085644398325,4.4306804486800955,4.538903515344116,4.4306804486800955,4.538903515344116,0.1082230666640207
tracknet/observed/observed,coverage_0.5,1538,0.6911573472041612,0.6495448634590377,0.6710013003901171,0.6495448634590377,0.6911573472041612,0.041612483745123496
tracknet/observed/observed,coverage_0.9,1538,0.9505851755526658,0.9401820546163849,0.9557867360208062,0.9401820546163849,0.9557867360208062,0.015604681404421283
tracknet/observed/observed,coverage_0.95,1538,0.9720416124837451,0.9629388816644994,0.9811443433029909,0.9629388816644994,0.9811443433029909,0.01820546163849157
tracknet/observed/observed,area_px2_0.5,1538,56.38787243421604,49.66632334763026,53.95937624322518,49.66632334763026,56.38787243421604,6.721549086585782
tracknet/observed/observed,area_px2_0.9,1538,343.63155732821144,231.34774675998176,299.0503984775798,231.34774675998176,343.63155732821144,112.28381056822968
tracknet/observed/observed,area_px2_0.95,1538,515.5204323696993,331.38725564295066,548.5801266254094,331.38725564295066,548.5801266254094,217.19287098245877
