camera,frame,pts,cached_error_px,source_error_px,cached_nll_px,source_nll_px
cam0,33,1650000,11.060020614304664,6.218413837484827,8.117974479150046,8.730314442609707
cam0,34,1700000,14.700907900986856,10.498112995463305,7.969607517702426,7.922655408893554
cam0,35,1750000,9.303563066462727,5.694176874914065,7.277873238811689,7.948729086376761
cam0,36,1800000,6.65845758841906,4.275181469958064,6.694495188832483,7.635207740137778
cam0,37,1850000,7.5097094448564015,4.35820097275041,7.255761417221988,7.0021622181311525
cam0,38,1900000,157.6431723169175,4.544124816349358,10.41890683354556,5.958300547092257
cam0,39,1950000,439.6673273570592,2.912882939819365,10.257353351507014,5.733127561690317
cam0,40,2000000,4.76979932094754,4.799169874903538,6.661976635506665,5.913020536152223
cam0,41,2050000,2.2831427529786863,1.1810329768279384,6.425296614118915,5.24075616566884
cam0,42,2100000,3.4357178040998253,1.834075339692917,5.080805473697097,5.0818490975156685
cam0,43,2150000,3.4153712718233824,3.4824222393789213,4.6787372739548925,4.941534687288177
cam0,44,2200000,2.4316146446760376,2.5712498136888264,4.546264682618972,4.69904381748446
cam0,45,2250000,2.111811745816231,1.7704041203811338,4.3233232678240245,3.9343011880334604
cam0,46,2300000,1.4900059663071268,0.7468740593344632,4.097966576886144,3.5638193492747234
cam0,47,2350000,1.918617873719063,0.9939882462810696,4.1977729925463,3.889859727420644
cam0,48,2400000,2.069497027151814,3.033408676308255,4.467422126192526,4.628279228726141
cam0,49,2450000,1.5905763553586088,3.709256781103841,4.446434024764388,4.600308466600609
cam0,50,2500000,2.131050859694222,3.358601442789671,4.126472057582239,4.597820076837767
cam0,51,2550000,1.3544118768820284,1.3917211245267704,4.083108727996658,3.836170490067051
cam0,52,2600000,1.8386818322667642,0.8064981394157731,4.25262097252322,3.7371281131097582
cam0,53,2650000,1.9283875497080245,1.7989562681345628,4.313866765564056,4.212217548047823
cam0,54,2700000,1.0635073964145474,1.7673852978872733,3.8933855810391176,3.9845309427535547
cam0,55,2750000,4.936258280826719,2.0221956912506496,5.454284919233482,3.9670602998107434
cam0,56,2800000,0.9144154115092367,1.7167716012003804,3.5819379726571423,3.8528065738878237
cam0,57,2850000,2.625303256065318,2.96317056483769,4.593594652703244,4.307758939000109
cam0,58,2900000,1.1740521178008254,2.252143923957622,3.8013380216773793,4.1410054006961445
cam0,59,2950000,1.2834300021269276,3.130522229896065,3.8313066939757814,4.5055819956619185
cam0,60,3000000,1.2435009798052943,3.1731726918082264,3.871640888197634,4.629163044460247
cam0,61,3050000,0.37753607835514286,2.2379501223006577,3.646322954426209,3.8178088238919194
cam0,62,3100000,1.776554405325692,0.9217109790400663,3.8664692356057024,3.434767097234767
cam0,63,3150000,4.320177031965363,1.8239220748151224,5.261025008891412,4.064111566594635
cam0,64,3200000,0.33665195698551004,3.3909778341436003,3.7428316045753824,4.6095574291277295
cam0,65,3250000,1.8947927646172371,2.380774601431663,4.0042171987710855,4.092087154919518
cam0,66,3300000,1.6489977287065867,1.1993505298448215,4.050699473293097,3.739852670059541
cam0,67,3350000,0.7825911291547981,1.0262989371409403,3.7503617919236056,3.7659629575684956
cam0,68,3400000,1.806534154534878,1.6268004809096173,3.9529967698538897,4.07657426044633
cam0,69,3450000,2.5757777120518446,1.6365076928074125,4.3068957497957125,3.7566626355620407
cam0,70,3500000,0.3626719893266008,1.458147709805433,3.538335854506279,3.621621388653111
cam0,71,3550000,4.6809480095280485,1.245650083211856,5.594250591115159,3.4536852821466013
cam0,72,3600000,0.8874737181159753,3.2803257860982473,3.6740854236133895,4.764019885263961
cam0,73,3650000,1.3512934848739646,2.182448709133459,3.771217481743335,4.061870136618321
cam0,74,3700000,2.416731372714826,2.5733280943734194,6.308899825310544,4.304299545562509
cam0,75,3750000,91.0850253073027,2.000721100002371,9.424924695016763,4.055783908743901
cam0,76,3800000,93.73724022622267,0.75455430666062,9.056759176707605,3.7284458091924666
cam0,77,3850000,96.88743922512012,3.565465734584271,9.236813541905995,4.733866041639557
cam0,78,3900000,90.05719343886567,3.7927084934139175,6.323799727530702,4.988702708826219
cam0,79,3950000,85.88531490441,1.4259389488315257,6.72343858430985,3.7785428246292945
cam0,80,4000000,88.12942226448921,1.4450167570799997,7.264556478543801,3.754857462784164
cam0,81,4050000,102.37725116191774,1.2400676074688748,7.255559556377914,3.7011310067669925
cam0,82,4100000,4.345310537635598,2.0095459749527897,5.084786666825703,3.5993864716765778
cam0,83,4150000,2.7717867135209895,4.006059823928455,4.127718853275967,4.721333031595295
cam0,84,4200000,5.564811101314609,4.505428797564996,6.231286302030879,5.016454002396678
cam0,85,4250000,5.691941684514017,4.466660047887059,6.754768295224529,5.116666505924314
cam0,86,4300000,2.59972033542039,2.6009445176211474,4.542698762908675,3.888115466649527
cam0,87,4350000,0.6884277780538429,1.0808153812434786,3.8236430251110107,3.53848280497356
cam0,88,4400000,3.0924152876050406,1.3794710153839915,4.371185008589547,3.5438306141981037
cam0,89,4450000,1.6318014642132672,1.3540931785974695,4.240789031255227,3.5290933777819617
cam0,90,4500000,2.4968239247169652,0.9105262085075515,4.388212090329471,3.4343595324754386
cam0,91,4550000,6.246410223019556,1.879999894722374,6.4096595865306245,4.098496269555975
cam0,92,4600000,7.024116320700709,1.7600510672295502,6.888770853035342,3.9505052950658666
cam0,93,4650000,2.9382102952670133,1.8251088208475703,4.473956062056841,3.92473195306788
cam0,94,4700000,0.9880095148654389,2.380178110568957,4.513352132070079,4.082394161196584
cam0,95,4750000,2.5309863142185103,1.8564870477791653,4.886277238126738,4.016954768623565
cam0,96,4800000,0.9786952287874442,2.8433583329270347,4.372415906631016,4.2632877688438935
cam0,97,4850000,4.790739249075506,0.6399123409625844,5.369740273494257,3.643288960446146
cam0,98,4900000,1.5353935182978806,0.25449488665358644,4.125790577871616,4.269589023311029
cam0,99,4950000,0.3486282871860204,1.4784388843433562,4.136624288254172,3.8310237161847436
cam0,101,5050000,0.9734898265706291,1.6359510935062629,4.434184645086646,4.003190815543828
cam0,102,5100000,1.6202682649612763,1.3063930487710163,4.33528309087685,3.776543884288854
cam0,103,5150000,2.0797216762790636,0.8246782431398532,4.350681894049492,3.643106569026111
cam0,104,5200000,2.864822020841157,4.862478127438656,4.59981121722838,5.8074526689078585
cam0,105,5250000,2.2086258390743785,2.5766813747680555,5.87361502905901,4.333203201579462
cam0,106,5300000,20.36535269727093,20.659563304730497,8.243019158538374,7.51874434333832
cam0,107,5350000,10.56815843833194,9.36265717479433,6.904883082415562,6.764460826567016
cam0,108,5400000,11.41873892730964,13.67938464081327,6.334335145980253,8.106571718821762
cam0,109,5450000,14.81355172724873,7.940345565975739,7.530388964755581,6.958468568454736
cam0,110,5500000,2.4358288677882056,0.8824413661631835,4.577324596420638,4.249003263603804
cam0,111,5550000,3.112414365130069,3.3499916463602633,4.503609152259786,4.661773065556076
cam0,112,5600000,3.1175277115148448,3.6280979286873043,4.6278328626418315,5.191595534983344
cam0,113,5650000,0.8391050408310913,2.564372775114683,4.712190557854871,4.720588929985848
cam0,114,5700000,1.9529347767231955,1.697502385237106,4.69853008531668,3.967702164065935
cam0,115,5750000,0.24358569902608368,0.4056626408065754,4.09830168031252,3.763196704462743
cam0,116,5800000,1.1923681572802376,6.235298640759795,3.5214405075856394,6.0920994720380754
cam0,117,5850000,4.596924866578823,5.569625880242774,4.930415385878421,5.414113686562498
cam0,118,5900000,2.344771375601885,1.8614019960342676,3.9196555243862576,3.7230161857522948
cam0,119,5950000,2.399194390394131,2.815824713708353,3.9538568788205506,4.429682452342634
cam0,120,6000000,1.083193055946825,1.7688557111019652,3.5138154840650913,3.6495892892546618
cam0,121,6050000,0.7024400321902805,1.8371980401789407,3.561598594309066,3.8803607845056245
cam0,122,6100000,0.7350970796128448,0.6365948086625651,3.6408018792673715,3.6069800658456987
cam0,123,6150000,1.796501454028841,1.8159116458319988,3.787961675928994,3.8346202085039476
cam0,124,6200000,1.1058674052706523,1.6285440229390271,3.455212476263414,3.5650610935668485
cam0,125,6250000,0.49370730612926894,1.198247028048604,3.4900088510867313,3.6066625268785124
cam0,126,6300000,1.3018208451630642,2.059259896236923,3.577048822886777,3.9256038877994612
cam0,127,6350000,2.0028774041916364,2.2824204090385223,3.644827625723707,3.7447907970173215
cam0,128,6400000,3.1212935872068837,2.4302535618443515,4.096263179140427,3.889494838408572
cam0,129,6450000,1.2759439461638105,2.7819738362232265,3.4969433241522765,3.9888494970039066
cam0,130,6500000,1.5379182640431417,3.736444964730994,3.5882859902682736,4.714834730052022
cam0,131,6550000,0.5429136565429509,3.4418093295510763,3.423062220905578,4.354415669740508
cam0,132,6600000,3.2759519893959035,5.680151242587924,4.390994881463307,5.957495860081812
cam0,133,6650000,1.9597002218416923,4.301203978528374,3.8179556300485267,5.140594211670711
cam0,134,6700000,1.3050846882677407,1.0658703503324012,3.597215238932737,3.4900823968984547
cam0,135,6750000,3.8152647233379566,1.1965498640277337,4.798061418831381,3.9295508793726626
cam0,136,6800000,1.4171042026503844,1.3710620981405428,3.815345425819313,3.709621700747533
cam0,137,6850000,3.3642698847419243,2.745278878729149,4.671704160395537,4.4938043351072405
cam0,138,6900000,2.730211991935284,2.442907518228407,4.384734376716262,4.1163593012034685
cam0,139,6950000,1.8651978436966437,2.4747606371149815,4.338273522617685,4.166871622595087
cam0,140,7000000,1.0442518318959246,3.8539394193219874,4.5441335739904964,4.857689074660611
cam0,148,7400000,54.74453511712804,28.0741887133361,11.340888524754345,9.291066150638015
cam0,156,7800000,60.382747750210434,7.621809812897368,11.303611067188747,6.8272723901136905
cam0,157,7850000,63.49570510558401,2.8429849680470105,10.671436705701367,6.24488393211854
cam0,158,7900000,6.718647961006819,11.298926664326864,7.627455221028657,6.7196363328451705
cam0,160,8000000,11.937550799313914,11.475797338553411,8.457227327039778,6.806570347068539
cam0,161,8050000,53.55471634895088,3.1588004588637504,10.414988965879196,5.700595040084755
cam0,167,8350000,49.90072699338425,2.431409574585147,8.1090656908476,5.00799900620774
cam0,168,8400000,55.61034126901301,6.827445767828408,8.0062194917747,6.550209912848712
cam0,169,8450000,8.109738587747005,7.349864817571942,6.900146297789198,6.254603621405392
cam0,170,8500000,57.03337956204972,7.335088218845223,8.153701693698954,6.2200429920463876
cam0,171,8550000,55.69050009063599,7.125415775743478,7.232490021736105,6.670820413872666
cam0,172,8600000,67.06719295318524,5.894497704658824,7.198497796800248,5.966233114578509
cam0,173,8650000,52.10810633776736,7.367725927833366,7.184254870611373,6.192867084603977
cam0,174,8700000,61.49862155869404,6.390841806118712,7.415893033595566,6.02884596239365
cam0,175,8750000,56.501772707567085,8.001902611408722,6.391838593113803,6.657378682238631
cam0,176,8800000,72.01638718572163,6.097377364683052,7.210800833646126,6.783379624934852
cam0,191,9550000,5.402699253320222,2.1985397916127343,5.417612187845313,4.774201985983797
cam0,192,9600000,5.6150578704511975,3.1031272102975365,5.304275808851298,4.8844473595439375
cam0,193,9650000,3.2368741065307183,1.5888409342183174,4.704809946313178,4.4053308279867345
cam0,194,9700000,0.4563249556332259,2.773775171697825,4.799869455869137,4.490976636037139
cam0,195,9750000,3.611939102601178,4.905410657796233,5.176310772227577,5.591503313400304
cam0,196,9800000,5.78769683221314,4.578710514566531,5.784313404076556,5.499913221225107
cam0,197,9850000,7.586749570240279,3.834019472509069,6.385470039336711,5.209320526138157
cam0,198,9900000,4.291634854325326,3.487511914995236,5.220516039683432,4.860556064633897
cam0,199,9950000,5.0246796287035735,2.776292273750185,5.3152102922420195,4.492152679363418
cam0,200,10000000,3.6553141625425476,3.0403357423072466,4.9396474265283015,4.571397263347816
cam0,201,10050000,2.8138441585463076,1.9097078559969354,4.7468994900033685,4.006470323533424
cam0,202,10100000,1.462864949021605,0.8072186480777886,4.357690641756685,3.661682278814288
cam0,203,10150000,0.6142088246521183,2.1177669086154767,4.237670948038888,4.02354972709802
cam0,204,10200000,2.6265333515585936,4.91704231492234,4.975347223654708,5.346426260852455
cam0,206,10300000,1.6097205594316326,3.016750249890841,4.459877104154675,4.601807244984162
cam0,207,10350000,4.250016135548594,3.4714513668497444,4.874429977613833,4.740138796291685
cam0,208,10400000,1.989378434407835,3.133643639983008,4.195272288159652,4.591748548320412
cam0,209,10450000,1.3317124585415334,2.9500238446221454,3.944681460534756,4.488443626506838
cam0,210,10500000,2.628002191873452,2.7923337987370562,4.34637797062379,4.397515705290051
cam0,211,10550000,2.229722959093983,2.2664444106929698,4.128119357773318,3.979717370396626
cam0,212,10600000,1.5261659385822195,2.2406079089104947,3.8576107662454966,3.988591235955207
cam0,213,10650000,1.6190783462795963,2.943650346185661,3.879731510592455,4.70016969503442
cam0,214,10700000,1.5195086463118073,2.6115068002611834,4.25042129245025,4.418507488425108
cam0,215,10750000,2.409432079511164,3.7688154768912288,4.220418660162682,4.853948764870706
cam0,216,10800000,1.7016284067717142,3.922097911352573,4.25748011562119,4.923675224160391
cam0,218,10900000,8.260223368668102,3.4113917576643016,6.5042123716680305,6.37566109788958
cam0,219,10950000,7.838277575352833,3.316398417580959,7.320795115350843,7.831729789315071
cam0,220,11000000,16.218842754616492,1.1965825514123514,7.84230654680804,7.971619536563843
cam0,221,11050000,20.942010572473826,3.9633611377543914,9.2626193982974,8.308757359189567
cam0,222,11100000,21.84180566191908,33.59445665788949,9.833196665243094,9.21870284092337
cam0,223,11150000,5.817346494527597,42.42474157829208,6.847313802788004,9.675910379921342
cam0,224,11200000,20.61987475115855,27.74336287872175,7.168324055623919,9.599859654232006
cam0,225,11250000,30.32556595600471,23.496798498165624,8.019275386569124,9.258866326121066
cam0,226,11300000,4.779540007344503,32.930736190925515,6.340299394433577,7.97307390614262
cam0,227,11350000,7.462535763665528,33.791874557944816,6.588717032240318,8.431166688063541
cam0,228,11400000,14.054551301665386,23.296557127378346,9.897480750195037,9.267071814303232
cam0,229,11450000,14.842214780416143,33.52635884077595,10.106664809067139,8.755451838997029
cam0,230,11500000,1.941174428685962,0.7424987855824833,5.4367498214737235,6.291594060800918
cam0,231,11550000,1.9303063844769084,5.171400362776475,4.608059163102988,5.980216757255706
cam0,232,11600000,6.280071716232223,7.195925262136238,6.001254820537538,6.562213966638739
cam0,233,11650000,14.230502913749346,13.718384486176864,10.726608242701701,13.88127564450554
cam0,234,11700000,19.2733791677177,17.50023025756803,10.707666114042631,13.597814117649841
cam0,235,11750000,23.873273935332346,19.40355374600026,9.288388834733215,12.531519983161537
cam0,236,11800000,21.472520077775794,19.713779617576602,8.715955842722844,7.671527706107775
cam0,237,11850000,22.78762289299878,18.547603787081115,9.670895756766395,7.518006813626594
cam0,238,11900000,18.400698038637053,13.79294552293006,9.604338482854686,7.990511709327472
cam0,239,11950000,22.91281956036959,14.094096577821633,9.614268806757893,8.016829139457693
cam0,240,12000000,33.375684418617745,12.193960943013783,10.217546293009775,7.173352997217789
cam0,241,12050000,16.485228143568538,11.024009418529891,8.387764536548326,7.520187135519125
cam0,242,12100000,23.510092306725976,69.5396107463456,8.391273970573053,7.855489117101737
cam0,243,12150000,65.69397450130637,67.99553461537349,10.248596337991826,8.482292306627471
cam0,244,12200000,68.23242697449324,66.8966393614822,10.209691190053192,14.042731013410823
cam0,245,12250000,66.77654689453244,65.77598851798446,10.28119677558936,14.54281259537547
cam0,246,12300000,65.34176106163088,66.28069057900859,10.045517474676645,14.60492723160835
cam0,247,12350000,62.95263203313401,22.251838779828052,13.402308653989667,10.149894753507748
cam0,248,12400000,69.16750011131784,68.83118158859038,12.90907671719173,11.095841075495176
cam0,249,12450000,64.8884907041748,69.94284867007387,12.636676583148132,11.8949776358904
cam0,250,12500000,50.69836867325159,69.39162431429622,12.555759927583505,11.504703724267689
cam0,251,12550000,40.75869859949699,71.0479154850413,14.371297453757476,11.599338201283107
cam0,252,12600000,37.83213028918486,34.55448902294864,13.21000935045775,10.596330094320319
cam0,253,12650000,34.44713390371434,72.77214195726623,13.431320315945598,10.963752975033213
cam0,254,12700000,73.28269871763221,70.79180196159419,11.153997940300343,9.333753413597814
cam0,255,12750000,34.34940857147257,9.231949743843739,10.002041631238715,6.951551661016221
cam0,256,12800000,15.460849486635395,4.284333184064607,9.086614962868218,6.4266947583987175
cam0,257,12850000,9.300119138495134,4.042455735859315,7.084399737607786,5.460527976334971
cam0,258,12900000,4.196980484078681,3.118280554016258,5.124857102947889,4.557980651960193
cam0,259,12950000,3.33945508100084,4.778110517028616,4.965422064901384,5.339016096604098
cam0,260,13000000,3.0825527067596843,0.437855464464181,4.8213410206471945,4.1128288756133
cam0,261,13050000,3.054069889350577,2.3378923261933227,4.951314214430877,4.361263842714239
cam0,262,13100000,5.341719988850341,1.3062784900799043,5.582845874762073,4.454007101062674
cam0,263,13150000,5.288482497742832,5.529039858806025,5.646047105828263,5.902593052222773
cam0,264,13200000,4.948075489837176,6.245597251112609,5.421770915033848,6.135994006728401
cam0,265,13250000,3.4641814155310593,5.312129634060392,5.0435886164856,5.819072447472767
cam0,266,13300000,0.34432245712908627,1.335194544549947,4.711492648527118,4.6207065865819015
cam0,267,13350000,3.0508146514750867,2.8595563732114346,5.1149171390869395,4.590959475369779
cam0,268,13400000,4.531516969977349,3.4357199407245678,5.664238173037981,5.003106767850253
cam0,269,13450000,4.295858847325886,4.610315111041973,5.666458760080742,5.367342623038807
cam1,31,1550000,93.2165513879484,91.22986334601265,13.340606775968398,12.968668152538132
cam1,32,1600000,85.13922153356529,84.25405269582136,13.398976523846557,13.742272319840984
cam1,33,1650000,77.24588664641632,75.52561240595315,12.836731151665646,11.804186325604274
cam1,34,1700000,71.67155939203568,68.9961296501756,12.42754746255893,10.735823443959662
cam1,35,1750000,64.59149266043043,60.4872353153345,14.704773417051298,14.36298423220308
cam1,36,1800000,56.322819091086025,54.0789874592533,16.9357258013817,16.256708062362453
cam1,37,1850000,42.69672047199565,41.23811245393714,12.320774485581532,9.434821698209179
cam1,38,1900000,9.019068182201474,12.67784473103118,6.587835913737181,7.0866037123881
cam1,39,1950000,3.38960386056724,5.005741777779738,4.978939102302789,5.691993590503902
cam1,40,2000000,1.6915750545350603,2.976680868504983,4.071259103895475,4.540309271718593
cam1,41,2050000,0.6791728876695237,1.8886046378545183,3.996835978090287,4.355743548632464
cam1,42,2100000,1.1701530979403698,1.2077755919700888,3.9486143509392484,4.084429696841408
cam1,43,2150000,0.6975605841374362,0.9115265150809092,3.810629906906758,3.9121925225968788
cam1,44,2200000,2.286605785712572,1.9131977173697663,4.185673601441913,4.0822470019739345
cam1,45,2250000,2.0327053820867755,2.317081344484453,4.119360148751134,4.182732596129849
cam1,46,2300000,2.8076107173984926,1.148741295206537,4.389344656649378,3.966364032901378
cam1,47,2350000,2.4992167242449894,1.0034004379463626,4.037326118280358,3.7171130740126443
cam1,48,2400000,1.390148268737041,1.2517923564492117,3.953821792132654,4.0471327718916985
cam1,49,2450000,0.8393259871088082,0.9237860834369926,3.7264240730132734,3.750036854580415
cam1,50,2500000,1.4432736367415697,0.9671017690405854,3.812461388294249,3.7954771281014814
cam1,51,2550000,0.8162932115036335,2.635505602776191,3.7224830688724158,4.268722570353518
cam1,52,2600000,1.4134307999798936,1.5138191529711236,3.8078400384519995,3.837424193990323
cam1,53,2650000,0.8149218933360821,1.2556396424997043,3.6988715534029435,3.777222975590872
cam1,54,2700000,1.4689299437149381,2.2413585556138464,3.81630059151024,3.98606687593562
cam1,55,2750000,1.6002250631889425,0.6700766165318823,3.923722187536555,3.671189264300578
cam1,56,2800000,0.21309952382168978,0.6096133666100924,3.671878879029885,3.406270811949847
cam1,57,2850000,0.5958348538408371,0.27483788265301196,3.4798177612884214,3.41859925515576
cam1,58,2900000,0.5909099296478915,0.9061778752497882,3.7355584673404305,3.700460305112122
cam1,59,2950000,1.1656675297722872,0.8620908535598389,3.6526418295375667,3.379172457186707
cam1,60,3000000,1.0945806488403205,0.9003344173098565,3.6413943058782454,3.56201935562245
cam1,61,3050000,0.8654301217035103,1.5903215307703926,3.73870182674057,3.901576076217413
cam1,62,3100000,0.9087525596869634,0.6026058889619921,3.4039512573328494,3.6704813086091512
cam1,63,3150000,2.0460402177730153,1.9913786606477775,3.8512057802099253,3.96256138223686
cam1,64,3200000,0.9206451359466777,1.4096183651348826,3.8349143117588422,3.8033910863022644
cam1,65,3250000,1.289358967495849,2.1163061157380847,3.9992477564645803,4.311206212473376
cam1,66,3300000,1.6825127900663364,1.1768037371981497,4.008597496223876,4.0168587208863595
cam1,67,3350000,2.3113848786096267,2.317543388835149,3.960709278347368,4.0211339770459205
cam1,68,3400000,1.9145628846766005,0.8903551705201749,4.032555089950195,3.7591603491377175
cam1,69,3450000,1.6724033176433841,1.3392443165949548,3.983406793081702,3.664870148415595
cam1,70,3500000,1.6911928859246144,1.3978587323303646,4.047211118880282,3.935379222984535
cam1,71,3550000,1.252192496479173,0.6859841539237894,3.934962014782924,3.8659540307313893
cam1,72,3600000,0.40489971799452534,0.9750633043036185,3.9071178288926873,4.103713340043502
cam1,73,3650000,0.44178603971778385,5.345519041947692,4.447191694248602,5.380773042629654
cam1,74,3700000,0.5903910555508569,2.9617419099544953,3.6862407474132883,4.553897038108058
cam1,75,3750000,1.019984628208424,2.201718118089435,3.908373341900882,4.227392500575215
cam1,76,3800000,0.48997759722046874,1.7546588524583777,4.104100018692977,4.058916600093175
cam1,77,3850000,0.818285693671269,0.937834330863969,4.276014948691872,4.147684391141439
cam1,78,3900000,0.25161629959618803,1.2953145892314983,3.666947059592985,4.085373585200788
cam1,79,3950000,1.3085190929083308,1.2305267100205897,3.6659256355303977,3.8216480006898834
cam1,80,4000000,1.2217398345475625,1.5589361707760114,3.636822071889993,3.8500610110792692
cam1,81,4050000,1.2430990620176705,3.5877308145998663,3.708405800265945,4.785249522928982
cam1,82,4100000,1.9602094320870407,1.4492257422601627,3.680188245802647,3.811005280172539
cam1,83,4150000,5.3357319599337885,1.6609747816947242,5.727444470869635,3.8550752497712217
cam1,84,4200000,2.4784062237608193,1.9873635813951107,4.052885371651385,3.975837163465064
cam1,85,4250000,2.367823698482883,1.9112273173657615,3.9795539505175945,3.90599421710146
cam1,86,4300000,2.8754410603681175,0.4309653662588606,3.8975459185458945,3.277147406199864
cam1,87,4350000,1.6889585718349382,0.9886649676675847,3.522899469762592,3.50455032396866
cam1,88,4400000,0.6104452382736925,0.18596803600532089,3.382891126441251,3.45848099320723
cam1,89,4450000,0.30913374628071827,0.9040429068956287,3.4909766616817475,3.5271501876599345
cam1,90,4500000,1.851819597808702,1.263666397125506,3.5751197729556914,3.577116828844302
cam1,91,4550000,4.366650301047423,0.3346577387497932,5.042653106929061,3.3997336525745627
cam1,92,4600000,1.1117428533672489,1.785367958889838,3.5989873437698563,3.877714263632246
cam1,93,4650000,1.4239944587952704,0.5540180564659296,3.4353112288510896,3.3147305043265938
cam1,94,4700000,1.2945287554493563,0.6099724715530713,4.019715884964025,3.4967218806652003
cam1,95,4750000,2.0552635250155697,0.6340969969784878,3.797342428295126,3.4985256485989282
cam1,96,4800000,2.1802320788837473,0.9268261247391469,3.754709208120712,3.421668046186392
cam1,97,4850000,0.9211438212357417,0.16788915215762334,3.7892060304442605,3.4007665849431685
cam1,98,4900000,2.323682094523849,1.223809420520409,3.904824557758321,3.5541918099271914
cam1,99,4950000,4.325929830728147,3.692076785259005,4.988309438555893,5.3723517485961345
cam1,100,5000000,1.5594825498054952,2.104213222513075,3.5673252321390994,3.893256160743766
cam1,101,5050000,1.046610806863865,2.4899679939826838,3.9306441880739538,4.175677784890899
cam1,102,5100000,0.35480006905640826,1.5023900933349958,3.391203178124311,3.5112777152367407
cam1,103,5150000,1.3915259568406204,2.023059834133533,3.8138477836515534,4.0110211002984855
cam1,104,5200000,1.3689334464123204,0.0735237524941703,3.506297744175905,3.2641734383361136
cam1,105,5250000,1.1650277087620446,3.107764440317323,3.6549451855446335,4.527249105315246
cam1,106,5300000,1.5703260820080074,1.1663754501107657,3.4854479451672766,3.416398375317506
cam1,107,5350000,7.702067573797011,8.004124792131437,7.663837852053809,8.144540588703585
cam1,108,5400000,4.65541079268731,5.431212076944369,5.152754427357779,6.171149445634834
cam1,109,5450000,1.7679581907095152,1.8047938723510466,3.9661300569600844,4.046521714633506
cam1,110,5500000,2.2350901053069028,2.23527400102288,4.242709262788523,3.731106342867845
cam1,111,5550000,1.6465786930728326,1.7480756576000525,3.830004574370392,3.8688362174375914
cam1,112,5600000,2.016611174004498,1.4260976295899817,3.9251154811562046,3.7738405854487134
cam1,113,5650000,0.5003056114503728,0.7060136174511324,3.4956132494236396,3.501208431345912
cam1,114,5700000,1.937068583415063,1.893408719104675,3.8480135501027792,3.933998445864704
cam1,115,5750000,1.6114179257699839,1.0350843370488128,3.6041235558957325,3.3970995509765043
cam1,116,5800000,0.43558577026802814,0.8388913705220088,3.5128443630033175,3.606498690872842
cam1,117,5850000,0.603490533487835,1.4459545397913955,3.574974300617299,3.8162127050658743
cam1,118,5900000,0.8429381681281463,1.421915558137315,3.587464886866348,3.884984922593059
cam1,119,5950000,0.4064555598668074,1.225836935383341,3.4681547459832682,3.6812970247556063
cam1,120,6000000,1.916503546644905,1.4949752603972113,3.6652214611128446,3.4774483307245703
cam1,121,6050000,3.1719500519438046,2.641270459992572,4.044508977089581,3.924846293362643
cam1,122,6100000,1.7361464714771526,2.814808542700259,3.5886987871437768,4.30429778927523
cam1,123,6150000,3.4153581344528825,1.4076159004597975,4.772308600297027,3.470310965950574
cam1,124,6200000,2.1047161781419326,1.1744495276065932,3.845104989011009,3.7538207670074133
cam1,125,6250000,1.628244781724729,0.9915380752324998,3.6236984634710527,3.5799366155185695
cam1,126,6300000,1.5048561831246814,2.8322526380456874,3.6031089701239676,4.260856803631935
cam1,127,6350000,0.9854725001833161,1.9926134301023786,3.451762964548516,3.9434655987052434
cam1,128,6400000,0.6654870193490133,0.6777638393949202,3.3291816199256186,3.556841087069426
cam1,129,6450000,1.7494296721023077,1.1699767725035193,3.9356310612495857,3.8164547034653253
cam1,130,6500000,2.8214353138154493,3.659124946998828,4.404750531471844,5.018595263556799
cam1,131,6550000,2.63876627905608,5.335007971153516,4.41792425238696,6.728306820573969
cam1,132,6600000,2.2149812844272523,3.947981324410828,4.15284660264067,5.715711613420924
cam1,133,6650000,1.7262670792473929,2.1513035840881973,3.649399846388338,3.8191492649109566
cam1,134,6700000,2.0891973574705105,0.3737137034925934,3.6278872341184663,3.3445660935608217
cam1,135,6750000,1.7601370737521074,0.39417937217042426,3.6899120236124574,3.5770344479975122
cam1,136,6800000,2.373344060478661,0.6407663509445505,4.134971757061152,3.7689359348662226
cam1,137,6850000,1.5761223404049356,1.78327342889951,3.7201573372291676,3.947721113484219
cam1,138,6900000,2.0325219756089217,1.1651558487353721,3.637464731837074,3.5463154018959866
cam1,139,6950000,2.0885399937351727,0.7232380778289835,3.609907439419418,3.3955867392988353
cam1,140,7000000,1.7815875635685474,0.6873158202082085,3.5333812525091357,3.9686573200294646
cam1,141,7050000,2.992662277061313,1.8596312895352791,4.4584181936516405,4.15012223470749
cam1,142,7100000,1.3508022536910316,1.3428409239698693,3.6821052846026348,3.8786499696825576
cam1,143,7150000,1.1197280436987964,1.1845566412782313,3.501849018675639,3.674276972006167
cam1,144,7200000,2.3016241284760834,1.669832778051081,3.824292977816201,3.851253995495849
cam1,145,7250000,1.784230475153078,1.9274440480818604,3.8568320073817226,3.9073400556307476
cam1,147,7350000,2.30862333176561,2.894016033090111,4.100922819994059,4.291455299963747
cam1,148,7400000,4.4054540130873034,1.7158721683039613,5.388198301333775,3.956200202335161
cam1,149,7450000,1.0692141777705824,0.4286915309904441,3.399230102497249,3.334708118591049
cam1,150,7500000,0.6475716094965506,1.2121301271544338,3.546747777493856,3.650820301220529
cam1,151,7550000,1.458535902507394,3.2582599665673166,3.823209554987807,4.4766768506179755
cam1,152,7600000,3.1376245950387545,5.310807292011297,4.569984110436202,5.672602039877692
cam1,153,7650000,2.9367783350255823,4.034257269834429,4.129805233417974,4.570099356543958
cam1,154,7700000,0.6889306169723365,2.2749282555424206,3.4798483386092336,4.072158102419527
cam1,155,7750000,1.3778302663658544,1.0629235876827658,3.62409275807091,3.5831276876224383
cam1,156,7800000,3.590007267762969,3.2706169056874637,4.42155034609932,4.464430203416063
cam1,157,7850000,3.7695250711202566,4.2280714635361365,4.783929836894142,4.959101815526395
cam1,158,7900000,2.5747475861626157,1.841981708869455,3.898678239877059,3.6690266203340514
cam1,159,7950000,2.1987436614938107,2.361288576860557,3.921714853311501,4.25163819076354
cam1,160,8000000,2.161363535207052,3.172973727693645,3.91904302013155,4.796456074632875
cam1,161,8050000,1.296936771259765,1.7580790524077854,3.650502498266251,3.9970559671325
cam1,162,8100000,3.191451258228629,3.350081372531238,4.7352854524606816,4.671856505753654
cam1,163,8150000,2.1606276593453693,1.1549926030908615,4.013326579511096,3.7736838213617805
cam1,164,8200000,2.296052030768712,0.4766237674697921,3.906874099752706,3.634314855143396
cam1,165,8250000,2.3278115325386945,1.196180633883576,4.040899403669323,3.894969652423949
cam1,166,8300000,2.269082370082194,1.8509252491833226,4.475078879935641,4.076631924625463
cam1,167,8350000,1.8871686228718594,1.1209787635039454,3.9396751360610818,3.8487179913330305
cam1,168,8400000,1.3387334127935238,0.9928872031043341,3.928122987416515,3.8730485793891187
cam1,169,8450000,0.5682351368172563,0.964704743871172,4.581606520506126,3.7977779986697477
cam1,170,8500000,0.784617888636077,0.2898899120420254,4.326975733706686,4.694940983444885
cam1,171,8550000,1.3470629881825127,3.44319334512439,4.5340875989535885,5.66858167010221
cam1,172,8600000,5.462116101293553,7.006794135555654,5.433050378380447,6.378121003336085
cam1,173,8650000,5.7583923055542225,7.045105022097209,5.706543929979448,6.841650619237621
cam1,174,8700000,3.8542294170994844,8.698510473938383,5.549595651079564,8.284773385712807
cam1,175,8750000,2.8415461900585717,34.640700162322425,5.352731408605239,8.848978937728658
cam1,176,8800000,0.9612368187889052,59.719689950341625,5.225194028866911,10.82334084174102
cam1,177,8850000,1.1555662687871457,3.5109048490013124,5.167956375216116,5.500885400759616
cam1,178,8900000,2.5919903015079875,3.360884641696255,4.512044467639841,4.9855178054044345
cam1,179,8950000,2.6914533735548005,3.7206225368179253,4.203189778503056,5.009344788525173
cam1,180,9000000,2.654269925875857,1.05619806418001,4.165156213480664,3.7657127333766436
cam1,181,9050000,1.844995360166047,1.1180226813851657,3.9596530185523626,3.84388998183986
cam1,182,9100000,2.5945237939979764,2.133136731240526,4.0139616930445765,4.080991679247733
cam1,183,9150000,1.1016796924031325,1.3423050376958026,3.6638470831877594,3.924250026896644
cam1,184,9200000,1.82156067542826,2.633994898909402,3.780058543986085,4.223611678213301
cam1,185,9250000,3.4018229346088167,2.1910721926465415,4.535154309340372,4.102761884126503
cam1,186,9300000,2.868402291702648,0.2899629434023279,4.482715362454069,3.632834556133588
cam1,187,9350000,1.5241039048246694,1.3285008777800855,3.799345740300515,3.82111241146705
cam1,188,9400000,1.8583439852862629,2.8045372306186236,3.92584898514923,4.379926331778018
cam1,189,9450000,0.9130847899831336,0.21169613788901012,3.5551221985164556,3.560476576389428
cam1,190,9500000,1.8865211139176628,0.7334846804513742,3.8343136297029172,3.6161324558619086
cam1,191,9550000,3.702150590510842,0.9294247924959103,4.96229640533698,3.4069250116192453
cam1,192,9600000,1.8901157860492805,2.388750589451623,3.7202038246693583,3.8781234197352106
cam1,193,9650000,2.3460527110252625,3.3597396593607787,4.15215872810076,4.935813927490484
cam1,194,9700000,1.9341573132639616,0.9047909756309639,3.77572531703027,3.611466587252231
cam1,195,9750000,2.6735325049236396,1.5470218676843546,4.285341714607313,3.5247289910603747
cam1,196,9800000,2.16285159847839,1.7691224259624951,3.8467882854446795,3.835003918084853
cam1,197,9850000,2.100896252263961,3.957702037161446,3.8295565794687203,5.204041152298625
cam1,198,9900000,1.1681559097662393,3.454086656586102,3.6488166904855124,4.718156104808479
cam1,199,9950000,2.634404524784873,3.936478307482368,4.295969006026864,5.756220037009278
cam1,200,10000000,2.2166353297746464,4.099214443298526,3.9650995586644537,5.789787808364425
cam1,201,10050000,1.4870168424709942,1.0734336117247842,3.7206841398582995,3.744814620840792
cam1,202,10100000,3.7609370743322548,1.7448535685947542,4.958621967597848,3.6845468395073
cam1,203,10150000,1.6266873335592813,2.7735757959922682,3.5178104659345433,4.621719562171954
cam1,204,10200000,0.9427472945055093,1.4056851655146927,3.4437981681626795,3.504176174504247
cam1,205,10250000,1.0585418449106037,0.38960091745588993,3.4680273399061416,3.3231495787813277
cam1,206,10300000,1.0793642564078196,2.5914309356356706,3.46021876066216,3.926100577803348
cam1,207,10350000,0.5987324660110614,2.0862676588272935,3.4083707853858556,3.79010130320688
cam1,208,10400000,0.4536008053886781,1.0406072610819024,3.483195658013166,3.553534051162318
cam1,209,10450000,0.8015687787393477,0.8013490137269761,3.4445796551798384,3.488769461835819
cam1,210,10500000,2.326226589097285,3.2633318866220433,4.1298663919543,4.80664091342363
cam1,211,10550000,3.8357633407833824,3.300290345012134,5.145509600987273,4.767041156794198
cam1,212,10600000,2.4026830976166442,2.2956750882165866,4.261365492336859,4.22288202711669
cam1,213,10650000,0.6642506446982324,0.9841574684668206,3.381663967695971,3.5520949529655983
cam1,214,10700000,2.188558569719206,3.3310502385862306,4.185017762651716,4.914773542540397
cam1,215,10750000,2.9422450335358254,4.93415745194389,4.638985463526383,6.239216573663505
cam1,216,10800000,3.6413108431918015,1.7749332150391057,4.9943897060390885,3.9500718459322925
cam1,217,10850000,1.2152425843857617,2.1488586255591473,3.599648558300455,4.0586284943578566
cam1,218,10900000,1.6276329642921805,2.5630038045294956,4.23267500385681,4.702570433777485
cam1,220,11000000,3.3092154711256394,3.762983936894833,5.111910265478636,5.45576155022013
cam1,221,11050000,2.444230229460333,4.826059984474024,5.918278243775239,7.155696768283231
cam1,222,11100000,120.07999840605767,58.493426584066405,10.051443932839788,10.965100003781764
cam1,223,11150000,120.32060027639042,13.360831233588458,8.57130947036352,8.488861282079991
cam1,224,11200000,115.31267837226152,100.8395331723762,10.648723689384056,9.902807837159664
cam1,225,11250000,29.447008000091596,401.6329174068677,12.89427045914349,11.898883778581167
cam1,226,11300000,29.125018905221083,32.856659871490386,13.306838677490862,13.386710372102671
cam1,227,11350000,157.49855444420803,35.93692305073286,13.112419036423569,13.773640804290162
cam1,228,11400000,161.61108827257286,41.59530743001499,13.015070060076576,15.255537950256144
cam1,229,11450000,174.52731052633783,43.015771891348365,9.98924034259922,12.825278900959674
cam1,230,11500000,168.80991989389437,158.8373516298242,12.875831503650735,12.928456651253546
cam1,231,11550000,153.01807495335612,151.8238160718751,12.725542776807107,13.018078377577778
cam1,232,11600000,143.11306873984282,147.5174114670732,12.560172524118915,12.780175095782493
cam1,233,11650000,294.72660354327473,291.2802836403657,19.96748168590885,15.087138004014136
cam1,234,11700000,258.12130511876626,256.67940611375013,19.647569410763623,16.979475280233522
cam1,235,11750000,257.4081882615625,255.09124067205914,20.7109043029258,15.153619324976917
cam1,236,11800000,255.99704831620693,247.7300634506831,20.74730618649565,16.53556448453271
cam1,237,11850000,250.98919445263263,249.20902496127303,24.0382533649366,18.199147442656315
cam1,238,11900000,244.96355889889682,244.8393710764663,15.299930848086582,22.864736584865884
cam1,239,11950000,241.84978785887373,240.74425356635166,16.458288431189885,17.59154737421278
cam1,240,12000000,238.6888693280345,238.22757377540296,16.452603790862547,21.163181461012712
cam1,241,12050000,233.37552106870078,236.6934154999696,21.827967032398668,19.371437490952587
cam1,242,12100000,233.3192750412094,232.1658476460023,25.69089500776787,17.167056009281698
cam1,243,12150000,230.4061271395258,234.65694843198696,21.283800588138917,19.04233018867527
cam1,244,12200000,232.36718279201327,231.78079520502598,27.269511663430418,19.06311354349392
cam1,245,12250000,228.17031046346102,227.8685178449259,26.746871349999086,18.684087800316675
cam1,246,12300000,224.26198757126193,220.85271193906888,23.686105848468326,20.85824631664758
cam1,247,12350000,223.2206724492291,220.70820910008769,25.909895533447752,24.00403643144363
cam1,248,12400000,221.91089616519415,224.17914413554453,20.8909830628805,19.589979079674904
cam1,249,12450000,222.52181789647403,219.66659343745175,21.0168382867513,21.74620945434699
cam1,250,12500000,222.66275094814154,219.57310456840847,18.802876343123256,22.031076562540832
cam1,251,12550000,222.39807190435133,221.84958933420165,24.296293832120554,18.552688485284065
cam1,252,12600000,222.39182674517818,220.17692597062637,18.84776046265401,17.774777624521544
cam1,253,12650000,220.2777850900142,223.30899324154888,20.684674591972875,21.51331736579694
cam1,254,12700000,214.90594975576428,395.7431335641239,23.527912413682643,20.24392217654455
cam1,255,12750000,211.6959876148934,390.16210496984786,22.89956400043549,19.072464362470846
cam1,256,12800000,207.87494916076278,380.411728271239,22.922941856547567,19.480481044385357
cam1,257,12850000,205.7664689248177,382.464252221262,21.440847891198143,21.954169184645902
cam1,258,12900000,211.52932657096133,329.2155463549169,21.647121201655942,16.580080469132426
cam1,259,12950000,214.19714560819477,321.95530905839314,21.815921537550466,16.681524003127958
cam1,260,13000000,215.6532688340437,327.2820995985832,17.84105834634354,15.822001715415961
cam1,261,13050000,215.2510821882132,347.23966318351887,18.55124824826798,15.539001925529094
cam1,262,13100000,261.61864564175806,217.66370651912882,16.301898717982375,17.32374862993544
cam1,263,13150000,216.28665526923106,161.90189157756276,17.44030871475893,16.175722551391285
cam1,264,13200000,209.95304242371265,271.76505540920704,18.13079150276822,17.66112351938743
cam1,265,13250000,214.26729619863204,398.87816250852,18.18615449624023,16.569876553413327
cam1,266,13300000,255.39641010207106,385.9733721296195,15.592725895728407,16.521004099079036
cam1,267,13350000,261.6324293908393,385.4939814387956,14.677131506776007,16.096501817087645
cam1,268,13400000,263.7310337756111,374.4887488458441,15.865302651336515,16.561490512685005
cam1,269,13450000,375.1587423626344,370.1482496188388,15.781933596614026,16.824337707922012
cam2,33,1650000,94.61633333090722,17.042423427635484,10.506031573664085,8.114141226873693
cam2,34,1700000,103.06991276392979,103.15635787821353,9.706771067583531,9.122583169146559
cam2,35,1750000,111.26722163639995,113.65743286204159,9.027663074870759,10.266858176510521
cam2,36,1800000,119.3948532904289,118.73709414394635,10.007884560226252,9.207462792380564
cam2,37,1850000,123.25762926196816,120.85281367762516,8.747547471648598,7.3683961188886
cam2,38,1900000,126.73748128117467,126.53330981975256,9.832641146986024,8.746226726353374
cam2,39,1950000,133.58813244244283,131.36984119043663,9.801077553664813,9.19622689415776
cam2,40,2000000,138.44261970331206,138.19842729755206,9.628906228567018,7.931579850175303
cam2,41,2050000,42.69242053339842,141.76310047094927,8.081108764255092,9.724722982289949
cam2,42,2100000,4.231998406546788,29.575748325176445,6.2237805528119345,8.375992935390261
cam2,43,2150000,4.317556721885391,21.450318487917617,6.107195930862943,9.166059639872733
cam2,44,2200000,7.706627957383864,28.50368894961634,6.643323213972029,8.582956509643019
cam2,45,2250000,6.498107365573942,36.126794270334905,6.035593345554878,8.388324816289995
cam2,46,2300000,11.19054841067163,9.177862257931956,8.598357669207626,6.9572288716698
cam2,47,2350000,9.864522328600195,4.911390895753285,7.446092376697238,5.635112229801226
cam2,48,2400000,5.465879900188916,2.979763574875468,5.877185739990818,4.856348093125362
cam2,49,2450000,7.131326850725171,2.257275180160526,6.443352240733702,4.74579838736925
cam2,50,2500000,3.3471392517552974,1.7946252510666951,5.689542234646151,4.776045028130721
cam2,51,2550000,6.287761778843578,2.3904255583980314,5.964906025728778,4.578854020267247
cam2,52,2600000,4.496747236401661,2.285528537743474,6.292550092825881,4.409112592522948
cam2,55,2750000,3.15148252690137,2.343287511854208,4.55455062204215,4.875533080140503
cam2,56,2800000,2.59977055857887,2.595627429470796,4.528351841965183,4.868439378655358
cam2,57,2850000,3.1730372651384355,1.1926335199379305,4.839059890675751,4.406139156483363
cam2,58,2900000,0.7438904674075268,0.23587305716751442,4.180273210724442,3.9629632603450595
cam2,59,2950000,1.1406966953086246,0.3385838194459192,4.232278733110741,3.8414902085624743
cam2,60,3000000,2.4191252433893307,0.7922916880376408,4.3381414464394314,4.014605071933195
cam2,61,3050000,2.8855960522570463,3.403762061900237,4.534387455060761,5.00302409299405
cam2,62,3100000,4.656539970993609,6.160599126364006,5.245976082127244,6.294966246546412
cam2,63,3150000,2.1419727814570866,5.706956757930024,4.358048301481407,5.765230147158615
cam2,64,3200000,1.7426649684657771,4.097665383467467,4.257138031994341,4.924594777409311
cam2,65,3250000,1.058733195922291,2.143952699579513,4.192685657549893,4.273582610552477
cam2,66,3300000,2.172966215335236,2.9440512682969664,4.286882487288603,4.4861962138018345
cam2,67,3350000,2.9443669282371667,0.4554495746371871,4.831798181801778,4.166711003690901
cam2,68,3400000,3.19007593814287,1.6354121760990923,4.770219723754643,4.10774467161554
cam2,69,3450000,4.480461468274571,3.32871243301578,4.943473608955774,4.669822832520206
cam2,70,3500000,4.497320661873476,2.043432383201302,5.079710801933338,4.062753206790047
cam2,71,3550000,3.9581098021102976,2.006003063588225,4.848759679456132,4.130454404855476
cam2,72,3600000,7.479847235328502,3.177605577280612,7.322700655632227,4.749617401471758
cam2,73,3650000,7.96125885493932,7.020912922662683,7.269642635573711,6.754915753433014
cam2,74,3700000,70.80734382749795,78.71927847481253,12.136676391396941,11.808240130018326
cam2,75,3750000,70.88182715984418,83.49252647533366,12.095488316950718,11.451584967125076
cam2,76,3800000,69.46294204745038,86.33781938271704,12.503731172232214,12.180053145067236
cam2,77,3850000,63.84027398066975,98.27645458389794,12.523868102318465,11.51010174170131
cam2,78,3900000,5.774431463296716,1.6739368438913986,5.201069342945919,5.447638115968369
cam2,79,3950000,3.7222200000561485,1.5049649519339094,4.891239822857482,4.577211842089724
cam2,80,4000000,2.58334201961684,1.9209893672476832,4.5530104056119995,4.492628838298781
cam2,81,4050000,1.5347713624763726,0.39147569690792,4.1381326273366295,4.2315088467901845
cam2,82,4100000,2.3278411977356486,5.19187870250743,4.436982864798839,5.638942602546816
cam2,83,4150000,4.072422861516602,5.470893002721229,4.966738313519549,5.7494108189347966
cam2,84,4200000,3.7694913225633524,8.09281790237813,4.910707076074184,8.043634470579608
cam2,85,4250000,3.428031831552472,8.098450962540369,4.801408145374756,7.880527037362804
cam2,86,4300000,1.4880017854143137,4.170283749875596,4.1764747526699235,4.976133106565555
cam2,87,4350000,1.123501355175619,1.2376960133668442,4.237133823502816,4.016444496175824
cam2,88,4400000,4.372700680319319,3.190678568396002,4.946599280518031,4.560164207412434
cam2,89,4450000,3.756654574591935,3.205540236916039,4.80752591818962,4.541550850964734
cam2,90,4500000,4.501456824756819,5.513380178173156,5.026268115533178,5.629622719375723
cam2,91,4550000,4.18936361468677,4.7364463011945075,4.9656340345035535,5.346273984126801
cam2,92,4600000,4.0472259817366725,4.837876319147841,4.899144453279366,5.426864652692908
cam2,93,4650000,2.550446230819284,3.438032631317313,4.3721576078289175,4.700233832814687
cam2,94,4700000,1.1904155746058624,2.182247524645724,4.2098032585701475,4.307282055473131
cam2,95,4750000,3.4554077057594514,2.535456888130496,5.112545319729424,4.254957612748653
cam2,96,4800000,3.4328229645823654,3.198481507131429,4.893412283761032,4.714551820895249
cam2,97,4850000,3.510367474010772,3.2697271999869435,4.80539177088712,4.77549980923159
cam2,98,4900000,0.3106925964172055,3.6629931942221075,4.392719159628557,4.98346561024376
cam2,99,4950000,2.82456661240695,3.451563677831941,4.524902178594521,4.784707640721322
cam2,101,5050000,0.7660685230810154,0.975590568650787,4.244763725425006,4.118195905230287
cam2,102,5100000,3.1211724807939287,2.829063682998764,5.225558359896432,4.598343426414004
cam2,103,5150000,4.072501064216302,4.106199159244763,5.3866855908425,5.327916093352137
cam2,104,5200000,3.937920215806102,2.8204369783287757,5.712950808593158,5.381362305520195
cam2,105,5250000,3.979337793490642,1.2606182237705248,5.951742503301849,5.760152337385152
cam2,106,5300000,7.085292227997786,26.450404071789382,6.508176047805248,8.81913420744929
cam2,107,5350000,9.899413146099992,20.018474355216444,7.220542329848945,8.280214116980723
cam2,108,5400000,22.721109036118655,36.449925887663845,8.117190258395638,8.965787713581443
cam2,111,5550000,13.565551915664194,11.057936558521952,6.46610973056419,6.850447007265019
cam2,112,5600000,10.211325015511765,9.279261344883812,6.961091797780742,6.329941008307111
cam2,113,5650000,4.594444317453851,8.803545947289646,5.327208155758839,6.303436437539313
cam2,114,5700000,3.1027076240200775,2.623129315890226,4.480502463840761,4.350197794280897
cam2,115,5750000,1.1931003105918052,1.356275836460054,3.491847626449646,3.7514134945607474
cam2,116,5800000,1.4453494959103588,1.5411807734518512,3.5040843962555748,3.9460654424584405
cam2,117,5850000,0.4684254172574203,2.5694899095333414,3.5489516126115,4.143284402881955
cam2,118,5900000,0.9534935873085585,1.2739438535939944,3.763405775919706,3.902085410725574
cam2,119,5950000,1.1836835680430045,2.5648061384216088,3.56129307758974,4.122679240452435
cam2,120,6000000,1.4510422552686688,2.741459833708909,3.448638332321405,4.019740516655219
cam2,121,6050000,1.0089576365684503,2.819331395840542,3.4152392021247717,3.916623901048567
cam2,122,6100000,0.8172725280021674,2.465025594806085,3.562160789249642,4.251076063988036
cam2,123,6150000,1.3122709075252197,3.1999090120740927,3.863566472115103,4.492911355929781
cam2,124,6200000,1.1315722936838566,0.3554786738183073,3.584159657505049,3.4374342688713337
cam2,125,6250000,1.1733332498800209,1.6186675179485936,3.4626964558780298,3.6035124523804516
cam2,126,6300000,1.1114906185307514,0.20859625657593742,3.842831373536429,3.3817300201230474
cam2,127,6350000,0.16486335807705554,0.9912419090529233,3.5283352141215847,3.6938036834072605
cam2,128,6400000,1.5953148443010217,0.9075507652939594,3.5277395690069593,3.5446553845285536
cam2,129,6450000,2.28671235618751,1.7020021862819539,4.188206342491576,3.7733807760406073
cam2,130,6500000,3.2353173677776343,2.9025673702503427,4.460649379831683,4.350033911798844
cam2,131,6550000,1.1181015407823944,0.9528867653908957,4.0172884630081125,4.052950221179884
cam2,132,6600000,2.43530308208713,0.6810909747298928,4.376207980935227,4.14127589415579
cam2,136,6800000,2.772940522882016,1.8038152101629192,4.3479098159075065,4.069896875041312
cam2,137,6850000,0.2530447919484437,1.018051634563004,3.677810768317224,3.8126828585148083
cam2,138,6900000,1.3763591338929613,1.501256251660878,3.581110069570723,3.619403292286684
cam2,139,6950000,1.8032503144275909,2.2696544207335188,3.9033720165404517,3.9840174272185767
cam2,140,7000000,0.7033440278199959,2.1627842460050832,3.3892006558628918,3.9118771751398267
cam2,141,7050000,1.3416332792803851,1.3361716129864025,3.721820694127267,3.7461501880324732
cam2,142,7100000,1.6664710492628314,1.713633275743725,3.7889746259816857,3.80924081683669
cam2,143,7150000,1.8306902147886144,2.5984580859968847,4.132652515016611,4.257734886891008
cam2,144,7200000,2.389181942590969,2.0815742627403138,4.03182810513991,4.216586603362911
cam2,145,7250000,0.6223408087694479,1.5801684300210348,3.659772175026349,3.801239612344027
cam2,146,7300000,1.7096627868461869,1.831554005348392,3.7311608957129483,3.8523198887636063
cam2,147,7350000,1.2826135086203663,1.111224927713395,3.6597333695760117,3.654513519834415
cam2,148,7400000,4.08532824558209,3.8425085965933152,5.1004754049959296,4.876714073810886
cam2,149,7450000,0.3529633498289248,0.3621496666584833,3.45157805035684,3.4433063490609825
cam2,150,7500000,1.0001641605713276,1.6070691259680332,3.653608219040912,3.785225135397214
cam2,151,7550000,0.9735090123137948,1.0937582150152418,3.6523618221769887,3.6998448533517383
cam2,152,7600000,1.8526882681773849,1.6069814584412656,3.8903235066082704,3.7786895313982054
cam2,153,7650000,1.9159122069864933,3.3891996916407026,3.7813377838246645,4.323046193164334
cam2,154,7700000,2.5076251548981725,1.8949186797486568,4.02319504644127,3.8370581451463064
cam2,155,7750000,2.1783465106857416,1.9116583693967808,4.129553484150252,3.9333408131699343
cam2,156,7800000,1.2614165361793088,2.1160212624786325,3.691723215163506,3.912432155877365
cam2,157,7850000,1.982639716225378,2.0122869291676486,3.8539356756512557,3.8895396533274997
cam2,158,7900000,0.3376430054829946,1.2293113231326378,3.541621306384009,3.7011424302497673
cam2,159,7950000,1.4252903371747543,1.1623955216349202,3.7759820076201844,3.7153261825482673
cam2,160,8000000,0.8802184958710576,0.2956997982173286,3.6094272038280337,3.5945998729863806
cam2,161,8050000,1.4018709916357783,0.7086273937585654,3.6917807387670507,3.5794878367897027
cam2,162,8100000,0.6322928751815319,0.46510593853497323,3.4973210610905685,3.45630228895784
cam2,163,8150000,0.8222766023834716,0.8944532215181177,3.4723653692223415,3.409765488906796
cam2,164,8200000,1.327019488191388,1.5093129235665304,3.8229899388232376,3.8797043323272096
cam2,165,8250000,1.337728145225635,1.632150385279576,3.7206560209154507,3.8491948937752003
cam2,166,8300000,2.7302592846793226,2.7056802817528105,4.11646734466801,4.163115039751162
cam2,167,8350000,2.0466892136590675,2.3492937064555868,3.845799956025086,3.9378312026801368
cam2,168,8400000,3.426389329538126,1.8971368442209617,4.63113948524305,3.686380686366604
cam2,169,8450000,4.012618746760347,2.1571858802383073,4.562117570724473,3.993280588658207
cam2,170,8500000,6.9647859105222985,7.333025654638889,6.305810642051796,6.98864691343537
cam2,171,8550000,4.39009524716478,4.111996485967145,4.925748670313709,5.091911201167358
cam2,172,8600000,4.4805353325131545,1.7273415234706484,4.794469210512261,4.130668318622487
cam2,176,8800000,0.9981569985897951,4.721817818835519,5.983976742329183,5.731067719282114
cam2,177,8850000,10.59255471804079,11.197091177905476,7.1213728389925866,8.124171238321072
cam2,178,8900000,5.6860832539883415,9.553450465043156,7.096054559521924,7.1370038969534
cam2,181,9050000,3.212670290459454,6.088324725717974,5.042213832588661,6.119110597784182
cam2,182,9100000,3.158781005444751,3.387714138098463,5.319677273891168,5.201668636478843
cam2,183,9150000,3.546449403409346,3.127192201026551,5.01209917178223,4.893051676609488
cam2,184,9200000,4.695597622305035,3.7741811175559827,4.832675623331291,4.510440836719926
cam2,185,9250000,3.911566403367722,3.7592525952764424,4.67732039956171,4.718983902855207
cam2,186,9300000,2.176233992291274,2.9705994800423636,4.373077453587998,4.490444844199313
cam2,187,9350000,1.0740383370592186,1.0408494628070828,4.5438500581797765,4.416287248220534
cam2,188,9400000,0.6472271310189798,1.9565446649341491,3.9884210419175776,4.171995530571651
cam2,189,9450000,2.6000253368008437,2.1129193272895628,4.303230944618795,4.090249505926561
cam2,190,9500000,0.9032048393917805,1.2101476242967346,4.0556403890256405,4.324679765941964
cam2,191,9550000,1.6309103842443973,1.0560564508904386,3.936647764964503,4.168563774148415
cam2,192,9600000,2.778487996522427,2.3110354725792246,4.330743299208718,4.266132964847516
cam2,193,9650000,0.5710285694643606,2.3388095886694193,3.9201724824233857,4.229440273813772
cam2,194,9700000,1.6585637814877339,2.837182655969128,3.9501818743143016,4.368129710928738
cam2,195,9750000,1.2162846297299608,1.1439078018334112,3.838860914833784,3.7829502097134267
cam2,196,9800000,3.3465170192953964,1.877602686532384,4.760662827926984,4.109551884254646
cam2,197,9850000,0.9069032209965423,1.5824246531029065,3.852577824975876,4.2658728619573765
cam2,198,9900000,1.9879222623286659,4.9713184509146,4.298964581859302,5.598687903099606
cam2,199,9950000,0.911172854886461,1.6859784040223578,3.8212571116760916,3.956177276438062
cam2,200,10000000,0.7391204894349783,3.2933178360925637,3.9164512050159157,4.566054346043986
cam2,201,10050000,0.7643675107584366,1.192891797319281,3.7371487352370405,3.8058114423964575
cam2,202,10100000,2.563812255485292,1.7666484159972076,4.31483005719274,4.044047094551688
cam2,203,10150000,0.44792971172853574,1.5191378593977345,3.7689237536550664,4.010451871563653
cam2,204,10200000,1.5960108834547473,1.004521393898987,3.8495224858921286,4.208684007599919
cam2,205,10250000,1.338939896008726,0.9903603972114932,3.925310212082344,3.764107785454078
cam2,206,10300000,2.380994580566357,2.2990463758061934,4.311978982281222,4.986484878431723
cam2,207,10350000,1.2573114749319738,2.63748139975464,4.138991438631548,4.694743769270245
cam2,215,10750000,1.6881105996812094,2.324335082242016,4.368382094387528,5.334618017664466
cam2,216,10800000,4.078233031973438,2.424457350778911,5.149803826725627,4.817048091841942
cam2,217,10850000,2.542080206377125,59.65158246586449,4.854087822376231,7.091142680653961
cam2,218,10900000,3.6265786899697003,3.4905865480357967,4.961699141383837,5.464496266043179
cam2,219,10950000,5.7248554662941125,6.74483494138407,5.981084112154466,6.965447237588631
cam2,220,11000000,11.127551321465814,20.80640219572113,6.788040871332783,7.696317463406696
cam2,221,11050000,4.877770093237439,23.672146198618155,6.937216682227644,7.9713245042687015
cam2,222,11100000,3.4030198915178915,12.758805618303995,5.534332937991207,7.9461163867237845
cam2,223,11150000,2.5970441202192593,8.070510351755626,5.282547771981404,7.174922249695813
cam2,224,11200000,1.7973451410638126,8.205339703988603,4.6746451794741155,6.909810186619801
cam2,225,11250000,2.112844848481087,45.3847515341878,4.752990833806093,7.435501951883043
cam2,226,11300000,2.681896518915429,53.364238718689535,5.88184850583346,7.68760582126997
cam2,227,11350000,3.8194696773764716,58.329302783256516,4.924125132456531,7.834252269655719
cam2,228,11400000,1.4879085531063416,8.037456806718096,4.441418936324615,7.0444631860472375
cam2,229,11450000,1.1162270364761786,73.29045630339479,4.469796470310358,7.93505447435297
cam2,230,11500000,1.8963278025625945,89.75078373161021,5.542525067552239,10.351691672391205
cam2,231,11550000,2.6315216047729124,98.70750863493572,6.874055435941796,8.640803800480914
cam2,232,11600000,12.147197129013772,86.28924294123586,6.947432501790047,8.653160232521044
cam2,233,11650000,19.291094995372084,60.18858756880913,8.823252509159648,11.696438346883948
cam2,234,11700000,119.18390724710953,80.81982009415447,7.524655207129876,10.857772489634947
cam2,235,11750000,19.834232069465333,85.72930642474863,7.837232085276129,10.964085707151249
cam2,236,11800000,1.992871952577052,83.31515912757764,7.217434282464992,10.993848370348267
cam2,237,11850000,7.323744004538232,74.74738128499304,7.443888204431503,10.89952703671013
cam2,238,11900000,61.52359750482951,94.48275450464833,8.386663451230596,11.024486755705784
cam2,239,11950000,50.72869483908023,91.37163934133208,9.443629984928986,11.012949564155988
cam2,240,12000000,43.260449929029214,90.09152393126968,12.153547680542543,11.04931266326506
cam2,241,12050000,17.733778049902593,122.6235963150523,11.737801233612208,10.685666093037899
cam2,242,12100000,24.245969185638167,183.763862581787,11.26032566884906,12.208463438173656
cam2,243,12150000,65.33825075986886,206.84773596388996,11.16802409297123,13.081418131772422
cam2,244,12200000,106.4620612397449,220.56513407684724,11.161573343763035,9.435638567191486
cam2,245,12250000,19.0744102879603,163.744448237247,10.467320812728143,12.618966111939308
cam2,246,12300000,19.87566634556355,167.61633082868286,9.45247319185075,12.955834636318212
cam2,247,12350000,287.8028860033222,181.45490059967264,10.304236963209416,12.303533112401173
cam2,248,12400000,155.06002831819086,174.77525428079565,12.892950771199274,10.261762841387002
cam2,249,12450000,148.5036882832361,173.74343179024916,12.235288844246444,10.978337584696579
cam2,250,12500000,131.33878250552613,579.2014998374087,12.380611759363614,10.530418273263034
cam2,251,12550000,14.712684632858572,295.47669069603313,7.956441313556741,8.658648546865233
cam2,252,12600000,13.896193062162821,150.50273043417477,8.206283349839818,11.272126511157731
cam2,253,12650000,24.289317584797264,154.71799416686366,12.531726940008568,11.297365061018624
cam2,254,12700000,15.363596685263062,188.09604057204908,10.34379582441699,11.319851033562792
cam2,255,12750000,168.55406918806057,192.9393049621605,12.11178144111247,11.874343569062509
cam2,256,12800000,303.99794369914747,186.09169047399675,9.773212948091212,9.565448889547262
cam2,257,12850000,0.5426013226458237,180.6084897523554,5.0151954664367935,9.141031042426363
cam2,258,12900000,2.069872977834064,180.4552663009959,5.168117967602408,8.760998853822894
cam2,259,12950000,4.033609721221029,184.14285088157047,5.1083388968398395,8.959484605823398
cam2,260,13000000,3.156879616493142,183.52873735485463,4.588608553208404,9.360321174073011
cam2,261,13050000,3.1197541293427227,175.8946761858371,4.6673120046467265,9.658255613544181
cam2,262,13100000,4.987080778380868,163.8514650744328,5.832508343945236,8.697201318963097
cam2,263,13150000,6.467398412031871,169.988893409041,5.9359090894071205,8.582801914841411
cam2,264,13200000,4.193681862928495,163.36443135345618,4.8515475932472985,8.60917573646417
cam2,265,13250000,3.2570407668153942,173.90117135811954,4.590717868700041,6.708636140094029
cam2,266,13300000,3.9511545998083175,6.576860116090624,4.800571384696816,6.001105101229898
cam2,267,13350000,5.116704342207395,5.602140485863618,5.162924506840147,6.259665834208237
cam2,268,13400000,3.7002987391052553,5.973275515228238,4.691578774118236,6.622560876354958
cam2,269,13450000,2.9948890083446824,2.578809337493912,4.656279216074902,5.1446112747099875
