variant,clip,camera,status,reason,raw_ids,selected_groups,unlabelled_selected_boxes,reference_player_units
botsort_pose__clipreid_vitb16_market1501,video_000/clip_000,cam0,ok,,9,2,2,1941
botsort_pose__clipreid_vitb16_market1501,video_000/clip_000,cam1,ok,,6,3,3,2005
botsort_pose__clipreid_vitb16_market1501,video_000/clip_000,cam2,ok,,12,2,3,2020
botsort_pose__clipreid_vitb16_market1501,video_000/clip_007,cam0,ok,,12,2,61,1202
botsort_pose__clipreid_vitb16_market1501,video_000/clip_007,cam1,ok,,10,2,2,1304
botsort_pose__clipreid_vitb16_market1501,video_000/clip_007,cam2,ok,,14,3,18,1269
botsort_pose__clipreid_vitb16_market1501,video_001/clip_001,cam0,ok,,21,3,6,2565
botsort_pose__clipreid_vitb16_market1501,video_001/clip_001,cam1,ok,,11,2,1,2553
botsort_pose__clipreid_vitb16_market1501,video_001/clip_001,cam2,ok,,29,2,2,2506
botsort_pose__clipreid_vitb16_market1501,video_002/clip_013,cam0,ok,,9,3,1,1059
botsort_pose__clipreid_vitb16_market1501,video_002/clip_013,cam1,ok,,7,2,1,1065
botsort_pose__clipreid_vitb16_market1501,video_002/clip_013,cam2,ok,,8,3,3,1069
botsort_pose__solider_swin_base_msmt17,video_000/clip_000,cam0,ok,,9,2,2,1941
botsort_pose__solider_swin_base_msmt17,video_000/clip_000,cam1,ok,,6,3,3,2005
botsort_pose__solider_swin_base_msmt17,video_000/clip_000,cam2,ok,,12,2,3,2020
botsort_pose__solider_swin_base_msmt17,video_000/clip_007,cam0,ok,,12,2,61,1202
botsort_pose__solider_swin_base_msmt17,video_000/clip_007,cam1,ok,,10,2,2,1304
botsort_pose__solider_swin_base_msmt17,video_000/clip_007,cam2,ok,,14,3,18,1269
botsort_pose__solider_swin_base_msmt17,video_001/clip_001,cam0,ok,,21,3,6,2565
botsort_pose__solider_swin_base_msmt17,video_001/clip_001,cam1,ok,,11,2,1,2553
botsort_pose__solider_swin_base_msmt17,video_001/clip_001,cam2,ok,,29,2,2,2506
botsort_pose__solider_swin_base_msmt17,video_002/clip_013,cam0,ok,,9,3,1,1059
botsort_pose__solider_swin_base_msmt17,video_002/clip_013,cam1,ok,,7,2,1,1065
botsort_pose__solider_swin_base_msmt17,video_002/clip_013,cam2,ok,,8,3,3,1069
deep_ocsort_pose__clipreid_vitb16_market1501,video_000/clip_000,cam0,ok,,12,2,0,1941
deep_ocsort_pose__clipreid_vitb16_market1501,video_000/clip_000,cam1,ok,,7,3,0,2005
deep_ocsort_pose__clipreid_vitb16_market1501,video_000/clip_000,cam2,ok,,9,2,1,2020
deep_ocsort_pose__clipreid_vitb16_market1501,video_000/clip_007,cam0,ok,,14,2,48,1202
deep_ocsort_pose__clipreid_vitb16_market1501,video_000/clip_007,cam1,ok,,6,2,0,1304
deep_ocsort_pose__clipreid_vitb16_market1501,video_000/clip_007,cam2,ok,,13,3,13,1269
deep_ocsort_pose__clipreid_vitb16_market1501,video_001/clip_001,cam0,ok,,26,2,0,2565
deep_ocsort_pose__clipreid_vitb16_market1501,video_001/clip_001,cam1,ok,,8,2,0,2553
deep_ocsort_pose__clipreid_vitb16_market1501,video_001/clip_001,cam2,ok,,23,2,0,2506
deep_ocsort_pose__clipreid_vitb16_market1501,video_002/clip_013,cam0,ok,,8,3,1,1059
deep_ocsort_pose__clipreid_vitb16_market1501,video_002/clip_013,cam1,ok,,5,3,2,1065
deep_ocsort_pose__clipreid_vitb16_market1501,video_002/clip_013,cam2,ok,,5,2,1,1069
deep_ocsort_pose__solider_swin_base_msmt17,video_000/clip_000,cam0,ok,,12,2,0,1941
deep_ocsort_pose__solider_swin_base_msmt17,video_000/clip_000,cam1,ok,,8,3,0,2005
deep_ocsort_pose__solider_swin_base_msmt17,video_000/clip_000,cam2,ok,,9,2,1,2020
deep_ocsort_pose__solider_swin_base_msmt17,video_000/clip_007,cam0,ok,,14,2,48,1202
deep_ocsort_pose__solider_swin_base_msmt17,video_000/clip_007,cam1,ok,,6,2,0,1304
deep_ocsort_pose__solider_swin_base_msmt17,video_000/clip_007,cam2,ok,,13,3,13,1269
deep_ocsort_pose__solider_swin_base_msmt17,video_001/clip_001,cam0,ok,,24,2,3,2565
deep_ocsort_pose__solider_swin_base_msmt17,video_001/clip_001,cam1,ok,,8,2,0,2553
deep_ocsort_pose__solider_swin_base_msmt17,video_001/clip_001,cam2,ok,,23,2,0,2506
deep_ocsort_pose__solider_swin_base_msmt17,video_002/clip_013,cam0,ok,,8,3,1,1059
deep_ocsort_pose__solider_swin_base_msmt17,video_002/clip_013,cam1,ok,,5,3,2,1065
deep_ocsort_pose__solider_swin_base_msmt17,video_002/clip_013,cam2,ok,,5,2,1,1069
new_old,video_000/clip_000,cam0,ok,,10,2,0,1941
new_old,video_000/clip_000,cam1,ok,,5,2,0,2005
new_old,video_000/clip_000,cam2,ok,,6,2,0,2020
new_old,video_000/clip_007,cam0,failed,Multiple plausible camera-local tracklet links require identity review,0,0,0,1202
new_old,video_000/clip_007,cam1,ok,,4,3,0,1304
new_old,video_000/clip_007,cam2,ok,,10,2,10,1269
new_old,video_001/clip_001,cam0,ok,,17,2,3,2565
new_old,video_001/clip_001,cam1,ok,,5,2,0,2553
new_old,video_001/clip_001,cam2,ok,,20,2,2,2506
new_old,video_002/clip_013,cam0,ok,,8,3,0,1059
new_old,video_002/clip_013,cam1,ok,,5,2,0,1065
new_old,video_002/clip_013,cam2,ok,,5,2,0,1069
old_old,video_000/clip_000,cam0,ok,,3,2,0,1941
old_old,video_000/clip_000,cam1,ok,,2,2,0,2005
old_old,video_000/clip_000,cam2,ok,,3,2,0,2020
old_old,video_000/clip_007,cam0,ok,,5,2,0,1202
old_old,video_000/clip_007,cam1,ok,,4,3,0,1304
old_old,video_000/clip_007,cam2,ok,,8,2,0,1269
old_old,video_001/clip_001,cam0,ok,,8,2,3,2565
old_old,video_001/clip_001,cam1,ok,,3,2,0,2553
old_old,video_001/clip_001,cam2,ok,,10,2,2,2506
old_old,video_002/clip_013,cam0,ok,,2,3,0,1059
old_old,video_002/clip_013,cam1,ok,,5,2,0,1065
old_old,video_002/clip_013,cam2,ok,,5,2,0,1069
