variant,association_encoder,clip,camera,reference_person,predicted_player_id,matched_prediction_boxes
old_old,clipreid_vitb16_market1501,video_000/clip_000,cam0,A,0,1010
old_old,clipreid_vitb16_market1501,video_000/clip_000,cam0,B,1,931
old_old,clipreid_vitb16_market1501,video_000/clip_000,cam0,X1,-1,179
old_old,clipreid_vitb16_market1501,video_000/clip_000,cam1,A,0,1010
old_old,clipreid_vitb16_market1501,video_000/clip_000,cam1,B,1,995
old_old,clipreid_vitb16_market1501,video_000/clip_000,cam2,A,-1,1
old_old,clipreid_vitb16_market1501,video_000/clip_000,cam2,A,0,1010
old_old,clipreid_vitb16_market1501,video_000/clip_000,cam2,B,1,1010
old_old,clipreid_vitb16_market1501,video_000/clip_007,cam0,A,0,652
old_old,clipreid_vitb16_market1501,video_000/clip_007,cam0,B,-1,163
old_old,clipreid_vitb16_market1501,video_000/clip_007,cam0,B,1,387
old_old,clipreid_vitb16_market1501,video_000/clip_007,cam0,X1,-1,224
old_old,clipreid_vitb16_market1501,video_000/clip_007,cam1,A,0,652
old_old,clipreid_vitb16_market1501,video_000/clip_007,cam1,B,-1,37
old_old,clipreid_vitb16_market1501,video_000/clip_007,cam1,B,1,618
old_old,clipreid_vitb16_market1501,video_000/clip_007,cam1,X1,-1,78
old_old,clipreid_vitb16_market1501,video_000/clip_007,cam2,A,-1,11
old_old,clipreid_vitb16_market1501,video_000/clip_007,cam2,A,0,646
old_old,clipreid_vitb16_market1501,video_000/clip_007,cam2,B,-1,8
old_old,clipreid_vitb16_market1501,video_000/clip_007,cam2,B,1,618
old_old,clipreid_vitb16_market1501,video_000/clip_007,cam2,X1,-1,50
old_old,clipreid_vitb16_market1501,video_000/clip_007,cam2,X2,-1,195
old_old,clipreid_vitb16_market1501,video_001/clip_001,cam0,A,-1,2
old_old,clipreid_vitb16_market1501,video_001/clip_001,cam0,A,0,1300
old_old,clipreid_vitb16_market1501,video_001/clip_001,cam0,B,-1,93
old_old,clipreid_vitb16_market1501,video_001/clip_001,cam0,B,1,1172
old_old,clipreid_vitb16_market1501,video_001/clip_001,cam0,X1,-1,915
old_old,clipreid_vitb16_market1501,video_001/clip_001,cam0,X2,-1,216
old_old,clipreid_vitb16_market1501,video_001/clip_001,cam0,ambiguous,-1,2
old_old,clipreid_vitb16_market1501,video_001/clip_001,cam0,ambiguous,1,3
old_old,clipreid_vitb16_market1501,video_001/clip_001,cam1,A,0,1300
old_old,clipreid_vitb16_market1501,video_001/clip_001,cam1,B,-1,20
old_old,clipreid_vitb16_market1501,video_001/clip_001,cam1,B,1,1233
old_old,clipreid_vitb16_market1501,video_001/clip_001,cam1,X1,-1,1159
old_old,clipreid_vitb16_market1501,video_001/clip_001,cam1,ambiguous,-1,65
old_old,clipreid_vitb16_market1501,video_001/clip_001,cam2,A,-1,2
old_old,clipreid_vitb16_market1501,video_001/clip_001,cam2,A,0,1300
old_old,clipreid_vitb16_market1501,video_001/clip_001,cam2,B,-1,230
old_old,clipreid_vitb16_market1501,video_001/clip_001,cam2,B,1,1009
old_old,clipreid_vitb16_market1501,video_001/clip_001,cam2,X3,-1,1198
old_old,clipreid_vitb16_market1501,video_001/clip_001,cam2,X4,-1,54
old_old,clipreid_vitb16_market1501,video_002/clip_013,cam0,A,0,535
old_old,clipreid_vitb16_market1501,video_002/clip_013,cam0,B,1,524
old_old,clipreid_vitb16_market1501,video_002/clip_013,cam1,A,0,535
old_old,clipreid_vitb16_market1501,video_002/clip_013,cam1,B,-1,40
old_old,clipreid_vitb16_market1501,video_002/clip_013,cam1,B,1,496
old_old,clipreid_vitb16_market1501,video_002/clip_013,cam1,ambiguous,-1,3
old_old,clipreid_vitb16_market1501,video_002/clip_013,cam2,A,-1,1
old_old,clipreid_vitb16_market1501,video_002/clip_013,cam2,A,0,534
old_old,clipreid_vitb16_market1501,video_002/clip_013,cam2,B,1,535
old_old,clipreid_vitb16_market1501,video_002/clip_013,cam2,X1,-1,186
new_old,clipreid_vitb16_market1501,video_000/clip_000,cam0,A,0,1010
new_old,clipreid_vitb16_market1501,video_000/clip_000,cam0,B,1,931
new_old,clipreid_vitb16_market1501,video_000/clip_000,cam0,X1,-1,179
new_old,clipreid_vitb16_market1501,video_000/clip_000,cam0,unmatched,-1,2421
new_old,clipreid_vitb16_market1501,video_000/clip_000,cam1,A,0,1010
new_old,clipreid_vitb16_market1501,video_000/clip_000,cam1,B,1,995
new_old,clipreid_vitb16_market1501,video_000/clip_000,cam1,unmatched,-1,207
new_old,clipreid_vitb16_market1501,video_000/clip_000,cam2,A,-1,1
new_old,clipreid_vitb16_market1501,video_000/clip_000,cam2,A,0,1010
new_old,clipreid_vitb16_market1501,video_000/clip_000,cam2,B,1,1010
new_old,clipreid_vitb16_market1501,video_000/clip_000,cam2,unmatched,-1,1554
new_old,clipreid_vitb16_market1501,video_000/clip_007,cam1,A,0,652
new_old,clipreid_vitb16_market1501,video_000/clip_007,cam1,B,-1,37
new_old,clipreid_vitb16_market1501,video_000/clip_007,cam1,B,1,618
new_old,clipreid_vitb16_market1501,video_000/clip_007,cam1,X1,-1,78
new_old,clipreid_vitb16_market1501,video_000/clip_007,cam1,unmatched,-1,66
new_old,clipreid_vitb16_market1501,video_000/clip_007,cam2,A,-1,11
new_old,clipreid_vitb16_market1501,video_000/clip_007,cam2,A,0,646
new_old,clipreid_vitb16_market1501,video_000/clip_007,cam2,B,-1,8
new_old,clipreid_vitb16_market1501,video_000/clip_007,cam2,B,1,618
new_old,clipreid_vitb16_market1501,video_000/clip_007,cam2,X1,-1,50
new_old,clipreid_vitb16_market1501,video_000/clip_007,cam2,X2,-1,195
new_old,clipreid_vitb16_market1501,video_000/clip_007,cam2,unmatched,-1,1257
new_old,clipreid_vitb16_market1501,video_000/clip_007,cam2,unmatched,1,10
new_old,clipreid_vitb16_market1501,video_001/clip_001,cam0,A,-1,2
new_old,clipreid_vitb16_market1501,video_001/clip_001,cam0,A,0,1300
new_old,clipreid_vitb16_market1501,video_001/clip_001,cam0,B,-1,93
new_old,clipreid_vitb16_market1501,video_001/clip_001,cam0,B,1,1172
new_old,clipreid_vitb16_market1501,video_001/clip_001,cam0,X1,-1,915
new_old,clipreid_vitb16_market1501,video_001/clip_001,cam0,X2,-1,216
new_old,clipreid_vitb16_market1501,video_001/clip_001,cam0,ambiguous,-1,2
new_old,clipreid_vitb16_market1501,video_001/clip_001,cam0,ambiguous,1,3
new_old,clipreid_vitb16_market1501,video_001/clip_001,cam0,unmatched,-1,3194
new_old,clipreid_vitb16_market1501,video_001/clip_001,cam1,A,0,1300
new_old,clipreid_vitb16_market1501,video_001/clip_001,cam1,B,-1,20
new_old,clipreid_vitb16_market1501,video_001/clip_001,cam1,B,1,1233
new_old,clipreid_vitb16_market1501,video_001/clip_001,cam1,X1,-1,1159
new_old,clipreid_vitb16_market1501,video_001/clip_001,cam1,ambiguous,-1,65
new_old,clipreid_vitb16_market1501,video_001/clip_001,cam1,unmatched,-1,663
new_old,clipreid_vitb16_market1501,video_001/clip_001,cam2,A,-1,2
new_old,clipreid_vitb16_market1501,video_001/clip_001,cam2,A,0,1300
new_old,clipreid_vitb16_market1501,video_001/clip_001,cam2,B,-1,230
new_old,clipreid_vitb16_market1501,video_001/clip_001,cam2,B,1,1009
new_old,clipreid_vitb16_market1501,video_001/clip_001,cam2,X3,-1,1198
new_old,clipreid_vitb16_market1501,video_001/clip_001,cam2,X4,-1,54
new_old,clipreid_vitb16_market1501,video_001/clip_001,cam2,unmatched,-1,2729
new_old,clipreid_vitb16_market1501,video_002/clip_013,cam0,A,0,535
new_old,clipreid_vitb16_market1501,video_002/clip_013,cam0,B,1,524
new_old,clipreid_vitb16_market1501,video_002/clip_013,cam0,unmatched,-1,1273
new_old,clipreid_vitb16_market1501,video_002/clip_013,cam1,A,0,535
new_old,clipreid_vitb16_market1501,video_002/clip_013,cam1,B,-1,40
new_old,clipreid_vitb16_market1501,video_002/clip_013,cam1,B,1,496
new_old,clipreid_vitb16_market1501,video_002/clip_013,cam1,ambiguous,-1,3
new_old,clipreid_vitb16_market1501,video_002/clip_013,cam2,A,-1,1
new_old,clipreid_vitb16_market1501,video_002/clip_013,cam2,A,0,534
new_old,clipreid_vitb16_market1501,video_002/clip_013,cam2,B,1,535
new_old,clipreid_vitb16_market1501,video_002/clip_013,cam2,X1,-1,186
new_old,clipreid_vitb16_market1501,video_002/clip_013,cam2,unmatched,-1,6
botsort_pose__clipreid_vitb16_market1501,clipreid_vitb16_market1501,video_000/clip_000,cam0,A,0,1010
botsort_pose__clipreid_vitb16_market1501,clipreid_vitb16_market1501,video_000/clip_000,cam0,B,1,931
botsort_pose__clipreid_vitb16_market1501,clipreid_vitb16_market1501,video_000/clip_000,cam0,X1,-1,179
botsort_pose__clipreid_vitb16_market1501,clipreid_vitb16_market1501,video_000/clip_000,cam0,unmatched,-1,2446
botsort_pose__clipreid_vitb16_market1501,clipreid_vitb16_market1501,video_000/clip_000,cam0,unmatched,1,2
botsort_pose__clipreid_vitb16_market1501,clipreid_vitb16_market1501,video_000/clip_000,cam1,A,0,1010
botsort_pose__clipreid_vitb16_market1501,clipreid_vitb16_market1501,video_000/clip_000,cam1,B,-1,2
botsort_pose__clipreid_vitb16_market1501,clipreid_vitb16_market1501,video_000/clip_000,cam1,B,1,993
botsort_pose__clipreid_vitb16_market1501,clipreid_vitb16_market1501,video_000/clip_000,cam1,unmatched,-1,224
botsort_pose__clipreid_vitb16_market1501,clipreid_vitb16_market1501,video_000/clip_000,cam1,unmatched,1,2
botsort_pose__clipreid_vitb16_market1501,clipreid_vitb16_market1501,video_000/clip_000,cam2,A,-1,137
botsort_pose__clipreid_vitb16_market1501,clipreid_vitb16_market1501,video_000/clip_000,cam2,A,0,873
botsort_pose__clipreid_vitb16_market1501,clipreid_vitb16_market1501,video_000/clip_000,cam2,B,1,1010
botsort_pose__clipreid_vitb16_market1501,clipreid_vitb16_market1501,video_000/clip_000,cam2,unmatched,-1,1568
botsort_pose__clipreid_vitb16_market1501,clipreid_vitb16_market1501,video_000/clip_000,cam2,unmatched,0,2
botsort_pose__clipreid_vitb16_market1501,clipreid_vitb16_market1501,video_000/clip_007,cam0,A,0,652
botsort_pose__clipreid_vitb16_market1501,clipreid_vitb16_market1501,video_000/clip_007,cam0,B,-1,163
botsort_pose__clipreid_vitb16_market1501,clipreid_vitb16_market1501,video_000/clip_007,cam0,B,1,387
botsort_pose__clipreid_vitb16_market1501,clipreid_vitb16_market1501,video_000/clip_007,cam0,X1,-1,224
botsort_pose__clipreid_vitb16_market1501,clipreid_vitb16_market1501,video_000/clip_007,cam0,unmatched,-1,1694
botsort_pose__clipreid_vitb16_market1501,clipreid_vitb16_market1501,video_000/clip_007,cam0,unmatched,1,61
botsort_pose__clipreid_vitb16_market1501,clipreid_vitb16_market1501,video_000/clip_007,cam1,A,0,652
botsort_pose__clipreid_vitb16_market1501,clipreid_vitb16_market1501,video_000/clip_007,cam1,B,-1,48
botsort_pose__clipreid_vitb16_market1501,clipreid_vitb16_market1501,video_000/clip_007,cam1,B,1,607
botsort_pose__clipreid_vitb16_market1501,clipreid_vitb16_market1501,video_000/clip_007,cam1,X1,-1,78
botsort_pose__clipreid_vitb16_market1501,clipreid_vitb16_market1501,video_000/clip_007,cam1,unmatched,-1,79
botsort_pose__clipreid_vitb16_market1501,clipreid_vitb16_market1501,video_000/clip_007,cam1,unmatched,1,2
botsort_pose__clipreid_vitb16_market1501,clipreid_vitb16_market1501,video_000/clip_007,cam2,A,-1,11
botsort_pose__clipreid_vitb16_market1501,clipreid_vitb16_market1501,video_000/clip_007,cam2,A,0,646
botsort_pose__clipreid_vitb16_market1501,clipreid_vitb16_market1501,video_000/clip_007,cam2,B,-1,8
botsort_pose__clipreid_vitb16_market1501,clipreid_vitb16_market1501,video_000/clip_007,cam2,B,1,618
botsort_pose__clipreid_vitb16_market1501,clipreid_vitb16_market1501,video_000/clip_007,cam2,X1,-1,50
botsort_pose__clipreid_vitb16_market1501,clipreid_vitb16_market1501,video_000/clip_007,cam2,X2,-1,195
botsort_pose__clipreid_vitb16_market1501,clipreid_vitb16_market1501,video_000/clip_007,cam2,unmatched,-1,1270
botsort_pose__clipreid_vitb16_market1501,clipreid_vitb16_market1501,video_000/clip_007,cam2,unmatched,0,2
botsort_pose__clipreid_vitb16_market1501,clipreid_vitb16_market1501,video_000/clip_007,cam2,unmatched,1,13
botsort_pose__clipreid_vitb16_market1501,clipreid_vitb16_market1501,video_002/clip_013,cam0,A,0,535
botsort_pose__clipreid_vitb16_market1501,clipreid_vitb16_market1501,video_002/clip_013,cam0,B,1,524
botsort_pose__clipreid_vitb16_market1501,clipreid_vitb16_market1501,video_002/clip_013,cam0,unmatched,-1,1292
botsort_pose__clipreid_vitb16_market1501,clipreid_vitb16_market1501,video_002/clip_013,cam0,unmatched,1,1
botsort_pose__clipreid_vitb16_market1501,clipreid_vitb16_market1501,video_002/clip_013,cam1,A,0,535
botsort_pose__clipreid_vitb16_market1501,clipreid_vitb16_market1501,video_002/clip_013,cam1,B,-1,52
botsort_pose__clipreid_vitb16_market1501,clipreid_vitb16_market1501,video_002/clip_013,cam1,B,1,484
botsort_pose__clipreid_vitb16_market1501,clipreid_vitb16_market1501,video_002/clip_013,cam1,ambiguous,-1,3
botsort_pose__clipreid_vitb16_market1501,clipreid_vitb16_market1501,video_002/clip_013,cam1,unmatched,-1,7
botsort_pose__clipreid_vitb16_market1501,clipreid_vitb16_market1501,video_002/clip_013,cam1,unmatched,1,2
botsort_pose__clipreid_vitb16_market1501,clipreid_vitb16_market1501,video_002/clip_013,cam2,A,-1,4
botsort_pose__clipreid_vitb16_market1501,clipreid_vitb16_market1501,video_002/clip_013,cam2,A,0,531
botsort_pose__clipreid_vitb16_market1501,clipreid_vitb16_market1501,video_002/clip_013,cam2,B,1,535
botsort_pose__clipreid_vitb16_market1501,clipreid_vitb16_market1501,video_002/clip_013,cam2,X1,-1,186
botsort_pose__clipreid_vitb16_market1501,clipreid_vitb16_market1501,video_002/clip_013,cam2,unmatched,-1,16
botsort_pose__clipreid_vitb16_market1501,clipreid_vitb16_market1501,video_002/clip_013,cam2,unmatched,0,3
botsort_pose__clipreid_vitb16_market1501,solider_swin_base_msmt17,video_000/clip_000,cam0,A,0,1010
botsort_pose__clipreid_vitb16_market1501,solider_swin_base_msmt17,video_000/clip_000,cam0,B,1,931
botsort_pose__clipreid_vitb16_market1501,solider_swin_base_msmt17,video_000/clip_000,cam0,X1,-1,179
botsort_pose__clipreid_vitb16_market1501,solider_swin_base_msmt17,video_000/clip_000,cam0,unmatched,-1,2446
botsort_pose__clipreid_vitb16_market1501,solider_swin_base_msmt17,video_000/clip_000,cam0,unmatched,1,2
botsort_pose__clipreid_vitb16_market1501,solider_swin_base_msmt17,video_000/clip_000,cam1,A,0,1010
botsort_pose__clipreid_vitb16_market1501,solider_swin_base_msmt17,video_000/clip_000,cam1,B,-1,2
botsort_pose__clipreid_vitb16_market1501,solider_swin_base_msmt17,video_000/clip_000,cam1,B,1,993
botsort_pose__clipreid_vitb16_market1501,solider_swin_base_msmt17,video_000/clip_000,cam1,unmatched,-1,224
botsort_pose__clipreid_vitb16_market1501,solider_swin_base_msmt17,video_000/clip_000,cam1,unmatched,1,2
botsort_pose__clipreid_vitb16_market1501,solider_swin_base_msmt17,video_000/clip_000,cam2,A,-1,137
botsort_pose__clipreid_vitb16_market1501,solider_swin_base_msmt17,video_000/clip_000,cam2,A,0,873
botsort_pose__clipreid_vitb16_market1501,solider_swin_base_msmt17,video_000/clip_000,cam2,B,1,1010
botsort_pose__clipreid_vitb16_market1501,solider_swin_base_msmt17,video_000/clip_000,cam2,unmatched,-1,1568
botsort_pose__clipreid_vitb16_market1501,solider_swin_base_msmt17,video_000/clip_000,cam2,unmatched,0,2
botsort_pose__clipreid_vitb16_market1501,solider_swin_base_msmt17,video_000/clip_007,cam0,A,0,652
botsort_pose__clipreid_vitb16_market1501,solider_swin_base_msmt17,video_000/clip_007,cam0,B,-1,163
botsort_pose__clipreid_vitb16_market1501,solider_swin_base_msmt17,video_000/clip_007,cam0,B,1,387
botsort_pose__clipreid_vitb16_market1501,solider_swin_base_msmt17,video_000/clip_007,cam0,X1,-1,224
botsort_pose__clipreid_vitb16_market1501,solider_swin_base_msmt17,video_000/clip_007,cam0,unmatched,-1,1694
botsort_pose__clipreid_vitb16_market1501,solider_swin_base_msmt17,video_000/clip_007,cam0,unmatched,1,61
botsort_pose__clipreid_vitb16_market1501,solider_swin_base_msmt17,video_000/clip_007,cam1,A,0,652
botsort_pose__clipreid_vitb16_market1501,solider_swin_base_msmt17,video_000/clip_007,cam1,B,-1,48
botsort_pose__clipreid_vitb16_market1501,solider_swin_base_msmt17,video_000/clip_007,cam1,B,1,607
botsort_pose__clipreid_vitb16_market1501,solider_swin_base_msmt17,video_000/clip_007,cam1,X1,-1,78
botsort_pose__clipreid_vitb16_market1501,solider_swin_base_msmt17,video_000/clip_007,cam1,unmatched,-1,79
botsort_pose__clipreid_vitb16_market1501,solider_swin_base_msmt17,video_000/clip_007,cam1,unmatched,1,2
botsort_pose__clipreid_vitb16_market1501,solider_swin_base_msmt17,video_000/clip_007,cam2,A,-1,11
botsort_pose__clipreid_vitb16_market1501,solider_swin_base_msmt17,video_000/clip_007,cam2,A,0,646
botsort_pose__clipreid_vitb16_market1501,solider_swin_base_msmt17,video_000/clip_007,cam2,B,-1,8
botsort_pose__clipreid_vitb16_market1501,solider_swin_base_msmt17,video_000/clip_007,cam2,B,1,618
botsort_pose__clipreid_vitb16_market1501,solider_swin_base_msmt17,video_000/clip_007,cam2,X1,-1,50
botsort_pose__clipreid_vitb16_market1501,solider_swin_base_msmt17,video_000/clip_007,cam2,X2,-1,195
botsort_pose__clipreid_vitb16_market1501,solider_swin_base_msmt17,video_000/clip_007,cam2,unmatched,-1,1270
botsort_pose__clipreid_vitb16_market1501,solider_swin_base_msmt17,video_000/clip_007,cam2,unmatched,0,2
botsort_pose__clipreid_vitb16_market1501,solider_swin_base_msmt17,video_000/clip_007,cam2,unmatched,1,13
botsort_pose__clipreid_vitb16_market1501,solider_swin_base_msmt17,video_002/clip_013,cam0,A,0,535
botsort_pose__clipreid_vitb16_market1501,solider_swin_base_msmt17,video_002/clip_013,cam0,B,1,524
botsort_pose__clipreid_vitb16_market1501,solider_swin_base_msmt17,video_002/clip_013,cam0,unmatched,-1,1292
botsort_pose__clipreid_vitb16_market1501,solider_swin_base_msmt17,video_002/clip_013,cam0,unmatched,1,1
botsort_pose__clipreid_vitb16_market1501,solider_swin_base_msmt17,video_002/clip_013,cam1,A,0,535
botsort_pose__clipreid_vitb16_market1501,solider_swin_base_msmt17,video_002/clip_013,cam1,B,-1,52
botsort_pose__clipreid_vitb16_market1501,solider_swin_base_msmt17,video_002/clip_013,cam1,B,1,484
botsort_pose__clipreid_vitb16_market1501,solider_swin_base_msmt17,video_002/clip_013,cam1,ambiguous,-1,3
botsort_pose__clipreid_vitb16_market1501,solider_swin_base_msmt17,video_002/clip_013,cam1,unmatched,-1,7
botsort_pose__clipreid_vitb16_market1501,solider_swin_base_msmt17,video_002/clip_013,cam1,unmatched,1,2
botsort_pose__clipreid_vitb16_market1501,solider_swin_base_msmt17,video_002/clip_013,cam2,A,-1,4
botsort_pose__clipreid_vitb16_market1501,solider_swin_base_msmt17,video_002/clip_013,cam2,A,0,531
botsort_pose__clipreid_vitb16_market1501,solider_swin_base_msmt17,video_002/clip_013,cam2,B,1,535
botsort_pose__clipreid_vitb16_market1501,solider_swin_base_msmt17,video_002/clip_013,cam2,X1,-1,186
botsort_pose__clipreid_vitb16_market1501,solider_swin_base_msmt17,video_002/clip_013,cam2,unmatched,-1,16
botsort_pose__clipreid_vitb16_market1501,solider_swin_base_msmt17,video_002/clip_013,cam2,unmatched,0,3
botsort_pose__solider_swin_base_msmt17,clipreid_vitb16_market1501,video_000/clip_000,cam0,A,0,1010
botsort_pose__solider_swin_base_msmt17,clipreid_vitb16_market1501,video_000/clip_000,cam0,B,1,931
botsort_pose__solider_swin_base_msmt17,clipreid_vitb16_market1501,video_000/clip_000,cam0,X1,-1,179
botsort_pose__solider_swin_base_msmt17,clipreid_vitb16_market1501,video_000/clip_000,cam0,unmatched,-1,2446
botsort_pose__solider_swin_base_msmt17,clipreid_vitb16_market1501,video_000/clip_000,cam0,unmatched,1,2
botsort_pose__solider_swin_base_msmt17,clipreid_vitb16_market1501,video_000/clip_000,cam1,A,0,1010
botsort_pose__solider_swin_base_msmt17,clipreid_vitb16_market1501,video_000/clip_000,cam1,B,-1,2
botsort_pose__solider_swin_base_msmt17,clipreid_vitb16_market1501,video_000/clip_000,cam1,B,1,993
botsort_pose__solider_swin_base_msmt17,clipreid_vitb16_market1501,video_000/clip_000,cam1,unmatched,-1,224
botsort_pose__solider_swin_base_msmt17,clipreid_vitb16_market1501,video_000/clip_000,cam1,unmatched,1,2
botsort_pose__solider_swin_base_msmt17,clipreid_vitb16_market1501,video_000/clip_000,cam2,A,-1,137
botsort_pose__solider_swin_base_msmt17,clipreid_vitb16_market1501,video_000/clip_000,cam2,A,0,873
botsort_pose__solider_swin_base_msmt17,clipreid_vitb16_market1501,video_000/clip_000,cam2,B,1,1010
botsort_pose__solider_swin_base_msmt17,clipreid_vitb16_market1501,video_000/clip_000,cam2,unmatched,-1,1568
botsort_pose__solider_swin_base_msmt17,clipreid_vitb16_market1501,video_000/clip_000,cam2,unmatched,0,2
botsort_pose__solider_swin_base_msmt17,clipreid_vitb16_market1501,video_000/clip_007,cam0,A,0,652
botsort_pose__solider_swin_base_msmt17,clipreid_vitb16_market1501,video_000/clip_007,cam0,B,-1,163
botsort_pose__solider_swin_base_msmt17,clipreid_vitb16_market1501,video_000/clip_007,cam0,B,1,387
botsort_pose__solider_swin_base_msmt17,clipreid_vitb16_market1501,video_000/clip_007,cam0,X1,-1,224
botsort_pose__solider_swin_base_msmt17,clipreid_vitb16_market1501,video_000/clip_007,cam0,unmatched,-1,1694
botsort_pose__solider_swin_base_msmt17,clipreid_vitb16_market1501,video_000/clip_007,cam0,unmatched,1,61
botsort_pose__solider_swin_base_msmt17,clipreid_vitb16_market1501,video_000/clip_007,cam1,A,0,652
botsort_pose__solider_swin_base_msmt17,clipreid_vitb16_market1501,video_000/clip_007,cam1,B,-1,205
botsort_pose__solider_swin_base_msmt17,clipreid_vitb16_market1501,video_000/clip_007,cam1,B,1,450
botsort_pose__solider_swin_base_msmt17,clipreid_vitb16_market1501,video_000/clip_007,cam1,X1,-1,78
botsort_pose__solider_swin_base_msmt17,clipreid_vitb16_market1501,video_000/clip_007,cam1,unmatched,-1,78
botsort_pose__solider_swin_base_msmt17,clipreid_vitb16_market1501,video_000/clip_007,cam1,unmatched,1,3
botsort_pose__solider_swin_base_msmt17,clipreid_vitb16_market1501,video_000/clip_007,cam2,A,-1,11
botsort_pose__solider_swin_base_msmt17,clipreid_vitb16_market1501,video_000/clip_007,cam2,A,0,646
botsort_pose__solider_swin_base_msmt17,clipreid_vitb16_market1501,video_000/clip_007,cam2,B,-1,8
botsort_pose__solider_swin_base_msmt17,clipreid_vitb16_market1501,video_000/clip_007,cam2,B,1,618
botsort_pose__solider_swin_base_msmt17,clipreid_vitb16_market1501,video_000/clip_007,cam2,X1,-1,50
botsort_pose__solider_swin_base_msmt17,clipreid_vitb16_market1501,video_000/clip_007,cam2,X2,-1,195
botsort_pose__solider_swin_base_msmt17,clipreid_vitb16_market1501,video_000/clip_007,cam2,unmatched,-1,1270
botsort_pose__solider_swin_base_msmt17,clipreid_vitb16_market1501,video_000/clip_007,cam2,unmatched,0,2
botsort_pose__solider_swin_base_msmt17,clipreid_vitb16_market1501,video_000/clip_007,cam2,unmatched,1,13
botsort_pose__solider_swin_base_msmt17,clipreid_vitb16_market1501,video_002/clip_013,cam0,A,0,535
botsort_pose__solider_swin_base_msmt17,clipreid_vitb16_market1501,video_002/clip_013,cam0,B,1,524
botsort_pose__solider_swin_base_msmt17,clipreid_vitb16_market1501,video_002/clip_013,cam0,unmatched,-1,1292
botsort_pose__solider_swin_base_msmt17,clipreid_vitb16_market1501,video_002/clip_013,cam0,unmatched,1,1
botsort_pose__solider_swin_base_msmt17,clipreid_vitb16_market1501,video_002/clip_013,cam1,A,0,535
botsort_pose__solider_swin_base_msmt17,clipreid_vitb16_market1501,video_002/clip_013,cam1,B,-1,52
botsort_pose__solider_swin_base_msmt17,clipreid_vitb16_market1501,video_002/clip_013,cam1,B,1,484
botsort_pose__solider_swin_base_msmt17,clipreid_vitb16_market1501,video_002/clip_013,cam1,ambiguous,-1,3
botsort_pose__solider_swin_base_msmt17,clipreid_vitb16_market1501,video_002/clip_013,cam1,unmatched,-1,7
botsort_pose__solider_swin_base_msmt17,clipreid_vitb16_market1501,video_002/clip_013,cam1,unmatched,1,2
botsort_pose__solider_swin_base_msmt17,clipreid_vitb16_market1501,video_002/clip_013,cam2,A,-1,4
botsort_pose__solider_swin_base_msmt17,clipreid_vitb16_market1501,video_002/clip_013,cam2,A,0,531
botsort_pose__solider_swin_base_msmt17,clipreid_vitb16_market1501,video_002/clip_013,cam2,B,1,535
botsort_pose__solider_swin_base_msmt17,clipreid_vitb16_market1501,video_002/clip_013,cam2,X1,-1,186
botsort_pose__solider_swin_base_msmt17,clipreid_vitb16_market1501,video_002/clip_013,cam2,unmatched,-1,16
botsort_pose__solider_swin_base_msmt17,clipreid_vitb16_market1501,video_002/clip_013,cam2,unmatched,0,3
botsort_pose__solider_swin_base_msmt17,solider_swin_base_msmt17,video_000/clip_000,cam0,A,0,1010
botsort_pose__solider_swin_base_msmt17,solider_swin_base_msmt17,video_000/clip_000,cam0,B,1,931
botsort_pose__solider_swin_base_msmt17,solider_swin_base_msmt17,video_000/clip_000,cam0,X1,-1,179
botsort_pose__solider_swin_base_msmt17,solider_swin_base_msmt17,video_000/clip_000,cam0,unmatched,-1,2446
botsort_pose__solider_swin_base_msmt17,solider_swin_base_msmt17,video_000/clip_000,cam0,unmatched,1,2
botsort_pose__solider_swin_base_msmt17,solider_swin_base_msmt17,video_000/clip_000,cam1,A,0,1010
botsort_pose__solider_swin_base_msmt17,solider_swin_base_msmt17,video_000/clip_000,cam1,B,-1,2
botsort_pose__solider_swin_base_msmt17,solider_swin_base_msmt17,video_000/clip_000,cam1,B,1,993
botsort_pose__solider_swin_base_msmt17,solider_swin_base_msmt17,video_000/clip_000,cam1,unmatched,-1,224
botsort_pose__solider_swin_base_msmt17,solider_swin_base_msmt17,video_000/clip_000,cam1,unmatched,1,2
botsort_pose__solider_swin_base_msmt17,solider_swin_base_msmt17,video_000/clip_000,cam2,A,-1,137
botsort_pose__solider_swin_base_msmt17,solider_swin_base_msmt17,video_000/clip_000,cam2,A,0,873
botsort_pose__solider_swin_base_msmt17,solider_swin_base_msmt17,video_000/clip_000,cam2,B,1,1010
botsort_pose__solider_swin_base_msmt17,solider_swin_base_msmt17,video_000/clip_000,cam2,unmatched,-1,1568
botsort_pose__solider_swin_base_msmt17,solider_swin_base_msmt17,video_000/clip_000,cam2,unmatched,0,2
botsort_pose__solider_swin_base_msmt17,solider_swin_base_msmt17,video_000/clip_007,cam0,A,0,652
botsort_pose__solider_swin_base_msmt17,solider_swin_base_msmt17,video_000/clip_007,cam0,B,-1,163
botsort_pose__solider_swin_base_msmt17,solider_swin_base_msmt17,video_000/clip_007,cam0,B,1,387
botsort_pose__solider_swin_base_msmt17,solider_swin_base_msmt17,video_000/clip_007,cam0,X1,-1,224
botsort_pose__solider_swin_base_msmt17,solider_swin_base_msmt17,video_000/clip_007,cam0,unmatched,-1,1694
botsort_pose__solider_swin_base_msmt17,solider_swin_base_msmt17,video_000/clip_007,cam0,unmatched,1,61
botsort_pose__solider_swin_base_msmt17,solider_swin_base_msmt17,video_000/clip_007,cam1,A,0,652
botsort_pose__solider_swin_base_msmt17,solider_swin_base_msmt17,video_000/clip_007,cam1,B,-1,205
botsort_pose__solider_swin_base_msmt17,solider_swin_base_msmt17,video_000/clip_007,cam1,B,1,450
botsort_pose__solider_swin_base_msmt17,solider_swin_base_msmt17,video_000/clip_007,cam1,X1,-1,78
botsort_pose__solider_swin_base_msmt17,solider_swin_base_msmt17,video_000/clip_007,cam1,unmatched,-1,78
botsort_pose__solider_swin_base_msmt17,solider_swin_base_msmt17,video_000/clip_007,cam1,unmatched,1,3
botsort_pose__solider_swin_base_msmt17,solider_swin_base_msmt17,video_000/clip_007,cam2,A,-1,11
botsort_pose__solider_swin_base_msmt17,solider_swin_base_msmt17,video_000/clip_007,cam2,A,0,646
botsort_pose__solider_swin_base_msmt17,solider_swin_base_msmt17,video_000/clip_007,cam2,B,-1,8
botsort_pose__solider_swin_base_msmt17,solider_swin_base_msmt17,video_000/clip_007,cam2,B,1,618
botsort_pose__solider_swin_base_msmt17,solider_swin_base_msmt17,video_000/clip_007,cam2,X1,-1,50
botsort_pose__solider_swin_base_msmt17,solider_swin_base_msmt17,video_000/clip_007,cam2,X2,-1,195
botsort_pose__solider_swin_base_msmt17,solider_swin_base_msmt17,video_000/clip_007,cam2,unmatched,-1,1270
botsort_pose__solider_swin_base_msmt17,solider_swin_base_msmt17,video_000/clip_007,cam2,unmatched,0,2
botsort_pose__solider_swin_base_msmt17,solider_swin_base_msmt17,video_000/clip_007,cam2,unmatched,1,13
botsort_pose__solider_swin_base_msmt17,solider_swin_base_msmt17,video_002/clip_013,cam0,A,0,535
botsort_pose__solider_swin_base_msmt17,solider_swin_base_msmt17,video_002/clip_013,cam0,B,1,524
botsort_pose__solider_swin_base_msmt17,solider_swin_base_msmt17,video_002/clip_013,cam0,unmatched,-1,1292
botsort_pose__solider_swin_base_msmt17,solider_swin_base_msmt17,video_002/clip_013,cam0,unmatched,1,1
botsort_pose__solider_swin_base_msmt17,solider_swin_base_msmt17,video_002/clip_013,cam1,A,0,535
botsort_pose__solider_swin_base_msmt17,solider_swin_base_msmt17,video_002/clip_013,cam1,B,-1,52
botsort_pose__solider_swin_base_msmt17,solider_swin_base_msmt17,video_002/clip_013,cam1,B,1,484
botsort_pose__solider_swin_base_msmt17,solider_swin_base_msmt17,video_002/clip_013,cam1,ambiguous,-1,3
botsort_pose__solider_swin_base_msmt17,solider_swin_base_msmt17,video_002/clip_013,cam1,unmatched,-1,7
botsort_pose__solider_swin_base_msmt17,solider_swin_base_msmt17,video_002/clip_013,cam1,unmatched,1,2
botsort_pose__solider_swin_base_msmt17,solider_swin_base_msmt17,video_002/clip_013,cam2,A,-1,4
botsort_pose__solider_swin_base_msmt17,solider_swin_base_msmt17,video_002/clip_013,cam2,A,0,531
botsort_pose__solider_swin_base_msmt17,solider_swin_base_msmt17,video_002/clip_013,cam2,B,1,535
botsort_pose__solider_swin_base_msmt17,solider_swin_base_msmt17,video_002/clip_013,cam2,X1,-1,186
botsort_pose__solider_swin_base_msmt17,solider_swin_base_msmt17,video_002/clip_013,cam2,unmatched,-1,16
botsort_pose__solider_swin_base_msmt17,solider_swin_base_msmt17,video_002/clip_013,cam2,unmatched,0,3
deep_ocsort_pose__clipreid_vitb16_market1501,clipreid_vitb16_market1501,video_000/clip_000,cam0,A,0,1010
deep_ocsort_pose__clipreid_vitb16_market1501,clipreid_vitb16_market1501,video_000/clip_000,cam0,B,1,909
deep_ocsort_pose__clipreid_vitb16_market1501,clipreid_vitb16_market1501,video_000/clip_000,cam0,X1,-1,179
deep_ocsort_pose__clipreid_vitb16_market1501,clipreid_vitb16_market1501,video_000/clip_000,cam0,unmatched,-1,2363
deep_ocsort_pose__clipreid_vitb16_market1501,clipreid_vitb16_market1501,video_000/clip_000,cam1,A,0,1010
deep_ocsort_pose__clipreid_vitb16_market1501,clipreid_vitb16_market1501,video_000/clip_000,cam1,B,1,984
deep_ocsort_pose__clipreid_vitb16_market1501,clipreid_vitb16_market1501,video_000/clip_000,cam1,unmatched,-1,194
deep_ocsort_pose__clipreid_vitb16_market1501,clipreid_vitb16_market1501,video_000/clip_000,cam2,A,-1,29
deep_ocsort_pose__clipreid_vitb16_market1501,clipreid_vitb16_market1501,video_000/clip_000,cam2,A,0,970
deep_ocsort_pose__clipreid_vitb16_market1501,clipreid_vitb16_market1501,video_000/clip_000,cam2,B,1,1010
deep_ocsort_pose__clipreid_vitb16_market1501,clipreid_vitb16_market1501,video_000/clip_000,cam2,unmatched,-1,1537
deep_ocsort_pose__clipreid_vitb16_market1501,clipreid_vitb16_market1501,video_000/clip_000,cam2,unmatched,0,1
deep_ocsort_pose__clipreid_vitb16_market1501,clipreid_vitb16_market1501,video_000/clip_007,cam0,A,0,652
deep_ocsort_pose__clipreid_vitb16_market1501,clipreid_vitb16_market1501,video_000/clip_007,cam0,B,1,541
deep_ocsort_pose__clipreid_vitb16_market1501,clipreid_vitb16_market1501,video_000/clip_007,cam0,X1,-1,224
deep_ocsort_pose__clipreid_vitb16_market1501,clipreid_vitb16_market1501,video_000/clip_007,cam0,unmatched,-1,1632
deep_ocsort_pose__clipreid_vitb16_market1501,clipreid_vitb16_market1501,video_000/clip_007,cam0,unmatched,1,48
deep_ocsort_pose__clipreid_vitb16_market1501,clipreid_vitb16_market1501,video_000/clip_007,cam1,A,0,652
deep_ocsort_pose__clipreid_vitb16_market1501,clipreid_vitb16_market1501,video_000/clip_007,cam1,B,-1,24
deep_ocsort_pose__clipreid_vitb16_market1501,clipreid_vitb16_market1501,video_000/clip_007,cam1,B,1,597
deep_ocsort_pose__clipreid_vitb16_market1501,clipreid_vitb16_market1501,video_000/clip_007,cam1,X1,-1,78
deep_ocsort_pose__clipreid_vitb16_market1501,clipreid_vitb16_market1501,video_000/clip_007,cam1,unmatched,-1,64
deep_ocsort_pose__clipreid_vitb16_market1501,clipreid_vitb16_market1501,video_000/clip_007,cam2,A,-1,7
deep_ocsort_pose__clipreid_vitb16_market1501,clipreid_vitb16_market1501,video_000/clip_007,cam2,A,0,638
deep_ocsort_pose__clipreid_vitb16_market1501,clipreid_vitb16_market1501,video_000/clip_007,cam2,B,-1,7
deep_ocsort_pose__clipreid_vitb16_market1501,clipreid_vitb16_market1501,video_000/clip_007,cam2,B,1,618
deep_ocsort_pose__clipreid_vitb16_market1501,clipreid_vitb16_market1501,video_000/clip_007,cam2,X1,-1,50
deep_ocsort_pose__clipreid_vitb16_market1501,clipreid_vitb16_market1501,video_000/clip_007,cam2,X2,-1,144
deep_ocsort_pose__clipreid_vitb16_market1501,clipreid_vitb16_market1501,video_000/clip_007,cam2,unmatched,-1,1254
deep_ocsort_pose__clipreid_vitb16_market1501,clipreid_vitb16_market1501,video_000/clip_007,cam2,unmatched,0,2
deep_ocsort_pose__clipreid_vitb16_market1501,clipreid_vitb16_market1501,video_000/clip_007,cam2,unmatched,1,11
deep_ocsort_pose__clipreid_vitb16_market1501,clipreid_vitb16_market1501,video_001/clip_001,cam0,A,-1,13
deep_ocsort_pose__clipreid_vitb16_market1501,clipreid_vitb16_market1501,video_001/clip_001,cam0,A,0,1283
deep_ocsort_pose__clipreid_vitb16_market1501,clipreid_vitb16_market1501,video_001/clip_001,cam0,B,-1,7
deep_ocsort_pose__clipreid_vitb16_market1501,clipreid_vitb16_market1501,video_001/clip_001,cam0,B,1,1245
deep_ocsort_pose__clipreid_vitb16_market1501,clipreid_vitb16_market1501,video_001/clip_001,cam0,X1,-1,863
deep_ocsort_pose__clipreid_vitb16_market1501,clipreid_vitb16_market1501,video_001/clip_001,cam0,X2,-1,216
deep_ocsort_pose__clipreid_vitb16_market1501,clipreid_vitb16_market1501,video_001/clip_001,cam0,ambiguous,-1,5
deep_ocsort_pose__clipreid_vitb16_market1501,clipreid_vitb16_market1501,video_001/clip_001,cam0,unmatched,-1,3055
deep_ocsort_pose__clipreid_vitb16_market1501,clipreid_vitb16_market1501,video_001/clip_001,cam1,A,0,1295
deep_ocsort_pose__clipreid_vitb16_market1501,clipreid_vitb16_market1501,video_001/clip_001,cam1,B,-1,289
deep_ocsort_pose__clipreid_vitb16_market1501,clipreid_vitb16_market1501,video_001/clip_001,cam1,B,1,949
deep_ocsort_pose__clipreid_vitb16_market1501,clipreid_vitb16_market1501,video_001/clip_001,cam1,X1,-1,1150
deep_ocsort_pose__clipreid_vitb16_market1501,clipreid_vitb16_market1501,video_001/clip_001,cam1,X1,1,3
deep_ocsort_pose__clipreid_vitb16_market1501,clipreid_vitb16_market1501,video_001/clip_001,cam1,ambiguous,-1,62
deep_ocsort_pose__clipreid_vitb16_market1501,clipreid_vitb16_market1501,video_001/clip_001,cam1,unmatched,-1,656
deep_ocsort_pose__clipreid_vitb16_market1501,clipreid_vitb16_market1501,video_001/clip_001,cam2,A,-1,15
deep_ocsort_pose__clipreid_vitb16_market1501,clipreid_vitb16_market1501,video_001/clip_001,cam2,A,0,1278
deep_ocsort_pose__clipreid_vitb16_market1501,clipreid_vitb16_market1501,video_001/clip_001,cam2,B,-1,224
deep_ocsort_pose__clipreid_vitb16_market1501,clipreid_vitb16_market1501,video_001/clip_001,cam2,B,1,1000
deep_ocsort_pose__clipreid_vitb16_market1501,clipreid_vitb16_market1501,video_001/clip_001,cam2,X3,-1,1189
deep_ocsort_pose__clipreid_vitb16_market1501,clipreid_vitb16_market1501,video_001/clip_001,cam2,X4,-1,43
deep_ocsort_pose__clipreid_vitb16_market1501,clipreid_vitb16_market1501,video_001/clip_001,cam2,unmatched,-1,2694
deep_ocsort_pose__clipreid_vitb16_market1501,clipreid_vitb16_market1501,video_002/clip_013,cam0,A,0,535
deep_ocsort_pose__clipreid_vitb16_market1501,clipreid_vitb16_market1501,video_002/clip_013,cam0,B,1,518
deep_ocsort_pose__clipreid_vitb16_market1501,clipreid_vitb16_market1501,video_002/clip_013,cam0,unmatched,-1,1244
deep_ocsort_pose__clipreid_vitb16_market1501,clipreid_vitb16_market1501,video_002/clip_013,cam0,unmatched,1,1
deep_ocsort_pose__clipreid_vitb16_market1501,clipreid_vitb16_market1501,video_002/clip_013,cam1,A,0,535
deep_ocsort_pose__clipreid_vitb16_market1501,clipreid_vitb16_market1501,video_002/clip_013,cam1,B,-1,42
deep_ocsort_pose__clipreid_vitb16_market1501,clipreid_vitb16_market1501,video_002/clip_013,cam1,B,1,481
deep_ocsort_pose__clipreid_vitb16_market1501,clipreid_vitb16_market1501,video_002/clip_013,cam1,ambiguous,-1,1
deep_ocsort_pose__clipreid_vitb16_market1501,clipreid_vitb16_market1501,video_002/clip_013,cam1,unmatched,1,1
deep_ocsort_pose__clipreid_vitb16_market1501,clipreid_vitb16_market1501,video_002/clip_013,cam2,A,-1,11
deep_ocsort_pose__clipreid_vitb16_market1501,clipreid_vitb16_market1501,video_002/clip_013,cam2,A,0,516
deep_ocsort_pose__clipreid_vitb16_market1501,clipreid_vitb16_market1501,video_002/clip_013,cam2,B,1,535
deep_ocsort_pose__clipreid_vitb16_market1501,clipreid_vitb16_market1501,video_002/clip_013,cam2,X1,-1,163
deep_ocsort_pose__clipreid_vitb16_market1501,clipreid_vitb16_market1501,video_002/clip_013,cam2,unmatched,-1,7
deep_ocsort_pose__clipreid_vitb16_market1501,clipreid_vitb16_market1501,video_002/clip_013,cam2,unmatched,0,1
deep_ocsort_pose__clipreid_vitb16_market1501,solider_swin_base_msmt17,video_000/clip_000,cam0,A,0,1010
deep_ocsort_pose__clipreid_vitb16_market1501,solider_swin_base_msmt17,video_000/clip_000,cam0,B,1,909
deep_ocsort_pose__clipreid_vitb16_market1501,solider_swin_base_msmt17,video_000/clip_000,cam0,X1,-1,179
deep_ocsort_pose__clipreid_vitb16_market1501,solider_swin_base_msmt17,video_000/clip_000,cam0,unmatched,-1,2363
deep_ocsort_pose__clipreid_vitb16_market1501,solider_swin_base_msmt17,video_000/clip_000,cam1,A,0,1010
deep_ocsort_pose__clipreid_vitb16_market1501,solider_swin_base_msmt17,video_000/clip_000,cam1,B,1,984
deep_ocsort_pose__clipreid_vitb16_market1501,solider_swin_base_msmt17,video_000/clip_000,cam1,unmatched,-1,194
deep_ocsort_pose__clipreid_vitb16_market1501,solider_swin_base_msmt17,video_000/clip_000,cam2,A,-1,29
deep_ocsort_pose__clipreid_vitb16_market1501,solider_swin_base_msmt17,video_000/clip_000,cam2,A,0,970
deep_ocsort_pose__clipreid_vitb16_market1501,solider_swin_base_msmt17,video_000/clip_000,cam2,B,1,1010
deep_ocsort_pose__clipreid_vitb16_market1501,solider_swin_base_msmt17,video_000/clip_000,cam2,unmatched,-1,1537
deep_ocsort_pose__clipreid_vitb16_market1501,solider_swin_base_msmt17,video_000/clip_000,cam2,unmatched,0,1
deep_ocsort_pose__clipreid_vitb16_market1501,solider_swin_base_msmt17,video_000/clip_007,cam0,A,0,652
deep_ocsort_pose__clipreid_vitb16_market1501,solider_swin_base_msmt17,video_000/clip_007,cam0,B,1,541
deep_ocsort_pose__clipreid_vitb16_market1501,solider_swin_base_msmt17,video_000/clip_007,cam0,X1,-1,224
deep_ocsort_pose__clipreid_vitb16_market1501,solider_swin_base_msmt17,video_000/clip_007,cam0,unmatched,-1,1632
deep_ocsort_pose__clipreid_vitb16_market1501,solider_swin_base_msmt17,video_000/clip_007,cam0,unmatched,1,48
deep_ocsort_pose__clipreid_vitb16_market1501,solider_swin_base_msmt17,video_000/clip_007,cam1,A,0,652
deep_ocsort_pose__clipreid_vitb16_market1501,solider_swin_base_msmt17,video_000/clip_007,cam1,B,-1,24
deep_ocsort_pose__clipreid_vitb16_market1501,solider_swin_base_msmt17,video_000/clip_007,cam1,B,1,597
deep_ocsort_pose__clipreid_vitb16_market1501,solider_swin_base_msmt17,video_000/clip_007,cam1,X1,-1,78
deep_ocsort_pose__clipreid_vitb16_market1501,solider_swin_base_msmt17,video_000/clip_007,cam1,unmatched,-1,64
deep_ocsort_pose__clipreid_vitb16_market1501,solider_swin_base_msmt17,video_000/clip_007,cam2,A,-1,7
deep_ocsort_pose__clipreid_vitb16_market1501,solider_swin_base_msmt17,video_000/clip_007,cam2,A,0,638
deep_ocsort_pose__clipreid_vitb16_market1501,solider_swin_base_msmt17,video_000/clip_007,cam2,B,-1,7
deep_ocsort_pose__clipreid_vitb16_market1501,solider_swin_base_msmt17,video_000/clip_007,cam2,B,1,618
deep_ocsort_pose__clipreid_vitb16_market1501,solider_swin_base_msmt17,video_000/clip_007,cam2,X1,-1,50
deep_ocsort_pose__clipreid_vitb16_market1501,solider_swin_base_msmt17,video_000/clip_007,cam2,X2,-1,144
deep_ocsort_pose__clipreid_vitb16_market1501,solider_swin_base_msmt17,video_000/clip_007,cam2,unmatched,-1,1254
deep_ocsort_pose__clipreid_vitb16_market1501,solider_swin_base_msmt17,video_000/clip_007,cam2,unmatched,0,2
deep_ocsort_pose__clipreid_vitb16_market1501,solider_swin_base_msmt17,video_000/clip_007,cam2,unmatched,1,11
deep_ocsort_pose__clipreid_vitb16_market1501,solider_swin_base_msmt17,video_001/clip_001,cam0,A,-1,13
deep_ocsort_pose__clipreid_vitb16_market1501,solider_swin_base_msmt17,video_001/clip_001,cam0,A,0,1283
deep_ocsort_pose__clipreid_vitb16_market1501,solider_swin_base_msmt17,video_001/clip_001,cam0,B,-1,7
deep_ocsort_pose__clipreid_vitb16_market1501,solider_swin_base_msmt17,video_001/clip_001,cam0,B,1,1245
deep_ocsort_pose__clipreid_vitb16_market1501,solider_swin_base_msmt17,video_001/clip_001,cam0,X1,-1,863
deep_ocsort_pose__clipreid_vitb16_market1501,solider_swin_base_msmt17,video_001/clip_001,cam0,X2,-1,216
deep_ocsort_pose__clipreid_vitb16_market1501,solider_swin_base_msmt17,video_001/clip_001,cam0,ambiguous,-1,5
deep_ocsort_pose__clipreid_vitb16_market1501,solider_swin_base_msmt17,video_001/clip_001,cam0,unmatched,-1,3055
deep_ocsort_pose__clipreid_vitb16_market1501,solider_swin_base_msmt17,video_001/clip_001,cam1,A,0,1295
deep_ocsort_pose__clipreid_vitb16_market1501,solider_swin_base_msmt17,video_001/clip_001,cam1,B,-1,289
deep_ocsort_pose__clipreid_vitb16_market1501,solider_swin_base_msmt17,video_001/clip_001,cam1,B,1,949
deep_ocsort_pose__clipreid_vitb16_market1501,solider_swin_base_msmt17,video_001/clip_001,cam1,X1,-1,1150
deep_ocsort_pose__clipreid_vitb16_market1501,solider_swin_base_msmt17,video_001/clip_001,cam1,X1,1,3
deep_ocsort_pose__clipreid_vitb16_market1501,solider_swin_base_msmt17,video_001/clip_001,cam1,ambiguous,-1,62
deep_ocsort_pose__clipreid_vitb16_market1501,solider_swin_base_msmt17,video_001/clip_001,cam1,unmatched,-1,656
deep_ocsort_pose__clipreid_vitb16_market1501,solider_swin_base_msmt17,video_001/clip_001,cam2,A,-1,15
deep_ocsort_pose__clipreid_vitb16_market1501,solider_swin_base_msmt17,video_001/clip_001,cam2,A,0,1278
deep_ocsort_pose__clipreid_vitb16_market1501,solider_swin_base_msmt17,video_001/clip_001,cam2,B,-1,224
deep_ocsort_pose__clipreid_vitb16_market1501,solider_swin_base_msmt17,video_001/clip_001,cam2,B,1,1000
deep_ocsort_pose__clipreid_vitb16_market1501,solider_swin_base_msmt17,video_001/clip_001,cam2,X3,-1,1189
deep_ocsort_pose__clipreid_vitb16_market1501,solider_swin_base_msmt17,video_001/clip_001,cam2,X4,-1,43
deep_ocsort_pose__clipreid_vitb16_market1501,solider_swin_base_msmt17,video_001/clip_001,cam2,unmatched,-1,2694
deep_ocsort_pose__clipreid_vitb16_market1501,solider_swin_base_msmt17,video_002/clip_013,cam0,A,0,535
deep_ocsort_pose__clipreid_vitb16_market1501,solider_swin_base_msmt17,video_002/clip_013,cam0,B,1,518
deep_ocsort_pose__clipreid_vitb16_market1501,solider_swin_base_msmt17,video_002/clip_013,cam0,unmatched,-1,1244
deep_ocsort_pose__clipreid_vitb16_market1501,solider_swin_base_msmt17,video_002/clip_013,cam0,unmatched,1,1
deep_ocsort_pose__clipreid_vitb16_market1501,solider_swin_base_msmt17,video_002/clip_013,cam1,A,0,535
deep_ocsort_pose__clipreid_vitb16_market1501,solider_swin_base_msmt17,video_002/clip_013,cam1,B,-1,42
deep_ocsort_pose__clipreid_vitb16_market1501,solider_swin_base_msmt17,video_002/clip_013,cam1,B,1,481
deep_ocsort_pose__clipreid_vitb16_market1501,solider_swin_base_msmt17,video_002/clip_013,cam1,ambiguous,-1,1
deep_ocsort_pose__clipreid_vitb16_market1501,solider_swin_base_msmt17,video_002/clip_013,cam1,unmatched,1,1
deep_ocsort_pose__clipreid_vitb16_market1501,solider_swin_base_msmt17,video_002/clip_013,cam2,A,-1,11
deep_ocsort_pose__clipreid_vitb16_market1501,solider_swin_base_msmt17,video_002/clip_013,cam2,A,0,516
deep_ocsort_pose__clipreid_vitb16_market1501,solider_swin_base_msmt17,video_002/clip_013,cam2,B,1,535
deep_ocsort_pose__clipreid_vitb16_market1501,solider_swin_base_msmt17,video_002/clip_013,cam2,X1,-1,163
deep_ocsort_pose__clipreid_vitb16_market1501,solider_swin_base_msmt17,video_002/clip_013,cam2,unmatched,-1,7
deep_ocsort_pose__clipreid_vitb16_market1501,solider_swin_base_msmt17,video_002/clip_013,cam2,unmatched,0,1
deep_ocsort_pose__solider_swin_base_msmt17,clipreid_vitb16_market1501,video_000/clip_000,cam0,A,0,1010
deep_ocsort_pose__solider_swin_base_msmt17,clipreid_vitb16_market1501,video_000/clip_000,cam0,B,1,909
deep_ocsort_pose__solider_swin_base_msmt17,clipreid_vitb16_market1501,video_000/clip_000,cam0,X1,-1,179
deep_ocsort_pose__solider_swin_base_msmt17,clipreid_vitb16_market1501,video_000/clip_000,cam0,unmatched,-1,2363
deep_ocsort_pose__solider_swin_base_msmt17,clipreid_vitb16_market1501,video_000/clip_000,cam1,A,0,1010
deep_ocsort_pose__solider_swin_base_msmt17,clipreid_vitb16_market1501,video_000/clip_000,cam1,B,1,984
deep_ocsort_pose__solider_swin_base_msmt17,clipreid_vitb16_market1501,video_000/clip_000,cam1,unmatched,-1,188
deep_ocsort_pose__solider_swin_base_msmt17,clipreid_vitb16_market1501,video_000/clip_000,cam2,A,-1,29
deep_ocsort_pose__solider_swin_base_msmt17,clipreid_vitb16_market1501,video_000/clip_000,cam2,A,0,970
deep_ocsort_pose__solider_swin_base_msmt17,clipreid_vitb16_market1501,video_000/clip_000,cam2,B,1,1010
deep_ocsort_pose__solider_swin_base_msmt17,clipreid_vitb16_market1501,video_000/clip_000,cam2,unmatched,-1,1537
deep_ocsort_pose__solider_swin_base_msmt17,clipreid_vitb16_market1501,video_000/clip_000,cam2,unmatched,0,1
deep_ocsort_pose__solider_swin_base_msmt17,clipreid_vitb16_market1501,video_000/clip_007,cam0,A,0,652
deep_ocsort_pose__solider_swin_base_msmt17,clipreid_vitb16_market1501,video_000/clip_007,cam0,B,1,541
deep_ocsort_pose__solider_swin_base_msmt17,clipreid_vitb16_market1501,video_000/clip_007,cam0,X1,-1,224
deep_ocsort_pose__solider_swin_base_msmt17,clipreid_vitb16_market1501,video_000/clip_007,cam0,unmatched,-1,1630
deep_ocsort_pose__solider_swin_base_msmt17,clipreid_vitb16_market1501,video_000/clip_007,cam0,unmatched,1,48
deep_ocsort_pose__solider_swin_base_msmt17,clipreid_vitb16_market1501,video_000/clip_007,cam1,A,0,652
deep_ocsort_pose__solider_swin_base_msmt17,clipreid_vitb16_market1501,video_000/clip_007,cam1,B,-1,20
deep_ocsort_pose__solider_swin_base_msmt17,clipreid_vitb16_market1501,video_000/clip_007,cam1,B,1,604
deep_ocsort_pose__solider_swin_base_msmt17,clipreid_vitb16_market1501,video_000/clip_007,cam1,X1,-1,78
deep_ocsort_pose__solider_swin_base_msmt17,clipreid_vitb16_market1501,video_000/clip_007,cam1,unmatched,-1,64
deep_ocsort_pose__solider_swin_base_msmt17,clipreid_vitb16_market1501,video_000/clip_007,cam2,A,-1,7
deep_ocsort_pose__solider_swin_base_msmt17,clipreid_vitb16_market1501,video_000/clip_007,cam2,A,0,638
deep_ocsort_pose__solider_swin_base_msmt17,clipreid_vitb16_market1501,video_000/clip_007,cam2,B,-1,7
deep_ocsort_pose__solider_swin_base_msmt17,clipreid_vitb16_market1501,video_000/clip_007,cam2,B,1,618
deep_ocsort_pose__solider_swin_base_msmt17,clipreid_vitb16_market1501,video_000/clip_007,cam2,X1,-1,50
deep_ocsort_pose__solider_swin_base_msmt17,clipreid_vitb16_market1501,video_000/clip_007,cam2,X2,-1,144
deep_ocsort_pose__solider_swin_base_msmt17,clipreid_vitb16_market1501,video_000/clip_007,cam2,unmatched,-1,1254
deep_ocsort_pose__solider_swin_base_msmt17,clipreid_vitb16_market1501,video_000/clip_007,cam2,unmatched,0,2
deep_ocsort_pose__solider_swin_base_msmt17,clipreid_vitb16_market1501,video_000/clip_007,cam2,unmatched,1,11
deep_ocsort_pose__solider_swin_base_msmt17,clipreid_vitb16_market1501,video_001/clip_001,cam0,A,-1,13
deep_ocsort_pose__solider_swin_base_msmt17,clipreid_vitb16_market1501,video_001/clip_001,cam0,A,0,1283
deep_ocsort_pose__solider_swin_base_msmt17,clipreid_vitb16_market1501,video_001/clip_001,cam0,B,1,1252
deep_ocsort_pose__solider_swin_base_msmt17,clipreid_vitb16_market1501,video_001/clip_001,cam0,X1,-1,865
deep_ocsort_pose__solider_swin_base_msmt17,clipreid_vitb16_market1501,video_001/clip_001,cam0,X2,-1,216
deep_ocsort_pose__solider_swin_base_msmt17,clipreid_vitb16_market1501,video_001/clip_001,cam0,ambiguous,-1,2
deep_ocsort_pose__solider_swin_base_msmt17,clipreid_vitb16_market1501,video_001/clip_001,cam0,ambiguous,1,3
deep_ocsort_pose__solider_swin_base_msmt17,clipreid_vitb16_market1501,video_001/clip_001,cam0,unmatched,-1,3055
deep_ocsort_pose__solider_swin_base_msmt17,clipreid_vitb16_market1501,video_001/clip_001,cam1,A,0,1295
deep_ocsort_pose__solider_swin_base_msmt17,clipreid_vitb16_market1501,video_001/clip_001,cam1,B,-1,289
deep_ocsort_pose__solider_swin_base_msmt17,clipreid_vitb16_market1501,video_001/clip_001,cam1,B,1,949
deep_ocsort_pose__solider_swin_base_msmt17,clipreid_vitb16_market1501,video_001/clip_001,cam1,X1,-1,1150
deep_ocsort_pose__solider_swin_base_msmt17,clipreid_vitb16_market1501,video_001/clip_001,cam1,X1,1,3
deep_ocsort_pose__solider_swin_base_msmt17,clipreid_vitb16_market1501,video_001/clip_001,cam1,ambiguous,-1,62
deep_ocsort_pose__solider_swin_base_msmt17,clipreid_vitb16_market1501,video_001/clip_001,cam1,unmatched,-1,656
deep_ocsort_pose__solider_swin_base_msmt17,clipreid_vitb16_market1501,video_001/clip_001,cam2,A,-1,15
deep_ocsort_pose__solider_swin_base_msmt17,clipreid_vitb16_market1501,video_001/clip_001,cam2,A,0,1278
deep_ocsort_pose__solider_swin_base_msmt17,clipreid_vitb16_market1501,video_001/clip_001,cam2,B,-1,220
deep_ocsort_pose__solider_swin_base_msmt17,clipreid_vitb16_market1501,video_001/clip_001,cam2,B,1,1003
deep_ocsort_pose__solider_swin_base_msmt17,clipreid_vitb16_market1501,video_001/clip_001,cam2,X3,-1,1189
deep_ocsort_pose__solider_swin_base_msmt17,clipreid_vitb16_market1501,video_001/clip_001,cam2,X4,-1,43
deep_ocsort_pose__solider_swin_base_msmt17,clipreid_vitb16_market1501,video_001/clip_001,cam2,unmatched,-1,2694
deep_ocsort_pose__solider_swin_base_msmt17,clipreid_vitb16_market1501,video_002/clip_013,cam0,A,0,535
deep_ocsort_pose__solider_swin_base_msmt17,clipreid_vitb16_market1501,video_002/clip_013,cam0,B,1,518
deep_ocsort_pose__solider_swin_base_msmt17,clipreid_vitb16_market1501,video_002/clip_013,cam0,unmatched,-1,1244
deep_ocsort_pose__solider_swin_base_msmt17,clipreid_vitb16_market1501,video_002/clip_013,cam0,unmatched,1,1
deep_ocsort_pose__solider_swin_base_msmt17,clipreid_vitb16_market1501,video_002/clip_013,cam1,A,0,535
deep_ocsort_pose__solider_swin_base_msmt17,clipreid_vitb16_market1501,video_002/clip_013,cam1,B,-1,39
deep_ocsort_pose__solider_swin_base_msmt17,clipreid_vitb16_market1501,video_002/clip_013,cam1,B,1,488
deep_ocsort_pose__solider_swin_base_msmt17,clipreid_vitb16_market1501,video_002/clip_013,cam1,ambiguous,-1,1
deep_ocsort_pose__solider_swin_base_msmt17,clipreid_vitb16_market1501,video_002/clip_013,cam1,unmatched,1,1
deep_ocsort_pose__solider_swin_base_msmt17,clipreid_vitb16_market1501,video_002/clip_013,cam2,A,-1,11
deep_ocsort_pose__solider_swin_base_msmt17,clipreid_vitb16_market1501,video_002/clip_013,cam2,A,0,516
deep_ocsort_pose__solider_swin_base_msmt17,clipreid_vitb16_market1501,video_002/clip_013,cam2,B,1,535
deep_ocsort_pose__solider_swin_base_msmt17,clipreid_vitb16_market1501,video_002/clip_013,cam2,X1,-1,163
deep_ocsort_pose__solider_swin_base_msmt17,clipreid_vitb16_market1501,video_002/clip_013,cam2,unmatched,-1,7
deep_ocsort_pose__solider_swin_base_msmt17,clipreid_vitb16_market1501,video_002/clip_013,cam2,unmatched,0,1
deep_ocsort_pose__solider_swin_base_msmt17,solider_swin_base_msmt17,video_000/clip_000,cam0,A,0,1010
deep_ocsort_pose__solider_swin_base_msmt17,solider_swin_base_msmt17,video_000/clip_000,cam0,B,1,909
deep_ocsort_pose__solider_swin_base_msmt17,solider_swin_base_msmt17,video_000/clip_000,cam0,X1,-1,179
deep_ocsort_pose__solider_swin_base_msmt17,solider_swin_base_msmt17,video_000/clip_000,cam0,unmatched,-1,2363
deep_ocsort_pose__solider_swin_base_msmt17,solider_swin_base_msmt17,video_000/clip_000,cam1,A,0,1010
deep_ocsort_pose__solider_swin_base_msmt17,solider_swin_base_msmt17,video_000/clip_000,cam1,B,1,984
deep_ocsort_pose__solider_swin_base_msmt17,solider_swin_base_msmt17,video_000/clip_000,cam1,unmatched,-1,188
deep_ocsort_pose__solider_swin_base_msmt17,solider_swin_base_msmt17,video_000/clip_000,cam2,A,-1,29
deep_ocsort_pose__solider_swin_base_msmt17,solider_swin_base_msmt17,video_000/clip_000,cam2,A,0,970
deep_ocsort_pose__solider_swin_base_msmt17,solider_swin_base_msmt17,video_000/clip_000,cam2,B,1,1010
deep_ocsort_pose__solider_swin_base_msmt17,solider_swin_base_msmt17,video_000/clip_000,cam2,unmatched,-1,1537
deep_ocsort_pose__solider_swin_base_msmt17,solider_swin_base_msmt17,video_000/clip_000,cam2,unmatched,0,1
deep_ocsort_pose__solider_swin_base_msmt17,solider_swin_base_msmt17,video_000/clip_007,cam0,A,0,652
deep_ocsort_pose__solider_swin_base_msmt17,solider_swin_base_msmt17,video_000/clip_007,cam0,B,1,541
deep_ocsort_pose__solider_swin_base_msmt17,solider_swin_base_msmt17,video_000/clip_007,cam0,X1,-1,224
deep_ocsort_pose__solider_swin_base_msmt17,solider_swin_base_msmt17,video_000/clip_007,cam0,unmatched,-1,1630
deep_ocsort_pose__solider_swin_base_msmt17,solider_swin_base_msmt17,video_000/clip_007,cam0,unmatched,1,48
deep_ocsort_pose__solider_swin_base_msmt17,solider_swin_base_msmt17,video_000/clip_007,cam1,A,0,652
deep_ocsort_pose__solider_swin_base_msmt17,solider_swin_base_msmt17,video_000/clip_007,cam1,B,-1,20
deep_ocsort_pose__solider_swin_base_msmt17,solider_swin_base_msmt17,video_000/clip_007,cam1,B,1,604
deep_ocsort_pose__solider_swin_base_msmt17,solider_swin_base_msmt17,video_000/clip_007,cam1,X1,-1,78
deep_ocsort_pose__solider_swin_base_msmt17,solider_swin_base_msmt17,video_000/clip_007,cam1,unmatched,-1,64
deep_ocsort_pose__solider_swin_base_msmt17,solider_swin_base_msmt17,video_000/clip_007,cam2,A,-1,7
deep_ocsort_pose__solider_swin_base_msmt17,solider_swin_base_msmt17,video_000/clip_007,cam2,A,0,638
deep_ocsort_pose__solider_swin_base_msmt17,solider_swin_base_msmt17,video_000/clip_007,cam2,B,-1,7
deep_ocsort_pose__solider_swin_base_msmt17,solider_swin_base_msmt17,video_000/clip_007,cam2,B,1,618
deep_ocsort_pose__solider_swin_base_msmt17,solider_swin_base_msmt17,video_000/clip_007,cam2,X1,-1,50
deep_ocsort_pose__solider_swin_base_msmt17,solider_swin_base_msmt17,video_000/clip_007,cam2,X2,-1,144
deep_ocsort_pose__solider_swin_base_msmt17,solider_swin_base_msmt17,video_000/clip_007,cam2,unmatched,-1,1254
deep_ocsort_pose__solider_swin_base_msmt17,solider_swin_base_msmt17,video_000/clip_007,cam2,unmatched,0,2
deep_ocsort_pose__solider_swin_base_msmt17,solider_swin_base_msmt17,video_000/clip_007,cam2,unmatched,1,11
deep_ocsort_pose__solider_swin_base_msmt17,solider_swin_base_msmt17,video_001/clip_001,cam0,A,-1,13
deep_ocsort_pose__solider_swin_base_msmt17,solider_swin_base_msmt17,video_001/clip_001,cam0,A,0,1283
deep_ocsort_pose__solider_swin_base_msmt17,solider_swin_base_msmt17,video_001/clip_001,cam0,B,1,1252
deep_ocsort_pose__solider_swin_base_msmt17,solider_swin_base_msmt17,video_001/clip_001,cam0,X1,-1,865
deep_ocsort_pose__solider_swin_base_msmt17,solider_swin_base_msmt17,video_001/clip_001,cam0,X2,-1,216
deep_ocsort_pose__solider_swin_base_msmt17,solider_swin_base_msmt17,video_001/clip_001,cam0,ambiguous,-1,2
deep_ocsort_pose__solider_swin_base_msmt17,solider_swin_base_msmt17,video_001/clip_001,cam0,ambiguous,1,3
deep_ocsort_pose__solider_swin_base_msmt17,solider_swin_base_msmt17,video_001/clip_001,cam0,unmatched,-1,3055
deep_ocsort_pose__solider_swin_base_msmt17,solider_swin_base_msmt17,video_001/clip_001,cam1,A,0,1295
deep_ocsort_pose__solider_swin_base_msmt17,solider_swin_base_msmt17,video_001/clip_001,cam1,B,-1,289
deep_ocsort_pose__solider_swin_base_msmt17,solider_swin_base_msmt17,video_001/clip_001,cam1,B,1,949
deep_ocsort_pose__solider_swin_base_msmt17,solider_swin_base_msmt17,video_001/clip_001,cam1,X1,-1,1150
deep_ocsort_pose__solider_swin_base_msmt17,solider_swin_base_msmt17,video_001/clip_001,cam1,X1,1,3
deep_ocsort_pose__solider_swin_base_msmt17,solider_swin_base_msmt17,video_001/clip_001,cam1,ambiguous,-1,62
deep_ocsort_pose__solider_swin_base_msmt17,solider_swin_base_msmt17,video_001/clip_001,cam1,unmatched,-1,656
deep_ocsort_pose__solider_swin_base_msmt17,solider_swin_base_msmt17,video_001/clip_001,cam2,A,-1,15
deep_ocsort_pose__solider_swin_base_msmt17,solider_swin_base_msmt17,video_001/clip_001,cam2,A,0,1278
deep_ocsort_pose__solider_swin_base_msmt17,solider_swin_base_msmt17,video_001/clip_001,cam2,B,-1,220
deep_ocsort_pose__solider_swin_base_msmt17,solider_swin_base_msmt17,video_001/clip_001,cam2,B,1,1003
deep_ocsort_pose__solider_swin_base_msmt17,solider_swin_base_msmt17,video_001/clip_001,cam2,X3,-1,1189
deep_ocsort_pose__solider_swin_base_msmt17,solider_swin_base_msmt17,video_001/clip_001,cam2,X4,-1,43
deep_ocsort_pose__solider_swin_base_msmt17,solider_swin_base_msmt17,video_001/clip_001,cam2,unmatched,-1,2694
deep_ocsort_pose__solider_swin_base_msmt17,solider_swin_base_msmt17,video_002/clip_013,cam0,A,0,535
deep_ocsort_pose__solider_swin_base_msmt17,solider_swin_base_msmt17,video_002/clip_013,cam0,B,1,518
deep_ocsort_pose__solider_swin_base_msmt17,solider_swin_base_msmt17,video_002/clip_013,cam0,unmatched,-1,1244
deep_ocsort_pose__solider_swin_base_msmt17,solider_swin_base_msmt17,video_002/clip_013,cam0,unmatched,1,1
deep_ocsort_pose__solider_swin_base_msmt17,solider_swin_base_msmt17,video_002/clip_013,cam1,A,0,535
deep_ocsort_pose__solider_swin_base_msmt17,solider_swin_base_msmt17,video_002/clip_013,cam1,B,-1,39
deep_ocsort_pose__solider_swin_base_msmt17,solider_swin_base_msmt17,video_002/clip_013,cam1,B,1,488
deep_ocsort_pose__solider_swin_base_msmt17,solider_swin_base_msmt17,video_002/clip_013,cam1,ambiguous,-1,1
deep_ocsort_pose__solider_swin_base_msmt17,solider_swin_base_msmt17,video_002/clip_013,cam1,unmatched,1,1
deep_ocsort_pose__solider_swin_base_msmt17,solider_swin_base_msmt17,video_002/clip_013,cam2,A,-1,11
deep_ocsort_pose__solider_swin_base_msmt17,solider_swin_base_msmt17,video_002/clip_013,cam2,A,0,516
deep_ocsort_pose__solider_swin_base_msmt17,solider_swin_base_msmt17,video_002/clip_013,cam2,B,1,535
deep_ocsort_pose__solider_swin_base_msmt17,solider_swin_base_msmt17,video_002/clip_013,cam2,X1,-1,163
deep_ocsort_pose__solider_swin_base_msmt17,solider_swin_base_msmt17,video_002/clip_013,cam2,unmatched,-1,7
deep_ocsort_pose__solider_swin_base_msmt17,solider_swin_base_msmt17,video_002/clip_013,cam2,unmatched,0,1
