image,frame_index,x,y,z
frame_000000.jpg,0,-2.44325167,-0.0510123556,-4.75101411
frame_000001.jpg,1,-2.34491467,-0.0464414423,-4.73861356
frame_000002.jpg,2,-2.21186865,-0.0507590066,-4.71349881
frame_000003.jpg,3,-2.13308593,-0.0491826623,-4.67521734
frame_000004.jpg,4,-2.02291545,-0.047898125,-4.6508347
frame_000005.jpg,5,-1.91409349,-0.0493815222,-4.62749162
frame_000006.jpg,6,-1.80831047,-0.0470127755,-4.5927865
frame_000007.jpg,7,-1.69858079,-0.047633955,-4.55828063
frame_000008.jpg,8,-1.5882487,-0.0468875318,-4.50589666
frame_000009.jpg,9,-1.48968599,-0.0393515015,-4.41917348
frame_000010.jpg,10,-1.39156503,-0.042302108,-4.33476297
frame_000011.jpg,11,-1.29941601,-0.0414074574,-4.23888735
frame_000012.jpg,12,-1.19375224,-0.0358982106,-4.14310142
frame_000013.jpg,13,-1.08914248,-0.0382873779,-4.04282028
frame_000014.jpg,14,-0.996447761,-0.0358481642,-3.91802022
frame_000015.jpg,15,-0.890972008,-0.034669075,-3.79337584
frame_000016.jpg,16,-0.766349013,-0.0283634654,-3.68451961
frame_000017.jpg,17,-0.652461693,-0.030367285,-3.55557342
frame_000018.jpg,18,-0.552646692,-0.0296766413,-3.4369795
frame_000019.jpg,19,-0.462685946,-0.0297001355,-3.31598238
frame_000020.jpg,20,-0.356245089,-0.027607392,-3.20295528
frame_000021.jpg,21,-0.24702597,-0.0289683878,-3.09412679
frame_000022.jpg,22,-0.155023567,-0.0247547823,-2.97521351
frame_000023.jpg,23,-0.0501094686,-0.0207432785,-2.84610393
frame_000024.jpg,24,0.0644008453,-0.022210208,-2.72972622
frame_000025.jpg,25,0.169534972,-0.0194007161,-2.60730928
frame_000026.jpg,26,0.249843958,-0.0187260627,-2.47514928
frame_000027.jpg,27,0.350338675,-0.0125193932,-2.36000819
frame_000028.jpg,28,0.459668186,-0.0154779871,-2.23846699
frame_000029.jpg,29,0.569972172,-0.0144405506,-2.10737865
frame_000030.jpg,30,0.681593943,-0.015864074,-1.9800027
frame_000031.jpg,31,0.81330676,-0.00905422859,-1.86370348
frame_000032.jpg,32,0.937793235,-0.0131506666,-1.73676749
frame_000033.jpg,33,1.05659494,-0.00947052979,-1.60975283
frame_000034.jpg,34,1.17115563,-0.0130040414,-1.48816622
frame_000035.jpg,35,1.28532561,-0.00840267037,-1.36668637
frame_000036.jpg,36,1.39129621,-0.00918615475,-1.2396948
frame_000037.jpg,37,1.49107698,-0.0047064113,-1.11238077
frame_000038.jpg,38,1.60720006,-0.00638562506,-0.999562707
frame_000039.jpg,39,1.73390819,0.000344510609,-0.873423692
frame_000040.jpg,40,1.86133974,-0.00191110106,-0.742341898
frame_000041.jpg,41,1.99239414,0.00398453099,-0.601704189
frame_000042.jpg,42,2.11136749,0.00532214942,-0.446448766
frame_000043.jpg,43,2.23037674,0.00504714492,-0.303013443
frame_000044.jpg,44,2.34057514,0.00820995807,-0.18455019
frame_000045.jpg,45,2.43561525,0.00574487442,-0.050607727
frame_000046.jpg,46,2.51672088,0.00629793551,0.0844991923
frame_000047.jpg,47,2.56499192,0.00701220464,0.236633006
frame_000048.jpg,48,2.58221986,0.0139077465,0.407046054
frame_000049.jpg,49,2.56279807,0.00837706084,0.582058048
frame_000050.jpg,50,2.51690328,0.00826088929,0.755483881
frame_000051.jpg,51,2.43953297,0.00540963371,0.912710632
frame_000052.jpg,52,2.34221056,0.00899609739,1.05705379
frame_000053.jpg,53,2.23449968,0.0117468811,1.21307043
frame_000054.jpg,54,2.12404348,0.00677971663,1.36570602
frame_000055.jpg,55,1.99757615,0.0105665123,1.50254419
frame_000056.jpg,56,1.85902967,0.00917736522,1.63484336
frame_000057.jpg,57,1.71639783,0.0115648626,1.7673827
frame_000058.jpg,58,1.57622856,0.00777686931,1.8982735
frame_000059.jpg,59,1.42193856,0.0102452512,2.03193221
frame_000060.jpg,60,1.29179756,0.010612304,2.18654252
frame_000061.jpg,61,1.14246685,0.0104529077,2.33833252
frame_000062.jpg,62,0.984988141,0.0161008999,2.48750075
frame_000063.jpg,63,0.815629812,0.0093490464,2.61792844
frame_000064.jpg,64,0.667976318,0.00936595905,2.75033841
frame_000065.jpg,65,0.513437935,0.0108906901,2.88044379
frame_000066.jpg,66,0.35604341,0.0146845264,3.01711161
frame_000067.jpg,67,0.211223867,0.0218733632,3.13015688
frame_000068.jpg,68,0.0616621138,0.0190652187,3.26981047
frame_000069.jpg,69,-0.0870303525,0.0268460644,3.41992841
frame_000070.jpg,70,-0.239517825,0.0238748787,3.57904137
frame_000071.jpg,71,-0.389554726,0.0320861831,3.73264567
frame_000072.jpg,72,-0.539981268,0.0324952672,3.87633428
frame_000073.jpg,73,-0.676405429,0.0277140794,4.03882748
frame_000074.jpg,74,-0.833502697,0.0346232475,4.18366568
frame_000075.jpg,75,-1.00992909,0.0329583257,4.3108489
frame_000076.jpg,76,-1.18529941,0.0382048927,4.43710943
frame_000077.jpg,77,-1.36878482,0.0440584851,4.55709601
frame_000078.jpg,78,-1.56575144,0.0442355607,4.64973718
frame_000079.jpg,79,-1.77972166,0.0466692402,4.69181096
frame_000080.jpg,80,-1.98951406,0.0549719037,4.68131473
frame_000081.jpg,81,-2.18632667,0.0448880713,4.62448071
frame_000082.jpg,82,-2.37713697,0.0481656628,4.54440281
frame_000083.jpg,83,-2.55302183,0.0546566437,4.43259745
frame_000084.jpg,84,-2.7048054,0.04824614,4.28030914
frame_000085.jpg,85,-2.85101021,0.0476631598,4.11782874
frame_000086.jpg,86,-3.00747573,0.0435231824,3.97718085
frame_000087.jpg,87,-3.1590924,0.0345069478,3.83351254
frame_000088.jpg,88,-3.31240482,0.0386165927,3.66026943
frame_000089.jpg,89,-3.46528643,0.0416218684,3.48654362
