source,clip,stage,player_units,player_tracked_03,player_kept_03,player_excluded_03,player_rejected_among_tracked_03,player_identities,player_identities_kept50_03,player_identities_rejected_all_03,player_tracked_05,player_kept_05,player_excluded_05,player_rejected_among_tracked_05,player_identities_kept50_05,player_identities_rejected_all_05,non_player_units,non_player_tracked_03,non_player_kept_03,non_player_excluded_03,non_player_rejected_among_tracked_03,non_player_identities,non_player_identities_kept50_03,non_player_identities_rejected_all_03,non_player_tracked_05,non_player_kept_05,non_player_excluded_05,non_player_rejected_among_tracked_05,non_player_identities_kept50_05,non_player_identities_rejected_all_05,adjacent_court_units,adjacent_court_tracked_03,adjacent_court_kept_03,adjacent_court_excluded_03,adjacent_court_rejected_among_tracked_03,adjacent_court_identities,adjacent_court_identities_kept50_03,adjacent_court_identities_rejected_all_03,adjacent_court_tracked_05,adjacent_court_kept_05,adjacent_court_excluded_05,adjacent_court_rejected_among_tracked_05,adjacent_court_identities_kept50_05,adjacent_court_identities_rejected_all_05,off_court_units,off_court_tracked_03,off_court_kept_03,off_court_excluded_03,off_court_rejected_among_tracked_03,off_court_identities,off_court_identities_kept50_03,off_court_identities_rejected_all_03,off_court_tracked_05,off_court_kept_05,off_court_excluded_05,off_court_rejected_among_tracked_05,off_court_identities_kept50_05,off_court_identities_rejected_all_05,nonperson_units,nonperson_tracked_03,nonperson_kept_03,nonperson_excluded_03,nonperson_rejected_among_tracked_03,nonperson_identities,nonperson_identities_kept50_03,nonperson_identities_rejected_all_03,nonperson_tracked_05,nonperson_kept_05,nonperson_excluded_05,nonperson_rejected_among_tracked_05,nonperson_identities_kept50_05,nonperson_identities_rejected_all_05,cam0_far_reference_frames,cam0_far_covered_03,cam0_far_covered_05,cam1_far_reference_frames,cam1_far_covered_03,cam1_far_covered_05,cam2_far_reference_frames,cam2_far_covered_03,cam2_far_covered_05,player_wide_units,player_ground_unknown_units,player_wide_tracked_03,player_wide_kept_03,player_wide_tracked_05,player_wide_kept_05
ft_base_0.01,video_000/clip_000,selected,5966,5952,5605,361,347,2,2,0,5888,5513,453,375,2,0,179,179,0,179,179,1,0,1,129,0,179,129,0,1,179,179,0,179,179,1,0,1,129,0,179,129,0,1,0,0,0,0,0,0,0,0,0,0,0,0,0,0,0,0,0,0,0,0,0,0,0,0,0,0,0,0,931,649,648,995,918,832,1010,1009,1006,0,0,0,0,0,0
ft_base_0.01,video_000/clip_007,associated,3775,3746,3358,417,388,2,2,0,3681,3288,487,393,2,0,547,377,0,547,377,2,0,2,377,0,547,377,0,2,0,0,0,0,0,0,0,0,0,0,0,0,0,0,352,352,0,352,352,1,0,1,352,0,352,352,0,1,195,25,0,195,25,1,0,1,25,0,195,25,0,1,550,530,502,652,517,499,617,536,518,143,0,143,141,143,139
ft_base_0.01,video_000/clip_007,selected,3775,3746,3358,417,388,2,2,0,3681,3288,487,393,2,0,547,377,0,547,377,2,0,2,377,0,547,377,0,2,0,0,0,0,0,0,0,0,0,0,0,0,0,0,352,352,0,352,352,1,0,1,352,0,352,352,0,1,195,25,0,195,25,1,0,1,25,0,195,25,0,1,550,530,502,652,517,499,617,536,518,143,0,143,141,143,139
ft_base_0.01,video_001/clip_001,associated,7624,7373,6282,1342,1091,2,2,0,7131,6159,1465,972,2,0,3542,2246,0,3542,2246,4,0,4,1999,0,3542,1999,0,4,216,216,0,216,216,1,0,1,216,0,216,216,0,1,2128,1506,0,2128,1506,2,0,2,1259,0,2128,1259,0,2,1198,524,0,1198,524,1,0,1,524,0,1198,524,0,1,1265,787,668,1253,890,888,1206,1206,1206,0,0,0,0,0,0
ft_base_0.01,video_001/clip_001,selected,7624,7373,6347,1277,1026,2,2,0,7131,6197,1427,934,2,0,3542,2246,636,2906,1610,4,0,3,1999,415,3127,1584,0,3,216,216,0,216,216,1,0,1,216,0,216,216,0,1,2128,1506,636,1492,870,2,0,1,1259,415,1713,844,0,1,1198,524,0,1198,524,1,0,1,524,0,1198,524,0,1,1265,852,706,1253,890,888,1206,1206,1206,0,0,0,0,0,0
ft_base_0.01,video_002/clip_013,associated,3193,3175,3011,182,164,2,2,0,3101,2965,228,136,2,0,186,55,0,186,55,1,0,1,52,0,186,52,0,1,0,0,0,0,0,0,0,0,0,0,0,0,0,0,0,0,0,0,0,0,0,0,0,0,0,0,0,0,186,55,0,186,55,1,0,1,52,0,186,52,0,1,524,505,503,530,374,333,534,534,531,0,0,0,0,0,0
ft_base_0.01,video_002/clip_013,selected,3193,3175,3013,180,162,2,2,0,3101,2969,224,132,2,0,186,55,0,186,55,1,0,1,52,0,186,52,0,1,0,0,0,0,0,0,0,0,0,0,0,0,0,0,0,0,0,0,0,0,0,0,0,0,0,0,0,0,186,55,0,186,55,1,0,1,52,0,186,52,0,1,524,507,507,530,374,333,534,534,531,0,0,0,0,0,0
ft_base_0.02,video_000/clip_000,associated,5966,5874,5317,649,557,2,2,0,5798,5283,683,515,2,0,179,179,0,179,179,1,0,1,129,0,179,129,0,1,179,179,0,179,179,1,0,1,129,0,179,129,0,1,0,0,0,0,0,0,0,0,0,0,0,0,0,0,0,0,0,0,0,0,0,0,0,0,0,0,0,0,931,658,633,995,620,616,1010,1009,1006,0,0,0,0,0,0
ft_base_0.02,video_000/clip_000,selected,5966,5874,5317,649,557,2,2,0,5798,5283,683,515,2,0,179,179,0,179,179,1,0,1,129,0,179,129,0,1,179,179,0,179,179,1,0,1,129,0,179,129,0,1,0,0,0,0,0,0,0,0,0,0,0,0,0,0,0,0,0,0,0,0,0,0,0,0,0,0,0,0,931,658,633,995,620,616,1010,1009,1006,0,0,0,0,0,0
ft_base_0.02,video_000/clip_007,associated,3775,3664,3660,115,4,2,2,0,3622,3620,155,2,2,0,547,352,0,547,352,2,0,2,352,0,547,352,0,2,0,0,0,0,0,0,0,0,0,0,0,0,0,0,352,352,0,352,352,1,0,1,352,0,352,352,0,1,195,0,0,195,0,1,0,1,0,0,195,0,0,1,550,454,450,652,641,626,617,615,594,143,0,139,135,137,135
ft_base_0.02,video_000/clip_007,selected,3775,3664,3660,115,4,2,2,0,3622,3620,155,2,2,0,547,352,0,547,352,2,0,2,352,0,547,352,0,2,0,0,0,0,0,0,0,0,0,0,0,0,0,0,352,352,0,352,352,1,0,1,352,0,352,352,0,1,195,0,0,195,0,1,0,1,0,0,195,0,0,1,550,454,450,652,641,626,617,615,594,143,0,139,135,137,135
ft_base_0.02,video_001/clip_001,associated,7624,7137,5976,1648,1161,2,2,0,6950,5881,1743,1069,2,0,3542,1132,319,3223,813,4,0,3,988,250,3292,738,0,3,216,216,0,216,216,1,0,1,216,0,216,216,0,1,2128,710,319,1809,391,2,0,1,566,250,1878,316,0,1,1198,206,0,1198,206,1,0,1,206,0,1198,206,0,1,1265,0,0,1253,1178,1110,1206,1206,1206,0,0,0,0,0,0
ft_base_0.02,video_001/clip_001,selected,7624,7137,5976,1648,1161,2,2,0,6950,5881,1743,1069,2,0,3542,1132,329,3213,803,4,0,3,988,254,3288,734,0,3,216,216,0,216,216,1,0,1,216,0,216,216,0,1,2128,710,329,1799,381,2,0,1,566,254,1874,312,0,1,1198,206,0,1198,206,1,0,1,206,0,1198,206,0,1,1265,0,0,1253,1178,1110,1206,1206,1206,0,0,0,0,0,0
ft_base_0.02,video_002/clip_013,associated,3193,3144,3068,125,76,2,2,0,3062,2983,210,79,2,0,186,2,0,186,2,1,0,1,2,0,186,2,0,1,0,0,0,0,0,0,0,0,0,0,0,0,0,0,0,0,0,0,0,0,0,0,0,0,0,0,0,0,186,2,0,186,2,1,0,1,2,0,186,2,0,1,524,486,486,530,443,361,534,534,531,0,0,0,0,0,0
ft_base_0.02,video_002/clip_013,selected,3193,3144,3068,125,76,2,2,0,3062,2983,210,79,2,0,186,2,0,186,2,1,0,1,2,0,186,2,0,1,0,0,0,0,0,0,0,0,0,0,0,0,0,0,0,0,0,0,0,0,0,0,0,0,0,0,0,0,186,2,0,186,2,1,0,1,2,0,186,2,0,1,524,486,486,530,443,361,534,534,531,0,0,0,0,0,0
ft_base_0.05,video_000/clip_000,selected,5966,5628,5525,441,103,2,2,0,5561,5459,507,102,2,0,179,175,0,179,175,1,0,1,129,0,179,129,0,1,179,175,0,179,175,1,0,1,129,0,179,129,0,1,0,0,0,0,0,0,0,0,0,0,0,0,0,0,0,0,0,0,0,0,0,0,0,0,0,0,0,0,931,561,548,995,927,879,1010,1010,1007,0,0,0,0,0,0
ft_base_0.05,video_000/clip_007,associated,3775,3512,3313,462,199,2,2,0,3478,3279,496,199,2,0,547,352,0,547,352,2,0,2,352,0,547,352,0,2,0,0,0,0,0,0,0,0,0,0,0,0,0,0,352,352,0,352,352,1,0,1,352,0,352,352,0,1,195,0,0,195,0,1,0,1,0,0,195,0,0,1,550,311,311,652,633,619,617,608,588,143,0,129,121,129,121
ft_base_0.05,video_000/clip_007,selected,3775,3512,3313,462,199,2,2,0,3478,3279,496,199,2,0,547,352,0,547,352,2,0,2,352,0,547,352,0,2,0,0,0,0,0,0,0,0,0,0,0,0,0,0,352,352,0,352,352,1,0,1,352,0,352,352,0,1,195,0,0,195,0,1,0,1,0,0,195,0,0,1,550,311,311,652,633,619,617,608,588,143,0,129,121,129,121
ft_base_0.05,video_001/clip_001,associated,7624,6704,5744,1880,960,2,2,0,6645,5699,1925,946,2,0,3542,427,21,3521,406,4,0,3,379,9,3533,370,0,3,216,216,0,216,216,1,0,1,216,0,216,216,0,1,2128,187,21,2107,166,2,0,1,139,9,2119,130,0,1,1198,24,0,1198,24,1,0,1,24,0,1198,24,0,1,1265,0,0,1253,1133,1092,1206,1206,1206,0,0,0,0,0,0
ft_base_0.05,video_001/clip_001,selected,7624,6704,5744,1880,960,2,2,0,6645,5699,1925,946,2,0,3542,427,22,3520,405,4,0,3,379,9,3533,370,0,3,216,216,0,216,216,1,0,1,216,0,216,216,0,1,2128,187,22,2106,165,2,0,1,139,9,2119,130,0,1,1198,24,0,1198,24,1,0,1,24,0,1198,24,0,1,1265,0,0,1253,1133,1092,1206,1206,1206,0,0,0,0,0,0
ft_base_0.05,video_002/clip_013,associated,3193,3079,2917,276,162,2,2,0,2993,2859,334,134,2,0,186,0,0,186,0,1,0,1,0,0,186,0,0,1,0,0,0,0,0,0,0,0,0,0,0,0,0,0,0,0,0,0,0,0,0,0,0,0,0,0,0,0,186,0,0,186,0,1,0,1,0,0,186,0,0,1,524,438,438,530,340,285,534,534,531,0,0,0,0,0,0
ft_base_0.05,video_002/clip_013,selected,3193,3079,2917,276,162,2,2,0,2993,2859,334,134,2,0,186,0,0,186,0,1,0,1,0,0,186,0,0,1,0,0,0,0,0,0,0,0,0,0,0,0,0,0,0,0,0,0,0,0,0,0,0,0,0,0,0,0,186,0,0,186,0,1,0,1,0,0,186,0,0,1,524,438,438,530,340,285,534,534,531,0,0,0,0,0,0
coco_fullframe_0.05,video_000/clip_000,associated,5966,5925,4018,1948,1907,2,2,0,5916,3985,1981,1931,2,0,179,178,0,179,178,1,0,1,178,0,179,178,0,1,179,178,0,179,178,1,0,1,178,0,179,178,0,1,0,0,0,0,0,0,0,0,0,0,0,0,0,0,0,0,0,0,0,0,0,0,0,0,0,0,0,0,931,501,472,995,535,531,1010,0,0,0,0,0,0,0,0
coco_fullframe_0.05,video_000/clip_000,selected,5966,5925,4018,1948,1907,2,2,0,5916,3985,1981,1931,2,0,179,178,0,179,178,1,0,1,178,0,179,178,0,1,179,178,0,179,178,1,0,1,178,0,179,178,0,1,0,0,0,0,0,0,0,0,0,0,0,0,0,0,0,0,0,0,0,0,0,0,0,0,0,0,0,0,931,501,472,995,535,531,1010,0,0,0,0,0,0,0,0
coco_fullframe_0.05,video_000/clip_007,associated,3775,3757,2931,844,826,2,2,0,3748,2883,892,865,2,0,547,546,0,547,546,2,0,2,546,0,547,546,0,2,0,0,0,0,0,0,0,0,0,0,0,0,0,0,352,351,0,352,351,1,0,1,351,0,352,351,0,1,195,195,0,195,195,1,0,1,195,0,195,195,0,1,550,239,231,652,316,296,617,538,536,143,0,143,49,143,49
coco_fullframe_0.05,video_000/clip_007,selected,3775,3757,2931,844,826,2,2,0,3748,2883,892,865,2,0,547,546,0,547,546,2,0,2,546,0,547,546,0,2,0,0,0,0,0,0,0,0,0,0,0,0,0,0,352,351,0,352,351,1,0,1,351,0,352,351,0,1,195,195,0,195,195,1,0,1,195,0,195,195,0,1,550,239,231,652,316,296,617,538,536,143,0,143,49,143,49
coco_fullframe_0.05,video_001/clip_001,associated,7624,7600,4611,3013,2989,2,1,0,7597,4566,3058,3031,1,0,3542,3540,2,3540,3538,4,0,3,3539,2,3540,3537,0,3,216,216,0,216,216,1,0,1,216,0,216,216,0,1,2128,2126,2,2126,2124,2,0,1,2125,2,2126,2123,0,1,1198,1198,0,1198,1198,1,0,1,1198,0,1198,1198,0,1,1265,0,0,1253,803,803,1206,682,675,0,0,0,0,0,0
coco_fullframe_0.05,video_001/clip_001,selected,7624,7600,4807,2817,2793,2,1,0,7597,4766,2858,2831,1,0,3542,3540,2,3540,3538,4,0,3,3539,2,3540,3537,0,3,216,216,0,216,216,1,0,1,216,0,216,216,0,1,2128,2126,2,2126,2124,2,0,1,2125,2,2126,2123,0,1,1198,1198,0,1198,1198,1,0,1,1198,0,1198,1198,0,1,1265,0,0,1253,803,803,1206,878,875,0,0,0,0,0,0
coco_fullframe_0.05,video_002/clip_013,associated,3193,3169,2524,669,645,2,2,0,3161,2509,684,652,2,0,186,186,0,186,186,1,0,1,186,0,186,186,0,1,0,0,0,0,0,0,0,0,0,0,0,0,0,0,0,0,0,0,0,0,0,0,0,0,0,0,0,0,186,186,0,186,186,1,0,1,186,0,186,186,0,1,524,351,348,530,346,334,534,355,355,0,0,0,0,0,0
coco_fullframe_0.05,video_002/clip_013,selected,3193,3169,2524,669,645,2,2,0,3161,2509,684,652,2,0,186,186,0,186,186,1,0,1,186,0,186,186,0,1,0,0,0,0,0,0,0,0,0,0,0,0,0,0,0,0,0,0,0,0,0,0,0,0,0,0,0,0,186,186,0,186,186,1,0,1,186,0,186,186,0,1,524,351,348,530,346,334,534,355,355,0,0,0,0,0,0
coco_fullframe_0.10,video_000/clip_000,associated,5966,5963,5214,752,749,2,2,0,5963,5202,764,761,2,0,179,179,0,179,179,1,0,1,179,0,179,179,0,1,179,179,0,179,179,1,0,1,179,0,179,179,0,1,0,0,0,0,0,0,0,0,0,0,0,0,0,0,0,0,0,0,0,0,0,0,0,0,0,0,0,0,931,667,657,995,988,988,1010,530,528,0,0,0,0,0,0
coco_fullframe_0.10,video_000/clip_000,selected,5966,5963,5214,752,749,2,2,0,5963,5202,764,761,2,0,179,179,0,179,179,1,0,1,179,0,179,179,0,1,179,179,0,179,179,1,0,1,179,0,179,179,0,1,0,0,0,0,0,0,0,0,0,0,0,0,0,0,0,0,0,0,0,0,0,0,0,0,0,0,0,0,931,667,657,995,988,988,1010,530,528,0,0,0,0,0,0
coco_fullframe_0.10,video_000/clip_007,selected,3775,3774,3101,674,673,2,2,0,3774,3093,682,681,2,0,547,547,0,547,547,2,0,2,547,0,547,547,0,2,0,0,0,0,0,0,0,0,0,0,0,0,0,0,352,352,0,352,352,1,0,1,352,0,352,352,0,1,195,195,0,195,195,1,0,1,195,0,195,195,0,1,550,269,265,652,325,322,617,554,553,143,0,143,111,143,109
coco_fullframe_0.10,video_001/clip_001,associated,7624,7622,6581,1043,1041,2,2,0,7622,6573,1051,1049,2,0,3542,3541,0,3542,3541,4,0,4,3541,0,3542,3541,0,4,216,216,0,216,216,1,0,1,216,0,216,216,0,1,2128,2127,0,2128,2127,2,0,2,2127,0,2128,2127,0,2,1198,1198,0,1198,1198,1,0,1,1198,0,1198,1198,0,1,1265,1165,1163,1253,840,838,1206,1188,1188,0,0,0,0,0,0
coco_fullframe_0.10,video_001/clip_001,selected,7624,7622,6581,1043,1041,2,2,0,7622,6575,1049,1047,2,0,3542,3541,0,3542,3541,4,0,4,3541,0,3542,3541,0,4,216,216,0,216,216,1,0,1,216,0,216,216,0,1,2128,2127,0,2128,2127,2,0,2,2127,0,2128,2127,0,2,1198,1198,0,1198,1198,1,0,1,1198,0,1198,1198,0,1,1265,1165,1165,1253,840,838,1206,1188,1188,0,0,0,0,0,0
coco_fullframe_0.10,video_002/clip_013,associated,3193,3192,3139,54,53,2,2,0,3192,3137,56,55,2,0,186,186,0,186,186,1,0,1,186,0,186,186,0,1,0,0,0,0,0,0,0,0,0,0,0,0,0,0,0,0,0,0,0,0,0,0,0,0,0,0,0,0,186,186,0,186,186,1,0,1,186,0,186,186,0,1,524,510,510,530,492,490,534,532,532,0,0,0,0,0,0
coco_fullframe_0.10,video_002/clip_013,selected,3193,3192,3149,44,43,2,2,0,3192,3149,44,43,2,0,186,186,0,186,186,1,0,1,186,0,186,186,0,1,0,0,0,0,0,0,0,0,0,0,0,0,0,0,0,0,0,0,0,0,0,0,0,0,0,0,0,0,186,186,0,186,186,1,0,1,186,0,186,186,0,1,524,520,520,530,492,492,534,532,532,0,0,0,0,0,0
coco_fullframe_0.30,video_000/clip_000,associated,5966,5966,5966,0,0,2,2,0,5965,5965,1,0,2,0,179,179,0,179,179,1,0,1,179,0,179,179,0,1,179,179,0,179,179,1,0,1,179,0,179,179,0,1,0,0,0,0,0,0,0,0,0,0,0,0,0,0,0,0,0,0,0,0,0,0,0,0,0,0,0,0,931,931,931,995,995,995,1010,1010,1009,0,0,0,0,0,0
coco_fullframe_0.30,video_000/clip_000,selected,5966,5966,5966,0,0,2,2,0,5965,5965,1,0,2,0,179,179,0,179,179,1,0,1,179,0,179,179,0,1,179,179,0,179,179,1,0,1,179,0,179,179,0,1,0,0,0,0,0,0,0,0,0,0,0,0,0,0,0,0,0,0,0,0,0,0,0,0,0,0,0,0,931,931,931,995,995,995,1010,1010,1009,0,0,0,0,0,0
coco_fullframe_0.30,video_000/clip_007,associated,3775,3775,3585,190,190,2,2,0,3775,3585,190,190,2,0,547,547,0,547,547,2,0,2,547,0,547,547,0,2,0,0,0,0,0,0,0,0,0,0,0,0,0,0,352,352,0,352,352,1,0,1,352,0,352,352,0,1,195,195,0,195,195,1,0,1,195,0,195,195,0,1,550,387,387,652,630,630,617,612,612,143,0,143,123,143,123
coco_fullframe_0.30,video_000/clip_007,selected,3775,3775,3587,188,188,2,2,0,3775,3587,188,188,2,0,547,547,0,547,547,2,0,2,547,0,547,547,0,2,0,0,0,0,0,0,0,0,0,0,0,0,0,0,352,352,0,352,352,1,0,1,352,0,352,352,0,1,195,195,0,195,195,1,0,1,195,0,195,195,0,1,550,387,387,652,630,630,617,614,614,143,0,143,123,143,123
coco_fullframe_0.30,video_001/clip_001,associated,7624,7624,7132,492,492,2,2,0,7624,7132,492,492,2,0,3542,3542,3,3539,3539,4,0,3,3542,3,3539,3539,0,3,216,216,0,216,216,1,0,1,216,0,216,216,0,1,2128,2128,3,2125,2125,2,0,1,2128,3,2125,2125,0,1,1198,1198,0,1198,1198,1,0,1,1198,0,1198,1198,0,1,1265,1265,1265,1253,958,958,1206,1206,1206,0,0,0,0,0,0
coco_fullframe_0.30,video_001/clip_001,selected,7624,7624,7132,492,492,2,2,0,7624,7132,492,492,2,0,3542,3542,3,3539,3539,4,0,3,3542,3,3539,3539,0,3,216,216,0,216,216,1,0,1,216,0,216,216,0,1,2128,2128,3,2125,2125,2,0,1,2128,3,2125,2125,0,1,1198,1198,0,1198,1198,1,0,1,1198,0,1198,1198,0,1,1265,1265,1265,1253,958,958,1206,1206,1206,0,0,0,0,0,0
coco_fullframe_0.30,video_002/clip_013,associated,3193,3193,3158,35,35,2,2,0,3193,3158,35,35,2,0,186,186,0,186,186,1,0,1,186,0,186,186,0,1,0,0,0,0,0,0,0,0,0,0,0,0,0,0,0,0,0,0,0,0,0,0,0,0,0,0,0,0,186,186,0,186,186,1,0,1,186,0,186,186,0,1,524,524,524,530,495,495,534,534,534,0,0,0,0,0,0
coco_fullframe_0.30,video_002/clip_013,selected,3193,3193,3158,35,35,2,2,0,3193,3158,35,35,2,0,186,186,0,186,186,1,0,1,186,0,186,186,0,1,0,0,0,0,0,0,0,0,0,0,0,0,0,0,0,0,0,0,0,0,0,0,0,0,0,0,0,0,186,186,0,186,186,1,0,1,186,0,186,186,0,1,524,524,524,530,495,495,534,534,534,0,0,0,0,0,0
union_fullframe_0.30,video_000/clip_000,associated,5966,5966,5830,136,136,2,2,0,5958,5812,154,146,2,0,179,179,0,179,179,1,0,1,177,0,179,177,0,1,179,179,0,179,179,1,0,1,177,0,179,177,0,1,0,0,0,0,0,0,0,0,0,0,0,0,0,0,0,0,0,0,0,0,0,0,0,0,0,0,0,0,931,931,931,995,859,845,1010,1010,1007,0,0,0,0,0,0
union_fullframe_0.30,video_000/clip_000,selected,5966,5966,5830,136,136,2,2,0,5958,5812,154,146,2,0,179,179,0,179,179,1,0,1,177,0,179,177,0,1,179,179,0,179,179,1,0,1,177,0,179,177,0,1,0,0,0,0,0,0,0,0,0,0,0,0,0,0,0,0,0,0,0,0,0,0,0,0,0,0,0,0,931,931,931,995,859,845,1010,1010,1007,0,0,0,0,0,0
union_fullframe_0.30,video_000/clip_007,associated,3775,3775,3688,87,87,2,2,0,3769,3667,108,102,2,0,547,547,0,547,547,2,0,2,547,0,547,547,0,2,0,0,0,0,0,0,0,0,0,0,0,0,0,0,352,352,0,352,352,1,0,1,352,0,352,352,0,1,195,195,0,195,195,1,0,1,195,0,195,195,0,1,550,550,550,652,637,634,617,545,527,143,0,143,143,143,143
union_fullframe_0.30,video_000/clip_007,selected,3775,3775,3688,87,87,2,2,0,3769,3667,108,102,2,0,547,547,0,547,547,2,0,2,547,0,547,547,0,2,0,0,0,0,0,0,0,0,0,0,0,0,0,0,352,352,0,352,352,1,0,1,352,0,352,352,0,1,195,195,0,195,195,1,0,1,195,0,195,195,0,1,550,550,550,652,637,634,617,545,527,143,0,143,143,143,143
union_fullframe_0.30,video_001/clip_001,associated,7624,7620,7134,490,486,2,2,0,7614,7128,496,486,2,0,3542,3537,8,3534,3529,4,0,3,3537,5,3537,3532,0,3,216,216,0,216,216,1,0,1,216,0,216,216,0,1,2128,2123,8,2120,2115,2,0,1,2123,5,2123,2118,0,1,1198,1198,0,1198,1198,1,0,1,1198,0,1198,1198,0,1,1265,1263,1263,1253,951,946,1206,1206,1206,0,0,0,0,0,0
union_fullframe_0.30,video_001/clip_001,selected,7624,7620,7134,490,486,2,2,0,7614,7128,496,486,2,0,3542,3537,8,3534,3529,4,0,3,3537,5,3537,3532,0,3,216,216,0,216,216,1,0,1,216,0,216,216,0,1,2128,2123,8,2120,2115,2,0,1,2123,5,2123,2118,0,1,1198,1198,0,1198,1198,1,0,1,1198,0,1198,1198,0,1,1265,1263,1263,1253,951,946,1206,1206,1206,0,0,0,0,0,0
union_fullframe_0.30,video_002/clip_013,associated,3193,3193,3135,58,58,2,2,0,3181,3077,116,104,2,0,186,186,0,186,186,1,0,1,186,0,186,186,0,1,0,0,0,0,0,0,0,0,0,0,0,0,0,0,0,0,0,0,0,0,0,0,0,0,0,0,0,0,186,186,0,186,186,1,0,1,186,0,186,186,0,1,524,524,524,530,472,417,534,534,531,0,0,0,0,0,0
union_fullframe_0.30,video_002/clip_013,selected,3193,3193,3135,58,58,2,2,0,3181,3077,116,104,2,0,186,186,0,186,186,1,0,1,186,0,186,186,0,1,0,0,0,0,0,0,0,0,0,0,0,0,0,0,0,0,0,0,0,0,0,0,0,0,0,0,0,0,186,186,0,186,186,1,0,1,186,0,186,186,0,1,524,524,524,530,472,417,534,534,531,0,0,0,0,0,0
