source,stage,clip,person,player_units,player_tracked_03,player_kept_03,player_excluded_03,player_rejected_among_tracked_03,player_identities,player_identities_kept50_03,player_identities_rejected_all_03,player_tracked_05,player_kept_05,player_excluded_05,player_rejected_among_tracked_05,player_identities_kept50_05,player_identities_rejected_all_05,non_player_units,non_player_tracked_03,non_player_kept_03,non_player_excluded_03,non_player_rejected_among_tracked_03,non_player_identities,non_player_identities_kept50_03,non_player_identities_rejected_all_03,non_player_tracked_05,non_player_kept_05,non_player_excluded_05,non_player_rejected_among_tracked_05,non_player_identities_kept50_05,non_player_identities_rejected_all_05,adjacent_court_units,adjacent_court_tracked_03,adjacent_court_kept_03,adjacent_court_excluded_03,adjacent_court_rejected_among_tracked_03,adjacent_court_identities,adjacent_court_identities_kept50_03,adjacent_court_identities_rejected_all_03,adjacent_court_tracked_05,adjacent_court_kept_05,adjacent_court_excluded_05,adjacent_court_rejected_among_tracked_05,adjacent_court_identities_kept50_05,adjacent_court_identities_rejected_all_05,off_court_units,off_court_tracked_03,off_court_kept_03,off_court_excluded_03,off_court_rejected_among_tracked_03,off_court_identities,off_court_identities_kept50_03,off_court_identities_rejected_all_03,off_court_tracked_05,off_court_kept_05,off_court_excluded_05,off_court_rejected_among_tracked_05,off_court_identities_kept50_05,off_court_identities_rejected_all_05,nonperson_units,nonperson_tracked_03,nonperson_kept_03,nonperson_excluded_03,nonperson_rejected_among_tracked_03,nonperson_identities,nonperson_identities_kept50_03,nonperson_identities_rejected_all_03,nonperson_tracked_05,nonperson_kept_05,nonperson_excluded_05,nonperson_rejected_among_tracked_05,nonperson_identities_kept50_05,nonperson_identities_rejected_all_05,cam0_far_reference_frames,cam0_far_covered_03,cam0_far_covered_05,cam1_far_reference_frames,cam1_far_covered_03,cam1_far_covered_05,cam2_far_reference_frames,cam2_far_covered_03,cam2_far_covered_05,player_wide_units,player_ground_unknown_units,player_wide_tracked_03,player_wide_kept_03,player_wide_tracked_05,player_wide_kept_05
ft_base_0.01,associated,video_000/clip_007,A,1955,1953,1873,82,80,1,1,0,1933,1855,100,78,1,0,0,0,0,0,0,0,0,0,0,0,0,0,0,0,0,0,0,0,0,0,0,0,0,0,0,0,0,0,0,0,0,0,0,0,0,0,0,0,0,0,0,0,0,0,0,0,0,0,0,0,0,0,0,0,0,0,0,0,0,0,0,0,617,536,518,0,0,0,0,0,0
ft_base_0.01,associated,video_000/clip_007,B,1820,1793,1485,335,308,1,1,0,1748,1433,387,315,1,0,0,0,0,0,0,0,0,0,0,0,0,0,0,0,0,0,0,0,0,0,0,0,0,0,0,0,0,0,0,0,0,0,0,0,0,0,0,0,0,0,0,0,0,0,0,0,0,0,0,0,0,0,0,0,0,0,550,530,502,652,517,499,0,0,0,143,0,143,141,143,139
ft_base_0.01,associated,video_000/clip_007,X1,0,0,0,0,0,0,0,0,0,0,0,0,0,0,352,352,0,352,352,1,0,1,352,0,352,352,0,1,0,0,0,0,0,0,0,0,0,0,0,0,0,0,352,352,0,352,352,1,0,1,352,0,352,352,0,1,0,0,0,0,0,0,0,0,0,0,0,0,0,0,0,0,0,0,0,0,0,0,0,0,0,0,0,0,0
ft_base_0.01,associated,video_000/clip_007,X2,0,0,0,0,0,0,0,0,0,0,0,0,0,0,195,25,0,195,25,1,0,1,25,0,195,25,0,1,0,0,0,0,0,0,0,0,0,0,0,0,0,0,0,0,0,0,0,0,0,0,0,0,0,0,0,0,195,25,0,195,25,1,0,1,25,0,195,25,0,1,0,0,0,0,0,0,0,0,0,0,0,0,0,0,0
ft_base_0.01,associated,video_001/clip_001,A,3900,3896,3785,115,111,1,1,0,3895,3785,115,110,1,0,0,0,0,0,0,0,0,0,0,0,0,0,0,0,0,0,0,0,0,0,0,0,0,0,0,0,0,0,0,0,0,0,0,0,0,0,0,0,0,0,0,0,0,0,0,0,0,0,0,0,0,0,0,0,0,0,0,0,0,0,0,0,1206,1206,1206,0,0,0,0,0,0
ft_base_0.01,associated,video_001/clip_001,B,3724,3477,2497,1227,980,1,1,0,3236,2374,1350,862,1,0,0,0,0,0,0,0,0,0,0,0,0,0,0,0,0,0,0,0,0,0,0,0,0,0,0,0,0,0,0,0,0,0,0,0,0,0,0,0,0,0,0,0,0,0,0,0,0,0,0,0,0,0,0,0,0,0,1265,787,668,1253,890,888,0,0,0,0,0,0,0,0,0
ft_base_0.01,associated,video_001/clip_001,X1,0,0,0,0,0,0,0,0,0,0,0,0,0,0,2074,1477,0,2074,1477,1,0,1,1259,0,2074,1259,0,1,0,0,0,0,0,0,0,0,0,0,0,0,0,0,2074,1477,0,2074,1477,1,0,1,1259,0,2074,1259,0,1,0,0,0,0,0,0,0,0,0,0,0,0,0,0,0,0,0,0,0,0,0,0,0,0,0,0,0,0,0
ft_base_0.01,associated,video_001/clip_001,X2,0,0,0,0,0,0,0,0,0,0,0,0,0,0,216,216,0,216,216,1,0,1,216,0,216,216,0,1,216,216,0,216,216,1,0,1,216,0,216,216,0,1,0,0,0,0,0,0,0,0,0,0,0,0,0,0,0,0,0,0,0,0,0,0,0,0,0,0,0,0,0,0,0,0,0,0,0,0,0,0,0,0,0,0,0
ft_base_0.01,associated,video_001/clip_001,X3,0,0,0,0,0,0,0,0,0,0,0,0,0,0,1198,524,0,1198,524,1,0,1,524,0,1198,524,0,1,0,0,0,0,0,0,0,0,0,0,0,0,0,0,0,0,0,0,0,0,0,0,0,0,0,0,0,0,1198,524,0,1198,524,1,0,1,524,0,1198,524,0,1,0,0,0,0,0,0,0,0,0,0,0,0,0,0,0
ft_base_0.01,associated,video_001/clip_001,X4,0,0,0,0,0,0,0,0,0,0,0,0,0,0,54,29,0,54,29,1,0,1,0,0,54,0,0,1,0,0,0,0,0,0,0,0,0,0,0,0,0,0,54,29,0,54,29,1,0,1,0,0,54,0,0,1,0,0,0,0,0,0,0,0,0,0,0,0,0,0,0,0,0,0,0,0,0,0,0,0,0,0,0,0,0
ft_base_0.01,associated,video_002/clip_013,A,1604,1604,1597,7,7,1,1,0,1601,1594,10,7,1,0,0,0,0,0,0,0,0,0,0,0,0,0,0,0,0,0,0,0,0,0,0,0,0,0,0,0,0,0,0,0,0,0,0,0,0,0,0,0,0,0,0,0,0,0,0,0,0,0,0,0,0,0,0,0,0,0,0,0,0,0,0,0,534,534,531,0,0,0,0,0,0
ft_base_0.01,associated,video_002/clip_013,B,1589,1571,1414,175,157,1,1,0,1500,1371,218,129,1,0,0,0,0,0,0,0,0,0,0,0,0,0,0,0,0,0,0,0,0,0,0,0,0,0,0,0,0,0,0,0,0,0,0,0,0,0,0,0,0,0,0,0,0,0,0,0,0,0,0,0,0,0,0,0,0,0,524,505,503,530,374,333,0,0,0,0,0,0,0,0,0
ft_base_0.01,associated,video_002/clip_013,X1,0,0,0,0,0,0,0,0,0,0,0,0,0,0,186,55,0,186,55,1,0,1,52,0,186,52,0,1,0,0,0,0,0,0,0,0,0,0,0,0,0,0,0,0,0,0,0,0,0,0,0,0,0,0,0,0,186,55,0,186,55,1,0,1,52,0,186,52,0,1,0,0,0,0,0,0,0,0,0,0,0,0,0,0,0
ft_base_0.01,selected,video_000/clip_000,A,3030,3029,3028,2,1,1,1,0,3024,3023,7,1,1,0,0,0,0,0,0,0,0,0,0,0,0,0,0,0,0,0,0,0,0,0,0,0,0,0,0,0,0,0,0,0,0,0,0,0,0,0,0,0,0,0,0,0,0,0,0,0,0,0,0,0,0,0,0,0,0,0,0,0,0,0,0,0,1010,1009,1006,0,0,0,0,0,0
ft_base_0.01,selected,video_000/clip_000,B,2936,2923,2577,359,346,1,1,0,2864,2490,446,374,1,0,0,0,0,0,0,0,0,0,0,0,0,0,0,0,0,0,0,0,0,0,0,0,0,0,0,0,0,0,0,0,0,0,0,0,0,0,0,0,0,0,0,0,0,0,0,0,0,0,0,0,0,0,0,0,0,0,931,649,648,995,918,832,0,0,0,0,0,0,0,0,0
ft_base_0.01,selected,video_000/clip_000,X1,0,0,0,0,0,0,0,0,0,0,0,0,0,0,179,179,0,179,179,1,0,1,129,0,179,129,0,1,179,179,0,179,179,1,0,1,129,0,179,129,0,1,0,0,0,0,0,0,0,0,0,0,0,0,0,0,0,0,0,0,0,0,0,0,0,0,0,0,0,0,0,0,0,0,0,0,0,0,0,0,0,0,0,0,0
ft_base_0.01,selected,video_000/clip_007,A,1955,1953,1873,82,80,1,1,0,1933,1855,100,78,1,0,0,0,0,0,0,0,0,0,0,0,0,0,0,0,0,0,0,0,0,0,0,0,0,0,0,0,0,0,0,0,0,0,0,0,0,0,0,0,0,0,0,0,0,0,0,0,0,0,0,0,0,0,0,0,0,0,0,0,0,0,0,0,617,536,518,0,0,0,0,0,0
ft_base_0.01,selected,video_000/clip_007,B,1820,1793,1485,335,308,1,1,0,1748,1433,387,315,1,0,0,0,0,0,0,0,0,0,0,0,0,0,0,0,0,0,0,0,0,0,0,0,0,0,0,0,0,0,0,0,0,0,0,0,0,0,0,0,0,0,0,0,0,0,0,0,0,0,0,0,0,0,0,0,0,0,550,530,502,652,517,499,0,0,0,143,0,143,141,143,139
ft_base_0.01,selected,video_000/clip_007,X1,0,0,0,0,0,0,0,0,0,0,0,0,0,0,352,352,0,352,352,1,0,1,352,0,352,352,0,1,0,0,0,0,0,0,0,0,0,0,0,0,0,0,352,352,0,352,352,1,0,1,352,0,352,352,0,1,0,0,0,0,0,0,0,0,0,0,0,0,0,0,0,0,0,0,0,0,0,0,0,0,0,0,0,0,0
ft_base_0.01,selected,video_000/clip_007,X2,0,0,0,0,0,0,0,0,0,0,0,0,0,0,195,25,0,195,25,1,0,1,25,0,195,25,0,1,0,0,0,0,0,0,0,0,0,0,0,0,0,0,0,0,0,0,0,0,0,0,0,0,0,0,0,0,195,25,0,195,25,1,0,1,25,0,195,25,0,1,0,0,0,0,0,0,0,0,0,0,0,0,0,0,0
ft_base_0.01,selected,video_001/clip_001,A,3900,3896,3785,115,111,1,1,0,3895,3785,115,110,1,0,0,0,0,0,0,0,0,0,0,0,0,0,0,0,0,0,0,0,0,0,0,0,0,0,0,0,0,0,0,0,0,0,0,0,0,0,0,0,0,0,0,0,0,0,0,0,0,0,0,0,0,0,0,0,0,0,0,0,0,0,0,0,1206,1206,1206,0,0,0,0,0,0
ft_base_0.01,selected,video_001/clip_001,B,3724,3477,2562,1162,915,1,1,0,3236,2412,1312,824,1,0,0,0,0,0,0,0,0,0,0,0,0,0,0,0,0,0,0,0,0,0,0,0,0,0,0,0,0,0,0,0,0,0,0,0,0,0,0,0,0,0,0,0,0,0,0,0,0,0,0,0,0,0,0,0,0,0,1265,852,706,1253,890,888,0,0,0,0,0,0,0,0,0
ft_base_0.01,selected,video_001/clip_001,X1,0,0,0,0,0,0,0,0,0,0,0,0,0,0,2074,1477,636,1438,841,1,0,0,1259,415,1659,844,0,0,0,0,0,0,0,0,0,0,0,0,0,0,0,0,2074,1477,636,1438,841,1,0,0,1259,415,1659,844,0,0,0,0,0,0,0,0,0,0,0,0,0,0,0,0,0,0,0,0,0,0,0,0,0,0,0,0,0,0,0
ft_base_0.01,selected,video_001/clip_001,X2,0,0,0,0,0,0,0,0,0,0,0,0,0,0,216,216,0,216,216,1,0,1,216,0,216,216,0,1,216,216,0,216,216,1,0,1,216,0,216,216,0,1,0,0,0,0,0,0,0,0,0,0,0,0,0,0,0,0,0,0,0,0,0,0,0,0,0,0,0,0,0,0,0,0,0,0,0,0,0,0,0,0,0,0,0
ft_base_0.01,selected,video_001/clip_001,X3,0,0,0,0,0,0,0,0,0,0,0,0,0,0,1198,524,0,1198,524,1,0,1,524,0,1198,524,0,1,0,0,0,0,0,0,0,0,0,0,0,0,0,0,0,0,0,0,0,0,0,0,0,0,0,0,0,0,1198,524,0,1198,524,1,0,1,524,0,1198,524,0,1,0,0,0,0,0,0,0,0,0,0,0,0,0,0,0
ft_base_0.01,selected,video_001/clip_001,X4,0,0,0,0,0,0,0,0,0,0,0,0,0,0,54,29,0,54,29,1,0,1,0,0,54,0,0,1,0,0,0,0,0,0,0,0,0,0,0,0,0,0,54,29,0,54,29,1,0,1,0,0,54,0,0,1,0,0,0,0,0,0,0,0,0,0,0,0,0,0,0,0,0,0,0,0,0,0,0,0,0,0,0,0,0
ft_base_0.01,selected,video_002/clip_013,A,1604,1604,1597,7,7,1,1,0,1601,1594,10,7,1,0,0,0,0,0,0,0,0,0,0,0,0,0,0,0,0,0,0,0,0,0,0,0,0,0,0,0,0,0,0,0,0,0,0,0,0,0,0,0,0,0,0,0,0,0,0,0,0,0,0,0,0,0,0,0,0,0,0,0,0,0,0,0,534,534,531,0,0,0,0,0,0
ft_base_0.01,selected,video_002/clip_013,B,1589,1571,1416,173,155,1,1,0,1500,1375,214,125,1,0,0,0,0,0,0,0,0,0,0,0,0,0,0,0,0,0,0,0,0,0,0,0,0,0,0,0,0,0,0,0,0,0,0,0,0,0,0,0,0,0,0,0,0,0,0,0,0,0,0,0,0,0,0,0,0,0,524,507,507,530,374,333,0,0,0,0,0,0,0,0,0
ft_base_0.01,selected,video_002/clip_013,X1,0,0,0,0,0,0,0,0,0,0,0,0,0,0,186,55,0,186,55,1,0,1,52,0,186,52,0,1,0,0,0,0,0,0,0,0,0,0,0,0,0,0,0,0,0,0,0,0,0,0,0,0,0,0,0,0,186,55,0,186,55,1,0,1,52,0,186,52,0,1,0,0,0,0,0,0,0,0,0,0,0,0,0,0,0
ft_base_0.02,associated,video_000/clip_000,A,3030,3030,3029,1,1,1,1,0,3025,3024,6,1,1,0,0,0,0,0,0,0,0,0,0,0,0,0,0,0,0,0,0,0,0,0,0,0,0,0,0,0,0,0,0,0,0,0,0,0,0,0,0,0,0,0,0,0,0,0,0,0,0,0,0,0,0,0,0,0,0,0,0,0,0,0,0,0,1010,1009,1006,0,0,0,0,0,0
ft_base_0.02,associated,video_000/clip_000,B,2936,2844,2288,648,556,1,1,0,2773,2259,677,514,1,0,0,0,0,0,0,0,0,0,0,0,0,0,0,0,0,0,0,0,0,0,0,0,0,0,0,0,0,0,0,0,0,0,0,0,0,0,0,0,0,0,0,0,0,0,0,0,0,0,0,0,0,0,0,0,0,0,931,658,633,995,620,616,0,0,0,0,0,0,0,0,0
ft_base_0.02,associated,video_000/clip_000,X1,0,0,0,0,0,0,0,0,0,0,0,0,0,0,179,179,0,179,179,1,0,1,129,0,179,129,0,1,179,179,0,179,179,1,0,1,129,0,179,129,0,1,0,0,0,0,0,0,0,0,0,0,0,0,0,0,0,0,0,0,0,0,0,0,0,0,0,0,0,0,0,0,0,0,0,0,0,0,0,0,0,0,0,0,0
ft_base_0.02,associated,video_000/clip_007,A,1955,1953,1953,2,0,1,1,0,1932,1932,23,0,1,0,0,0,0,0,0,0,0,0,0,0,0,0,0,0,0,0,0,0,0,0,0,0,0,0,0,0,0,0,0,0,0,0,0,0,0,0,0,0,0,0,0,0,0,0,0,0,0,0,0,0,0,0,0,0,0,0,0,0,0,0,0,0,617,615,594,0,0,0,0,0,0
ft_base_0.02,associated,video_000/clip_007,B,1820,1711,1707,113,4,1,1,0,1690,1688,132,2,1,0,0,0,0,0,0,0,0,0,0,0,0,0,0,0,0,0,0,0,0,0,0,0,0,0,0,0,0,0,0,0,0,0,0,0,0,0,0,0,0,0,0,0,0,0,0,0,0,0,0,0,0,0,0,0,0,0,550,454,450,652,641,626,0,0,0,143,0,139,135,137,135
ft_base_0.02,associated,video_000/clip_007,X1,0,0,0,0,0,0,0,0,0,0,0,0,0,0,352,352,0,352,352,1,0,1,352,0,352,352,0,1,0,0,0,0,0,0,0,0,0,0,0,0,0,0,352,352,0,352,352,1,0,1,352,0,352,352,0,1,0,0,0,0,0,0,0,0,0,0,0,0,0,0,0,0,0,0,0,0,0,0,0,0,0,0,0,0,0
ft_base_0.02,associated,video_000/clip_007,X2,0,0,0,0,0,0,0,0,0,0,0,0,0,0,195,0,0,195,0,1,0,1,0,0,195,0,0,1,0,0,0,0,0,0,0,0,0,0,0,0,0,0,0,0,0,0,0,0,0,0,0,0,0,0,0,0,195,0,0,195,0,1,0,1,0,0,195,0,0,1,0,0,0,0,0,0,0,0,0,0,0,0,0,0,0
ft_base_0.02,associated,video_001/clip_001,A,3900,3898,3787,113,111,1,1,0,3898,3787,113,111,1,0,0,0,0,0,0,0,0,0,0,0,0,0,0,0,0,0,0,0,0,0,0,0,0,0,0,0,0,0,0,0,0,0,0,0,0,0,0,0,0,0,0,0,0,0,0,0,0,0,0,0,0,0,0,0,0,0,0,0,0,0,0,0,1206,1206,1206,0,0,0,0,0,0
ft_base_0.02,associated,video_001/clip_001,B,3724,3239,2189,1535,1050,1,1,0,3052,2094,1630,958,1,0,0,0,0,0,0,0,0,0,0,0,0,0,0,0,0,0,0,0,0,0,0,0,0,0,0,0,0,0,0,0,0,0,0,0,0,0,0,0,0,0,0,0,0,0,0,0,0,0,0,0,0,0,0,0,0,0,1265,0,0,1253,1178,1110,0,0,0,0,0,0,0,0,0
ft_base_0.02,associated,video_001/clip_001,X1,0,0,0,0,0,0,0,0,0,0,0,0,0,0,2074,685,319,1755,366,1,0,0,566,250,1824,316,0,0,0,0,0,0,0,0,0,0,0,0,0,0,0,0,2074,685,319,1755,366,1,0,0,566,250,1824,316,0,0,0,0,0,0,0,0,0,0,0,0,0,0,0,0,0,0,0,0,0,0,0,0,0,0,0,0,0,0,0
ft_base_0.02,associated,video_001/clip_001,X2,0,0,0,0,0,0,0,0,0,0,0,0,0,0,216,216,0,216,216,1,0,1,216,0,216,216,0,1,216,216,0,216,216,1,0,1,216,0,216,216,0,1,0,0,0,0,0,0,0,0,0,0,0,0,0,0,0,0,0,0,0,0,0,0,0,0,0,0,0,0,0,0,0,0,0,0,0,0,0,0,0,0,0,0,0
ft_base_0.02,associated,video_001/clip_001,X3,0,0,0,0,0,0,0,0,0,0,0,0,0,0,1198,206,0,1198,206,1,0,1,206,0,1198,206,0,1,0,0,0,0,0,0,0,0,0,0,0,0,0,0,0,0,0,0,0,0,0,0,0,0,0,0,0,0,1198,206,0,1198,206,1,0,1,206,0,1198,206,0,1,0,0,0,0,0,0,0,0,0,0,0,0,0,0,0
ft_base_0.02,associated,video_001/clip_001,X4,0,0,0,0,0,0,0,0,0,0,0,0,0,0,54,25,0,54,25,1,0,1,0,0,54,0,0,1,0,0,0,0,0,0,0,0,0,0,0,0,0,0,54,25,0,54,25,1,0,1,0,0,54,0,0,1,0,0,0,0,0,0,0,0,0,0,0,0,0,0,0,0,0,0,0,0,0,0,0,0,0,0,0,0,0
ft_base_0.02,associated,video_002/clip_013,A,1604,1604,1604,0,0,1,1,0,1601,1601,3,0,1,0,0,0,0,0,0,0,0,0,0,0,0,0,0,0,0,0,0,0,0,0,0,0,0,0,0,0,0,0,0,0,0,0,0,0,0,0,0,0,0,0,0,0,0,0,0,0,0,0,0,0,0,0,0,0,0,0,0,0,0,0,0,0,534,534,531,0,0,0,0,0,0
ft_base_0.02,associated,video_002/clip_013,B,1589,1540,1464,125,76,1,1,0,1461,1382,207,79,1,0,0,0,0,0,0,0,0,0,0,0,0,0,0,0,0,0,0,0,0,0,0,0,0,0,0,0,0,0,0,0,0,0,0,0,0,0,0,0,0,0,0,0,0,0,0,0,0,0,0,0,0,0,0,0,0,0,524,486,486,530,443,361,0,0,0,0,0,0,0,0,0
ft_base_0.02,associated,video_002/clip_013,X1,0,0,0,0,0,0,0,0,0,0,0,0,0,0,186,2,0,186,2,1,0,1,2,0,186,2,0,1,0,0,0,0,0,0,0,0,0,0,0,0,0,0,0,0,0,0,0,0,0,0,0,0,0,0,0,0,186,2,0,186,2,1,0,1,2,0,186,2,0,1,0,0,0,0,0,0,0,0,0,0,0,0,0,0,0
ft_base_0.02,selected,video_000/clip_000,A,3030,3030,3029,1,1,1,1,0,3025,3024,6,1,1,0,0,0,0,0,0,0,0,0,0,0,0,0,0,0,0,0,0,0,0,0,0,0,0,0,0,0,0,0,0,0,0,0,0,0,0,0,0,0,0,0,0,0,0,0,0,0,0,0,0,0,0,0,0,0,0,0,0,0,0,0,0,0,1010,1009,1006,0,0,0,0,0,0
ft_base_0.02,selected,video_000/clip_000,B,2936,2844,2288,648,556,1,1,0,2773,2259,677,514,1,0,0,0,0,0,0,0,0,0,0,0,0,0,0,0,0,0,0,0,0,0,0,0,0,0,0,0,0,0,0,0,0,0,0,0,0,0,0,0,0,0,0,0,0,0,0,0,0,0,0,0,0,0,0,0,0,0,931,658,633,995,620,616,0,0,0,0,0,0,0,0,0
ft_base_0.02,selected,video_000/clip_000,X1,0,0,0,0,0,0,0,0,0,0,0,0,0,0,179,179,0,179,179,1,0,1,129,0,179,129,0,1,179,179,0,179,179,1,0,1,129,0,179,129,0,1,0,0,0,0,0,0,0,0,0,0,0,0,0,0,0,0,0,0,0,0,0,0,0,0,0,0,0,0,0,0,0,0,0,0,0,0,0,0,0,0,0,0,0
ft_base_0.02,selected,video_000/clip_007,A,1955,1953,1953,2,0,1,1,0,1932,1932,23,0,1,0,0,0,0,0,0,0,0,0,0,0,0,0,0,0,0,0,0,0,0,0,0,0,0,0,0,0,0,0,0,0,0,0,0,0,0,0,0,0,0,0,0,0,0,0,0,0,0,0,0,0,0,0,0,0,0,0,0,0,0,0,0,0,617,615,594,0,0,0,0,0,0
ft_base_0.02,selected,video_000/clip_007,B,1820,1711,1707,113,4,1,1,0,1690,1688,132,2,1,0,0,0,0,0,0,0,0,0,0,0,0,0,0,0,0,0,0,0,0,0,0,0,0,0,0,0,0,0,0,0,0,0,0,0,0,0,0,0,0,0,0,0,0,0,0,0,0,0,0,0,0,0,0,0,0,0,550,454,450,652,641,626,0,0,0,143,0,139,135,137,135
ft_base_0.02,selected,video_000/clip_007,X1,0,0,0,0,0,0,0,0,0,0,0,0,0,0,352,352,0,352,352,1,0,1,352,0,352,352,0,1,0,0,0,0,0,0,0,0,0,0,0,0,0,0,352,352,0,352,352,1,0,1,352,0,352,352,0,1,0,0,0,0,0,0,0,0,0,0,0,0,0,0,0,0,0,0,0,0,0,0,0,0,0,0,0,0,0
ft_base_0.02,selected,video_000/clip_007,X2,0,0,0,0,0,0,0,0,0,0,0,0,0,0,195,0,0,195,0,1,0,1,0,0,195,0,0,1,0,0,0,0,0,0,0,0,0,0,0,0,0,0,0,0,0,0,0,0,0,0,0,0,0,0,0,0,195,0,0,195,0,1,0,1,0,0,195,0,0,1,0,0,0,0,0,0,0,0,0,0,0,0,0,0,0
ft_base_0.02,selected,video_001/clip_001,A,3900,3898,3787,113,111,1,1,0,3898,3787,113,111,1,0,0,0,0,0,0,0,0,0,0,0,0,0,0,0,0,0,0,0,0,0,0,0,0,0,0,0,0,0,0,0,0,0,0,0,0,0,0,0,0,0,0,0,0,0,0,0,0,0,0,0,0,0,0,0,0,0,0,0,0,0,0,0,1206,1206,1206,0,0,0,0,0,0
ft_base_0.02,selected,video_001/clip_001,B,3724,3239,2189,1535,1050,1,1,0,3052,2094,1630,958,1,0,0,0,0,0,0,0,0,0,0,0,0,0,0,0,0,0,0,0,0,0,0,0,0,0,0,0,0,0,0,0,0,0,0,0,0,0,0,0,0,0,0,0,0,0,0,0,0,0,0,0,0,0,0,0,0,0,1265,0,0,1253,1178,1110,0,0,0,0,0,0,0,0,0
ft_base_0.02,selected,video_001/clip_001,X1,0,0,0,0,0,0,0,0,0,0,0,0,0,0,2074,685,329,1745,356,1,0,0,566,254,1820,312,0,0,0,0,0,0,0,0,0,0,0,0,0,0,0,0,2074,685,329,1745,356,1,0,0,566,254,1820,312,0,0,0,0,0,0,0,0,0,0,0,0,0,0,0,0,0,0,0,0,0,0,0,0,0,0,0,0,0,0,0
ft_base_0.02,selected,video_001/clip_001,X2,0,0,0,0,0,0,0,0,0,0,0,0,0,0,216,216,0,216,216,1,0,1,216,0,216,216,0,1,216,216,0,216,216,1,0,1,216,0,216,216,0,1,0,0,0,0,0,0,0,0,0,0,0,0,0,0,0,0,0,0,0,0,0,0,0,0,0,0,0,0,0,0,0,0,0,0,0,0,0,0,0,0,0,0,0
ft_base_0.02,selected,video_001/clip_001,X3,0,0,0,0,0,0,0,0,0,0,0,0,0,0,1198,206,0,1198,206,1,0,1,206,0,1198,206,0,1,0,0,0,0,0,0,0,0,0,0,0,0,0,0,0,0,0,0,0,0,0,0,0,0,0,0,0,0,1198,206,0,1198,206,1,0,1,206,0,1198,206,0,1,0,0,0,0,0,0,0,0,0,0,0,0,0,0,0
ft_base_0.02,selected,video_001/clip_001,X4,0,0,0,0,0,0,0,0,0,0,0,0,0,0,54,25,0,54,25,1,0,1,0,0,54,0,0,1,0,0,0,0,0,0,0,0,0,0,0,0,0,0,54,25,0,54,25,1,0,1,0,0,54,0,0,1,0,0,0,0,0,0,0,0,0,0,0,0,0,0,0,0,0,0,0,0,0,0,0,0,0,0,0,0,0
ft_base_0.02,selected,video_002/clip_013,A,1604,1604,1604,0,0,1,1,0,1601,1601,3,0,1,0,0,0,0,0,0,0,0,0,0,0,0,0,0,0,0,0,0,0,0,0,0,0,0,0,0,0,0,0,0,0,0,0,0,0,0,0,0,0,0,0,0,0,0,0,0,0,0,0,0,0,0,0,0,0,0,0,0,0,0,0,0,0,534,534,531,0,0,0,0,0,0
ft_base_0.02,selected,video_002/clip_013,B,1589,1540,1464,125,76,1,1,0,1461,1382,207,79,1,0,0,0,0,0,0,0,0,0,0,0,0,0,0,0,0,0,0,0,0,0,0,0,0,0,0,0,0,0,0,0,0,0,0,0,0,0,0,0,0,0,0,0,0,0,0,0,0,0,0,0,0,0,0,0,0,0,524,486,486,530,443,361,0,0,0,0,0,0,0,0,0
ft_base_0.02,selected,video_002/clip_013,X1,0,0,0,0,0,0,0,0,0,0,0,0,0,0,186,2,0,186,2,1,0,1,2,0,186,2,0,1,0,0,0,0,0,0,0,0,0,0,0,0,0,0,0,0,0,0,0,0,0,0,0,0,0,0,0,0,186,2,0,186,2,1,0,1,2,0,186,2,0,1,0,0,0,0,0,0,0,0,0,0,0,0,0,0,0
ft_base_0.05,associated,video_000/clip_007,A,1955,1946,1946,9,0,1,1,0,1926,1926,29,0,1,0,0,0,0,0,0,0,0,0,0,0,0,0,0,0,0,0,0,0,0,0,0,0,0,0,0,0,0,0,0,0,0,0,0,0,0,0,0,0,0,0,0,0,0,0,0,0,0,0,0,0,0,0,0,0,0,0,0,0,0,0,0,0,617,608,588,0,0,0,0,0,0
ft_base_0.05,associated,video_000/clip_007,B,1820,1566,1367,453,199,1,1,0,1552,1353,467,199,1,0,0,0,0,0,0,0,0,0,0,0,0,0,0,0,0,0,0,0,0,0,0,0,0,0,0,0,0,0,0,0,0,0,0,0,0,0,0,0,0,0,0,0,0,0,0,0,0,0,0,0,0,0,0,0,0,0,550,311,311,652,633,619,0,0,0,143,0,129,121,129,121
ft_base_0.05,associated,video_000/clip_007,X1,0,0,0,0,0,0,0,0,0,0,0,0,0,0,352,352,0,352,352,1,0,1,352,0,352,352,0,1,0,0,0,0,0,0,0,0,0,0,0,0,0,0,352,352,0,352,352,1,0,1,352,0,352,352,0,1,0,0,0,0,0,0,0,0,0,0,0,0,0,0,0,0,0,0,0,0,0,0,0,0,0,0,0,0,0
ft_base_0.05,associated,video_000/clip_007,X2,0,0,0,0,0,0,0,0,0,0,0,0,0,0,195,0,0,195,0,1,0,1,0,0,195,0,0,1,0,0,0,0,0,0,0,0,0,0,0,0,0,0,0,0,0,0,0,0,0,0,0,0,0,0,0,0,195,0,0,195,0,1,0,1,0,0,195,0,0,1,0,0,0,0,0,0,0,0,0,0,0,0,0,0,0
ft_base_0.05,associated,video_001/clip_001,A,3900,3900,3790,110,110,1,1,0,3900,3790,110,110,1,0,0,0,0,0,0,0,0,0,0,0,0,0,0,0,0,0,0,0,0,0,0,0,0,0,0,0,0,0,0,0,0,0,0,0,0,0,0,0,0,0,0,0,0,0,0,0,0,0,0,0,0,0,0,0,0,0,0,0,0,0,0,0,1206,1206,1206,0,0,0,0,0,0
ft_base_0.05,associated,video_001/clip_001,B,3724,2804,1954,1770,850,1,1,0,2745,1909,1815,836,1,0,0,0,0,0,0,0,0,0,0,0,0,0,0,0,0,0,0,0,0,0,0,0,0,0,0,0,0,0,0,0,0,0,0,0,0,0,0,0,0,0,0,0,0,0,0,0,0,0,0,0,0,0,0,0,0,0,1265,0,0,1253,1133,1092,0,0,0,0,0,0,0,0,0
ft_base_0.05,associated,video_001/clip_001,X1,0,0,0,0,0,0,0,0,0,0,0,0,0,0,2074,166,21,2053,145,1,0,0,139,9,2065,130,0,0,0,0,0,0,0,0,0,0,0,0,0,0,0,0,2074,166,21,2053,145,1,0,0,139,9,2065,130,0,0,0,0,0,0,0,0,0,0,0,0,0,0,0,0,0,0,0,0,0,0,0,0,0,0,0,0,0,0,0
ft_base_0.05,associated,video_001/clip_001,X2,0,0,0,0,0,0,0,0,0,0,0,0,0,0,216,216,0,216,216,1,0,1,216,0,216,216,0,1,216,216,0,216,216,1,0,1,216,0,216,216,0,1,0,0,0,0,0,0,0,0,0,0,0,0,0,0,0,0,0,0,0,0,0,0,0,0,0,0,0,0,0,0,0,0,0,0,0,0,0,0,0,0,0,0,0
ft_base_0.05,associated,video_001/clip_001,X3,0,0,0,0,0,0,0,0,0,0,0,0,0,0,1198,24,0,1198,24,1,0,1,24,0,1198,24,0,1,0,0,0,0,0,0,0,0,0,0,0,0,0,0,0,0,0,0,0,0,0,0,0,0,0,0,0,0,1198,24,0,1198,24,1,0,1,24,0,1198,24,0,1,0,0,0,0,0,0,0,0,0,0,0,0,0,0,0
ft_base_0.05,associated,video_001/clip_001,X4,0,0,0,0,0,0,0,0,0,0,0,0,0,0,54,21,0,54,21,1,0,1,0,0,54,0,0,1,0,0,0,0,0,0,0,0,0,0,0,0,0,0,54,21,0,54,21,1,0,1,0,0,54,0,0,1,0,0,0,0,0,0,0,0,0,0,0,0,0,0,0,0,0,0,0,0,0,0,0,0,0,0,0,0,0
ft_base_0.05,associated,video_002/clip_013,A,1604,1604,1604,0,0,1,1,0,1601,1601,3,0,1,0,0,0,0,0,0,0,0,0,0,0,0,0,0,0,0,0,0,0,0,0,0,0,0,0,0,0,0,0,0,0,0,0,0,0,0,0,0,0,0,0,0,0,0,0,0,0,0,0,0,0,0,0,0,0,0,0,0,0,0,0,0,0,534,534,531,0,0,0,0,0,0
ft_base_0.05,associated,video_002/clip_013,B,1589,1475,1313,276,162,1,1,0,1392,1258,331,134,1,0,0,0,0,0,0,0,0,0,0,0,0,0,0,0,0,0,0,0,0,0,0,0,0,0,0,0,0,0,0,0,0,0,0,0,0,0,0,0,0,0,0,0,0,0,0,0,0,0,0,0,0,0,0,0,0,0,524,438,438,530,340,285,0,0,0,0,0,0,0,0,0
ft_base_0.05,associated,video_002/clip_013,X1,0,0,0,0,0,0,0,0,0,0,0,0,0,0,186,0,0,186,0,1,0,1,0,0,186,0,0,1,0,0,0,0,0,0,0,0,0,0,0,0,0,0,0,0,0,0,0,0,0,0,0,0,0,0,0,0,186,0,0,186,0,1,0,1,0,0,186,0,0,1,0,0,0,0,0,0,0,0,0,0,0,0,0,0,0
ft_base_0.05,selected,video_000/clip_000,A,3030,3030,3027,3,3,1,1,0,3025,3022,8,3,1,0,0,0,0,0,0,0,0,0,0,0,0,0,0,0,0,0,0,0,0,0,0,0,0,0,0,0,0,0,0,0,0,0,0,0,0,0,0,0,0,0,0,0,0,0,0,0,0,0,0,0,0,0,0,0,0,0,0,0,0,0,0,0,1010,1010,1007,0,0,0,0,0,0
ft_base_0.05,selected,video_000/clip_000,B,2936,2598,2498,438,100,1,1,0,2536,2437,499,99,1,0,0,0,0,0,0,0,0,0,0,0,0,0,0,0,0,0,0,0,0,0,0,0,0,0,0,0,0,0,0,0,0,0,0,0,0,0,0,0,0,0,0,0,0,0,0,0,0,0,0,0,0,0,0,0,0,0,931,561,548,995,927,879,0,0,0,0,0,0,0,0,0
ft_base_0.05,selected,video_000/clip_000,X1,0,0,0,0,0,0,0,0,0,0,0,0,0,0,179,175,0,179,175,1,0,1,129,0,179,129,0,1,179,175,0,179,175,1,0,1,129,0,179,129,0,1,0,0,0,0,0,0,0,0,0,0,0,0,0,0,0,0,0,0,0,0,0,0,0,0,0,0,0,0,0,0,0,0,0,0,0,0,0,0,0,0,0,0,0
ft_base_0.05,selected,video_000/clip_007,A,1955,1946,1946,9,0,1,1,0,1926,1926,29,0,1,0,0,0,0,0,0,0,0,0,0,0,0,0,0,0,0,0,0,0,0,0,0,0,0,0,0,0,0,0,0,0,0,0,0,0,0,0,0,0,0,0,0,0,0,0,0,0,0,0,0,0,0,0,0,0,0,0,0,0,0,0,0,0,617,608,588,0,0,0,0,0,0
ft_base_0.05,selected,video_000/clip_007,B,1820,1566,1367,453,199,1,1,0,1552,1353,467,199,1,0,0,0,0,0,0,0,0,0,0,0,0,0,0,0,0,0,0,0,0,0,0,0,0,0,0,0,0,0,0,0,0,0,0,0,0,0,0,0,0,0,0,0,0,0,0,0,0,0,0,0,0,0,0,0,0,0,550,311,311,652,633,619,0,0,0,143,0,129,121,129,121
ft_base_0.05,selected,video_000/clip_007,X1,0,0,0,0,0,0,0,0,0,0,0,0,0,0,352,352,0,352,352,1,0,1,352,0,352,352,0,1,0,0,0,0,0,0,0,0,0,0,0,0,0,0,352,352,0,352,352,1,0,1,352,0,352,352,0,1,0,0,0,0,0,0,0,0,0,0,0,0,0,0,0,0,0,0,0,0,0,0,0,0,0,0,0,0,0
ft_base_0.05,selected,video_000/clip_007,X2,0,0,0,0,0,0,0,0,0,0,0,0,0,0,195,0,0,195,0,1,0,1,0,0,195,0,0,1,0,0,0,0,0,0,0,0,0,0,0,0,0,0,0,0,0,0,0,0,0,0,0,0,0,0,0,0,195,0,0,195,0,1,0,1,0,0,195,0,0,1,0,0,0,0,0,0,0,0,0,0,0,0,0,0,0
ft_base_0.05,selected,video_001/clip_001,A,3900,3900,3790,110,110,1,1,0,3900,3790,110,110,1,0,0,0,0,0,0,0,0,0,0,0,0,0,0,0,0,0,0,0,0,0,0,0,0,0,0,0,0,0,0,0,0,0,0,0,0,0,0,0,0,0,0,0,0,0,0,0,0,0,0,0,0,0,0,0,0,0,0,0,0,0,0,0,1206,1206,1206,0,0,0,0,0,0
ft_base_0.05,selected,video_001/clip_001,B,3724,2804,1954,1770,850,1,1,0,2745,1909,1815,836,1,0,0,0,0,0,0,0,0,0,0,0,0,0,0,0,0,0,0,0,0,0,0,0,0,0,0,0,0,0,0,0,0,0,0,0,0,0,0,0,0,0,0,0,0,0,0,0,0,0,0,0,0,0,0,0,0,0,1265,0,0,1253,1133,1092,0,0,0,0,0,0,0,0,0
ft_base_0.05,selected,video_001/clip_001,X1,0,0,0,0,0,0,0,0,0,0,0,0,0,0,2074,166,22,2052,144,1,0,0,139,9,2065,130,0,0,0,0,0,0,0,0,0,0,0,0,0,0,0,0,2074,166,22,2052,144,1,0,0,139,9,2065,130,0,0,0,0,0,0,0,0,0,0,0,0,0,0,0,0,0,0,0,0,0,0,0,0,0,0,0,0,0,0,0
ft_base_0.05,selected,video_001/clip_001,X2,0,0,0,0,0,0,0,0,0,0,0,0,0,0,216,216,0,216,216,1,0,1,216,0,216,216,0,1,216,216,0,216,216,1,0,1,216,0,216,216,0,1,0,0,0,0,0,0,0,0,0,0,0,0,0,0,0,0,0,0,0,0,0,0,0,0,0,0,0,0,0,0,0,0,0,0,0,0,0,0,0,0,0,0,0
ft_base_0.05,selected,video_001/clip_001,X3,0,0,0,0,0,0,0,0,0,0,0,0,0,0,1198,24,0,1198,24,1,0,1,24,0,1198,24,0,1,0,0,0,0,0,0,0,0,0,0,0,0,0,0,0,0,0,0,0,0,0,0,0,0,0,0,0,0,1198,24,0,1198,24,1,0,1,24,0,1198,24,0,1,0,0,0,0,0,0,0,0,0,0,0,0,0,0,0
ft_base_0.05,selected,video_001/clip_001,X4,0,0,0,0,0,0,0,0,0,0,0,0,0,0,54,21,0,54,21,1,0,1,0,0,54,0,0,1,0,0,0,0,0,0,0,0,0,0,0,0,0,0,54,21,0,54,21,1,0,1,0,0,54,0,0,1,0,0,0,0,0,0,0,0,0,0,0,0,0,0,0,0,0,0,0,0,0,0,0,0,0,0,0,0,0
ft_base_0.05,selected,video_002/clip_013,A,1604,1604,1604,0,0,1,1,0,1601,1601,3,0,1,0,0,0,0,0,0,0,0,0,0,0,0,0,0,0,0,0,0,0,0,0,0,0,0,0,0,0,0,0,0,0,0,0,0,0,0,0,0,0,0,0,0,0,0,0,0,0,0,0,0,0,0,0,0,0,0,0,0,0,0,0,0,0,534,534,531,0,0,0,0,0,0
ft_base_0.05,selected,video_002/clip_013,B,1589,1475,1313,276,162,1,1,0,1392,1258,331,134,1,0,0,0,0,0,0,0,0,0,0,0,0,0,0,0,0,0,0,0,0,0,0,0,0,0,0,0,0,0,0,0,0,0,0,0,0,0,0,0,0,0,0,0,0,0,0,0,0,0,0,0,0,0,0,0,0,0,524,438,438,530,340,285,0,0,0,0,0,0,0,0,0
ft_base_0.05,selected,video_002/clip_013,X1,0,0,0,0,0,0,0,0,0,0,0,0,0,0,186,0,0,186,0,1,0,1,0,0,186,0,0,1,0,0,0,0,0,0,0,0,0,0,0,0,0,0,0,0,0,0,0,0,0,0,0,0,0,0,0,0,186,0,0,186,0,1,0,1,0,0,186,0,0,1,0,0,0,0,0,0,0,0,0,0,0,0,0,0,0
coco_fullframe_0.05,associated,video_000/clip_000,A,3030,3007,1972,1058,1035,1,1,0,3005,1972,1058,1033,1,0,0,0,0,0,0,0,0,0,0,0,0,0,0,0,0,0,0,0,0,0,0,0,0,0,0,0,0,0,0,0,0,0,0,0,0,0,0,0,0,0,0,0,0,0,0,0,0,0,0,0,0,0,0,0,0,0,0,0,0,0,0,0,1010,0,0,0,0,0,0,0,0
coco_fullframe_0.05,associated,video_000/clip_000,B,2936,2918,2046,890,872,1,1,0,2911,2013,923,898,1,0,0,0,0,0,0,0,0,0,0,0,0,0,0,0,0,0,0,0,0,0,0,0,0,0,0,0,0,0,0,0,0,0,0,0,0,0,0,0,0,0,0,0,0,0,0,0,0,0,0,0,0,0,0,0,0,0,931,501,472,995,535,531,0,0,0,0,0,0,0,0,0
coco_fullframe_0.05,associated,video_000/clip_000,X1,0,0,0,0,0,0,0,0,0,0,0,0,0,0,179,178,0,179,178,1,0,1,178,0,179,178,0,1,179,178,0,179,178,1,0,1,178,0,179,178,0,1,0,0,0,0,0,0,0,0,0,0,0,0,0,0,0,0,0,0,0,0,0,0,0,0,0,0,0,0,0,0,0,0,0,0,0,0,0,0,0,0,0,0,0
coco_fullframe_0.05,associated,video_000/clip_007,A,1955,1942,1761,194,181,1,1,0,1938,1741,214,197,1,0,0,0,0,0,0,0,0,0,0,0,0,0,0,0,0,0,0,0,0,0,0,0,0,0,0,0,0,0,0,0,0,0,0,0,0,0,0,0,0,0,0,0,0,0,0,0,0,0,0,0,0,0,0,0,0,0,0,0,0,0,0,0,617,538,536,0,0,0,0,0,0
coco_fullframe_0.05,associated,video_000/clip_007,B,1820,1815,1170,650,645,1,1,0,1810,1142,678,668,1,0,0,0,0,0,0,0,0,0,0,0,0,0,0,0,0,0,0,0,0,0,0,0,0,0,0,0,0,0,0,0,0,0,0,0,0,0,0,0,0,0,0,0,0,0,0,0,0,0,0,0,0,0,0,0,0,0,550,239,231,652,316,296,0,0,0,143,0,143,49,143,49
coco_fullframe_0.05,associated,video_000/clip_007,X1,0,0,0,0,0,0,0,0,0,0,0,0,0,0,352,351,0,352,351,1,0,1,351,0,352,351,0,1,0,0,0,0,0,0,0,0,0,0,0,0,0,0,352,351,0,352,351,1,0,1,351,0,352,351,0,1,0,0,0,0,0,0,0,0,0,0,0,0,0,0,0,0,0,0,0,0,0,0,0,0,0,0,0,0,0
coco_fullframe_0.05,associated,video_000/clip_007,X2,0,0,0,0,0,0,0,0,0,0,0,0,0,0,195,195,0,195,195,1,0,1,195,0,195,195,0,1,0,0,0,0,0,0,0,0,0,0,0,0,0,0,0,0,0,0,0,0,0,0,0,0,0,0,0,0,195,195,0,195,195,1,0,1,195,0,195,195,0,1,0,0,0,0,0,0,0,0,0,0,0,0,0,0,0
coco_fullframe_0.05,associated,video_001/clip_001,A,3900,3885,2965,935,920,1,1,0,3885,2949,951,936,1,0,0,0,0,0,0,0,0,0,0,0,0,0,0,0,0,0,0,0,0,0,0,0,0,0,0,0,0,0,0,0,0,0,0,0,0,0,0,0,0,0,0,0,0,0,0,0,0,0,0,0,0,0,0,0,0,0,0,0,0,0,0,0,1206,682,675,0,0,0,0,0,0
coco_fullframe_0.05,associated,video_001/clip_001,B,3724,3715,1646,2078,2069,1,0,0,3712,1617,2107,2095,0,0,0,0,0,0,0,0,0,0,0,0,0,0,0,0,0,0,0,0,0,0,0,0,0,0,0,0,0,0,0,0,0,0,0,0,0,0,0,0,0,0,0,0,0,0,0,0,0,0,0,0,0,0,0,0,0,0,1265,0,0,1253,803,803,0,0,0,0,0,0,0,0,0
coco_fullframe_0.05,associated,video_001/clip_001,X1,0,0,0,0,0,0,0,0,0,0,0,0,0,0,2074,2072,2,2072,2070,1,0,0,2071,2,2072,2069,0,0,0,0,0,0,0,0,0,0,0,0,0,0,0,0,2074,2072,2,2072,2070,1,0,0,2071,2,2072,2069,0,0,0,0,0,0,0,0,0,0,0,0,0,0,0,0,0,0,0,0,0,0,0,0,0,0,0,0,0,0,0
coco_fullframe_0.05,associated,video_001/clip_001,X2,0,0,0,0,0,0,0,0,0,0,0,0,0,0,216,216,0,216,216,1,0,1,216,0,216,216,0,1,216,216,0,216,216,1,0,1,216,0,216,216,0,1,0,0,0,0,0,0,0,0,0,0,0,0,0,0,0,0,0,0,0,0,0,0,0,0,0,0,0,0,0,0,0,0,0,0,0,0,0,0,0,0,0,0,0
coco_fullframe_0.05,associated,video_001/clip_001,X3,0,0,0,0,0,0,0,0,0,0,0,0,0,0,1198,1198,0,1198,1198,1,0,1,1198,0,1198,1198,0,1,0,0,0,0,0,0,0,0,0,0,0,0,0,0,0,0,0,0,0,0,0,0,0,0,0,0,0,0,1198,1198,0,1198,1198,1,0,1,1198,0,1198,1198,0,1,0,0,0,0,0,0,0,0,0,0,0,0,0,0,0
coco_fullframe_0.05,associated,video_001/clip_001,X4,0,0,0,0,0,0,0,0,0,0,0,0,0,0,54,54,0,54,54,1,0,1,54,0,54,54,0,1,0,0,0,0,0,0,0,0,0,0,0,0,0,0,54,54,0,54,54,1,0,1,54,0,54,54,0,1,0,0,0,0,0,0,0,0,0,0,0,0,0,0,0,0,0,0,0,0,0,0,0,0,0,0,0,0,0
coco_fullframe_0.05,associated,video_002/clip_013,A,1604,1586,1312,292,274,1,1,0,1585,1312,292,273,1,0,0,0,0,0,0,0,0,0,0,0,0,0,0,0,0,0,0,0,0,0,0,0,0,0,0,0,0,0,0,0,0,0,0,0,0,0,0,0,0,0,0,0,0,0,0,0,0,0,0,0,0,0,0,0,0,0,0,0,0,0,0,0,534,355,355,0,0,0,0,0,0
coco_fullframe_0.05,associated,video_002/clip_013,B,1589,1583,1212,377,371,1,1,0,1576,1197,392,379,1,0,0,0,0,0,0,0,0,0,0,0,0,0,0,0,0,0,0,0,0,0,0,0,0,0,0,0,0,0,0,0,0,0,0,0,0,0,0,0,0,0,0,0,0,0,0,0,0,0,0,0,0,0,0,0,0,0,524,351,348,530,346,334,0,0,0,0,0,0,0,0,0
coco_fullframe_0.05,associated,video_002/clip_013,X1,0,0,0,0,0,0,0,0,0,0,0,0,0,0,186,186,0,186,186,1,0,1,186,0,186,186,0,1,0,0,0,0,0,0,0,0,0,0,0,0,0,0,0,0,0,0,0,0,0,0,0,0,0,0,0,0,186,186,0,186,186,1,0,1,186,0,186,186,0,1,0,0,0,0,0,0,0,0,0,0,0,0,0,0,0
coco_fullframe_0.05,selected,video_000/clip_000,A,3030,3007,1972,1058,1035,1,1,0,3005,1972,1058,1033,1,0,0,0,0,0,0,0,0,0,0,0,0,0,0,0,0,0,0,0,0,0,0,0,0,0,0,0,0,0,0,0,0,0,0,0,0,0,0,0,0,0,0,0,0,0,0,0,0,0,0,0,0,0,0,0,0,0,0,0,0,0,0,0,1010,0,0,0,0,0,0,0,0
coco_fullframe_0.05,selected,video_000/clip_000,B,2936,2918,2046,890,872,1,1,0,2911,2013,923,898,1,0,0,0,0,0,0,0,0,0,0,0,0,0,0,0,0,0,0,0,0,0,0,0,0,0,0,0,0,0,0,0,0,0,0,0,0,0,0,0,0,0,0,0,0,0,0,0,0,0,0,0,0,0,0,0,0,0,931,501,472,995,535,531,0,0,0,0,0,0,0,0,0
coco_fullframe_0.05,selected,video_000/clip_000,X1,0,0,0,0,0,0,0,0,0,0,0,0,0,0,179,178,0,179,178,1,0,1,178,0,179,178,0,1,179,178,0,179,178,1,0,1,178,0,179,178,0,1,0,0,0,0,0,0,0,0,0,0,0,0,0,0,0,0,0,0,0,0,0,0,0,0,0,0,0,0,0,0,0,0,0,0,0,0,0,0,0,0,0,0,0
coco_fullframe_0.05,selected,video_000/clip_007,A,1955,1942,1761,194,181,1,1,0,1938,1741,214,197,1,0,0,0,0,0,0,0,0,0,0,0,0,0,0,0,0,0,0,0,0,0,0,0,0,0,0,0,0,0,0,0,0,0,0,0,0,0,0,0,0,0,0,0,0,0,0,0,0,0,0,0,0,0,0,0,0,0,0,0,0,0,0,0,617,538,536,0,0,0,0,0,0
coco_fullframe_0.05,selected,video_000/clip_007,B,1820,1815,1170,650,645,1,1,0,1810,1142,678,668,1,0,0,0,0,0,0,0,0,0,0,0,0,0,0,0,0,0,0,0,0,0,0,0,0,0,0,0,0,0,0,0,0,0,0,0,0,0,0,0,0,0,0,0,0,0,0,0,0,0,0,0,0,0,0,0,0,0,550,239,231,652,316,296,0,0,0,143,0,143,49,143,49
coco_fullframe_0.05,selected,video_000/clip_007,X1,0,0,0,0,0,0,0,0,0,0,0,0,0,0,352,351,0,352,351,1,0,1,351,0,352,351,0,1,0,0,0,0,0,0,0,0,0,0,0,0,0,0,352,351,0,352,351,1,0,1,351,0,352,351,0,1,0,0,0,0,0,0,0,0,0,0,0,0,0,0,0,0,0,0,0,0,0,0,0,0,0,0,0,0,0
coco_fullframe_0.05,selected,video_000/clip_007,X2,0,0,0,0,0,0,0,0,0,0,0,0,0,0,195,195,0,195,195,1,0,1,195,0,195,195,0,1,0,0,0,0,0,0,0,0,0,0,0,0,0,0,0,0,0,0,0,0,0,0,0,0,0,0,0,0,195,195,0,195,195,1,0,1,195,0,195,195,0,1,0,0,0,0,0,0,0,0,0,0,0,0,0,0,0
coco_fullframe_0.05,selected,video_001/clip_001,A,3900,3885,3161,739,724,1,1,0,3885,3149,751,736,1,0,0,0,0,0,0,0,0,0,0,0,0,0,0,0,0,0,0,0,0,0,0,0,0,0,0,0,0,0,0,0,0,0,0,0,0,0,0,0,0,0,0,0,0,0,0,0,0,0,0,0,0,0,0,0,0,0,0,0,0,0,0,0,1206,878,875,0,0,0,0,0,0
coco_fullframe_0.05,selected,video_001/clip_001,B,3724,3715,1646,2078,2069,1,0,0,3712,1617,2107,2095,0,0,0,0,0,0,0,0,0,0,0,0,0,0,0,0,0,0,0,0,0,0,0,0,0,0,0,0,0,0,0,0,0,0,0,0,0,0,0,0,0,0,0,0,0,0,0,0,0,0,0,0,0,0,0,0,0,0,1265,0,0,1253,803,803,0,0,0,0,0,0,0,0,0
coco_fullframe_0.05,selected,video_001/clip_001,X1,0,0,0,0,0,0,0,0,0,0,0,0,0,0,2074,2072,2,2072,2070,1,0,0,2071,2,2072,2069,0,0,0,0,0,0,0,0,0,0,0,0,0,0,0,0,2074,2072,2,2072,2070,1,0,0,2071,2,2072,2069,0,0,0,0,0,0,0,0,0,0,0,0,0,0,0,0,0,0,0,0,0,0,0,0,0,0,0,0,0,0,0
coco_fullframe_0.05,selected,video_001/clip_001,X2,0,0,0,0,0,0,0,0,0,0,0,0,0,0,216,216,0,216,216,1,0,1,216,0,216,216,0,1,216,216,0,216,216,1,0,1,216,0,216,216,0,1,0,0,0,0,0,0,0,0,0,0,0,0,0,0,0,0,0,0,0,0,0,0,0,0,0,0,0,0,0,0,0,0,0,0,0,0,0,0,0,0,0,0,0
coco_fullframe_0.05,selected,video_001/clip_001,X3,0,0,0,0,0,0,0,0,0,0,0,0,0,0,1198,1198,0,1198,1198,1,0,1,1198,0,1198,1198,0,1,0,0,0,0,0,0,0,0,0,0,0,0,0,0,0,0,0,0,0,0,0,0,0,0,0,0,0,0,1198,1198,0,1198,1198,1,0,1,1198,0,1198,1198,0,1,0,0,0,0,0,0,0,0,0,0,0,0,0,0,0
coco_fullframe_0.05,selected,video_001/clip_001,X4,0,0,0,0,0,0,0,0,0,0,0,0,0,0,54,54,0,54,54,1,0,1,54,0,54,54,0,1,0,0,0,0,0,0,0,0,0,0,0,0,0,0,54,54,0,54,54,1,0,1,54,0,54,54,0,1,0,0,0,0,0,0,0,0,0,0,0,0,0,0,0,0,0,0,0,0,0,0,0,0,0,0,0,0,0
coco_fullframe_0.05,selected,video_002/clip_013,A,1604,1586,1312,292,274,1,1,0,1585,1312,292,273,1,0,0,0,0,0,0,0,0,0,0,0,0,0,0,0,0,0,0,0,0,0,0,0,0,0,0,0,0,0,0,0,0,0,0,0,0,0,0,0,0,0,0,0,0,0,0,0,0,0,0,0,0,0,0,0,0,0,0,0,0,0,0,0,534,355,355,0,0,0,0,0,0
coco_fullframe_0.05,selected,video_002/clip_013,B,1589,1583,1212,377,371,1,1,0,1576,1197,392,379,1,0,0,0,0,0,0,0,0,0,0,0,0,0,0,0,0,0,0,0,0,0,0,0,0,0,0,0,0,0,0,0,0,0,0,0,0,0,0,0,0,0,0,0,0,0,0,0,0,0,0,0,0,0,0,0,0,0,524,351,348,530,346,334,0,0,0,0,0,0,0,0,0
coco_fullframe_0.05,selected,video_002/clip_013,X1,0,0,0,0,0,0,0,0,0,0,0,0,0,0,186,186,0,186,186,1,0,1,186,0,186,186,0,1,0,0,0,0,0,0,0,0,0,0,0,0,0,0,0,0,0,0,0,0,0,0,0,0,0,0,0,0,186,186,0,186,186,1,0,1,186,0,186,186,0,1,0,0,0,0,0,0,0,0,0,0,0,0,0,0,0
coco_fullframe_0.10,associated,video_000/clip_000,A,3030,3028,2549,481,479,1,1,0,3028,2547,483,481,1,0,0,0,0,0,0,0,0,0,0,0,0,0,0,0,0,0,0,0,0,0,0,0,0,0,0,0,0,0,0,0,0,0,0,0,0,0,0,0,0,0,0,0,0,0,0,0,0,0,0,0,0,0,0,0,0,0,0,0,0,0,0,0,1010,530,528,0,0,0,0,0,0
coco_fullframe_0.10,associated,video_000/clip_000,B,2936,2935,2665,271,270,1,1,0,2935,2655,281,280,1,0,0,0,0,0,0,0,0,0,0,0,0,0,0,0,0,0,0,0,0,0,0,0,0,0,0,0,0,0,0,0,0,0,0,0,0,0,0,0,0,0,0,0,0,0,0,0,0,0,0,0,0,0,0,0,0,0,931,667,657,995,988,988,0,0,0,0,0,0,0,0,0
coco_fullframe_0.10,associated,video_000/clip_000,X1,0,0,0,0,0,0,0,0,0,0,0,0,0,0,179,179,0,179,179,1,0,1,179,0,179,179,0,1,179,179,0,179,179,1,0,1,179,0,179,179,0,1,0,0,0,0,0,0,0,0,0,0,0,0,0,0,0,0,0,0,0,0,0,0,0,0,0,0,0,0,0,0,0,0,0,0,0,0,0,0,0,0,0,0,0
coco_fullframe_0.10,associated,video_001/clip_001,A,3900,3898,3598,302,300,1,1,0,3898,3598,302,300,1,0,0,0,0,0,0,0,0,0,0,0,0,0,0,0,0,0,0,0,0,0,0,0,0,0,0,0,0,0,0,0,0,0,0,0,0,0,0,0,0,0,0,0,0,0,0,0,0,0,0,0,0,0,0,0,0,0,0,0,0,0,0,0,1206,1188,1188,0,0,0,0,0,0
coco_fullframe_0.10,associated,video_001/clip_001,B,3724,3724,2983,741,741,1,1,0,3724,2975,749,749,1,0,0,0,0,0,0,0,0,0,0,0,0,0,0,0,0,0,0,0,0,0,0,0,0,0,0,0,0,0,0,0,0,0,0,0,0,0,0,0,0,0,0,0,0,0,0,0,0,0,0,0,0,0,0,0,0,0,1265,1165,1163,1253,840,838,0,0,0,0,0,0,0,0,0
coco_fullframe_0.10,associated,video_001/clip_001,X1,0,0,0,0,0,0,0,0,0,0,0,0,0,0,2074,2073,0,2074,2073,1,0,1,2073,0,2074,2073,0,1,0,0,0,0,0,0,0,0,0,0,0,0,0,0,2074,2073,0,2074,2073,1,0,1,2073,0,2074,2073,0,1,0,0,0,0,0,0,0,0,0,0,0,0,0,0,0,0,0,0,0,0,0,0,0,0,0,0,0,0,0
coco_fullframe_0.10,associated,video_001/clip_001,X2,0,0,0,0,0,0,0,0,0,0,0,0,0,0,216,216,0,216,216,1,0,1,216,0,216,216,0,1,216,216,0,216,216,1,0,1,216,0,216,216,0,1,0,0,0,0,0,0,0,0,0,0,0,0,0,0,0,0,0,0,0,0,0,0,0,0,0,0,0,0,0,0,0,0,0,0,0,0,0,0,0,0,0,0,0
coco_fullframe_0.10,associated,video_001/clip_001,X3,0,0,0,0,0,0,0,0,0,0,0,0,0,0,1198,1198,0,1198,1198,1,0,1,1198,0,1198,1198,0,1,0,0,0,0,0,0,0,0,0,0,0,0,0,0,0,0,0,0,0,0,0,0,0,0,0,0,0,0,1198,1198,0,1198,1198,1,0,1,1198,0,1198,1198,0,1,0,0,0,0,0,0,0,0,0,0,0,0,0,0,0
coco_fullframe_0.10,associated,video_001/clip_001,X4,0,0,0,0,0,0,0,0,0,0,0,0,0,0,54,54,0,54,54,1,0,1,54,0,54,54,0,1,0,0,0,0,0,0,0,0,0,0,0,0,0,0,54,54,0,54,54,1,0,1,54,0,54,54,0,1,0,0,0,0,0,0,0,0,0,0,0,0,0,0,0,0,0,0,0,0,0,0,0,0,0,0,0,0,0
coco_fullframe_0.10,associated,video_002/clip_013,A,1604,1604,1602,2,2,1,1,0,1604,1602,2,2,1,0,0,0,0,0,0,0,0,0,0,0,0,0,0,0,0,0,0,0,0,0,0,0,0,0,0,0,0,0,0,0,0,0,0,0,0,0,0,0,0,0,0,0,0,0,0,0,0,0,0,0,0,0,0,0,0,0,0,0,0,0,0,0,534,532,532,0,0,0,0,0,0
coco_fullframe_0.10,associated,video_002/clip_013,B,1589,1588,1537,52,51,1,1,0,1588,1535,54,53,1,0,0,0,0,0,0,0,0,0,0,0,0,0,0,0,0,0,0,0,0,0,0,0,0,0,0,0,0,0,0,0,0,0,0,0,0,0,0,0,0,0,0,0,0,0,0,0,0,0,0,0,0,0,0,0,0,0,524,510,510,530,492,490,0,0,0,0,0,0,0,0,0
coco_fullframe_0.10,associated,video_002/clip_013,X1,0,0,0,0,0,0,0,0,0,0,0,0,0,0,186,186,0,186,186,1,0,1,186,0,186,186,0,1,0,0,0,0,0,0,0,0,0,0,0,0,0,0,0,0,0,0,0,0,0,0,0,0,0,0,0,0,186,186,0,186,186,1,0,1,186,0,186,186,0,1,0,0,0,0,0,0,0,0,0,0,0,0,0,0,0
coco_fullframe_0.10,selected,video_000/clip_000,A,3030,3028,2549,481,479,1,1,0,3028,2547,483,481,1,0,0,0,0,0,0,0,0,0,0,0,0,0,0,0,0,0,0,0,0,0,0,0,0,0,0,0,0,0,0,0,0,0,0,0,0,0,0,0,0,0,0,0,0,0,0,0,0,0,0,0,0,0,0,0,0,0,0,0,0,0,0,0,1010,530,528,0,0,0,0,0,0
coco_fullframe_0.10,selected,video_000/clip_000,B,2936,2935,2665,271,270,1,1,0,2935,2655,281,280,1,0,0,0,0,0,0,0,0,0,0,0,0,0,0,0,0,0,0,0,0,0,0,0,0,0,0,0,0,0,0,0,0,0,0,0,0,0,0,0,0,0,0,0,0,0,0,0,0,0,0,0,0,0,0,0,0,0,931,667,657,995,988,988,0,0,0,0,0,0,0,0,0
coco_fullframe_0.10,selected,video_000/clip_000,X1,0,0,0,0,0,0,0,0,0,0,0,0,0,0,179,179,0,179,179,1,0,1,179,0,179,179,0,1,179,179,0,179,179,1,0,1,179,0,179,179,0,1,0,0,0,0,0,0,0,0,0,0,0,0,0,0,0,0,0,0,0,0,0,0,0,0,0,0,0,0,0,0,0,0,0,0,0,0,0,0,0,0,0,0,0
coco_fullframe_0.10,selected,video_000/clip_007,A,1955,1955,1892,63,63,1,1,0,1955,1891,64,64,1,0,0,0,0,0,0,0,0,0,0,0,0,0,0,0,0,0,0,0,0,0,0,0,0,0,0,0,0,0,0,0,0,0,0,0,0,0,0,0,0,0,0,0,0,0,0,0,0,0,0,0,0,0,0,0,0,0,0,0,0,0,0,0,617,554,553,0,0,0,0,0,0
coco_fullframe_0.10,selected,video_000/clip_007,B,1820,1819,1209,611,610,1,1,0,1819,1202,618,617,1,0,0,0,0,0,0,0,0,0,0,0,0,0,0,0,0,0,0,0,0,0,0,0,0,0,0,0,0,0,0,0,0,0,0,0,0,0,0,0,0,0,0,0,0,0,0,0,0,0,0,0,0,0,0,0,0,0,550,269,265,652,325,322,0,0,0,143,0,143,111,143,109
coco_fullframe_0.10,selected,video_000/clip_007,X1,0,0,0,0,0,0,0,0,0,0,0,0,0,0,352,352,0,352,352,1,0,1,352,0,352,352,0,1,0,0,0,0,0,0,0,0,0,0,0,0,0,0,352,352,0,352,352,1,0,1,352,0,352,352,0,1,0,0,0,0,0,0,0,0,0,0,0,0,0,0,0,0,0,0,0,0,0,0,0,0,0,0,0,0,0
coco_fullframe_0.10,selected,video_000/clip_007,X2,0,0,0,0,0,0,0,0,0,0,0,0,0,0,195,195,0,195,195,1,0,1,195,0,195,195,0,1,0,0,0,0,0,0,0,0,0,0,0,0,0,0,0,0,0,0,0,0,0,0,0,0,0,0,0,0,195,195,0,195,195,1,0,1,195,0,195,195,0,1,0,0,0,0,0,0,0,0,0,0,0,0,0,0,0
coco_fullframe_0.10,selected,video_001/clip_001,A,3900,3898,3598,302,300,1,1,0,3898,3598,302,300,1,0,0,0,0,0,0,0,0,0,0,0,0,0,0,0,0,0,0,0,0,0,0,0,0,0,0,0,0,0,0,0,0,0,0,0,0,0,0,0,0,0,0,0,0,0,0,0,0,0,0,0,0,0,0,0,0,0,0,0,0,0,0,0,1206,1188,1188,0,0,0,0,0,0
coco_fullframe_0.10,selected,video_001/clip_001,B,3724,3724,2983,741,741,1,1,0,3724,2977,747,747,1,0,0,0,0,0,0,0,0,0,0,0,0,0,0,0,0,0,0,0,0,0,0,0,0,0,0,0,0,0,0,0,0,0,0,0,0,0,0,0,0,0,0,0,0,0,0,0,0,0,0,0,0,0,0,0,0,0,1265,1165,1165,1253,840,838,0,0,0,0,0,0,0,0,0
coco_fullframe_0.10,selected,video_001/clip_001,X1,0,0,0,0,0,0,0,0,0,0,0,0,0,0,2074,2073,0,2074,2073,1,0,1,2073,0,2074,2073,0,1,0,0,0,0,0,0,0,0,0,0,0,0,0,0,2074,2073,0,2074,2073,1,0,1,2073,0,2074,2073,0,1,0,0,0,0,0,0,0,0,0,0,0,0,0,0,0,0,0,0,0,0,0,0,0,0,0,0,0,0,0
coco_fullframe_0.10,selected,video_001/clip_001,X2,0,0,0,0,0,0,0,0,0,0,0,0,0,0,216,216,0,216,216,1,0,1,216,0,216,216,0,1,216,216,0,216,216,1,0,1,216,0,216,216,0,1,0,0,0,0,0,0,0,0,0,0,0,0,0,0,0,0,0,0,0,0,0,0,0,0,0,0,0,0,0,0,0,0,0,0,0,0,0,0,0,0,0,0,0
coco_fullframe_0.10,selected,video_001/clip_001,X3,0,0,0,0,0,0,0,0,0,0,0,0,0,0,1198,1198,0,1198,1198,1,0,1,1198,0,1198,1198,0,1,0,0,0,0,0,0,0,0,0,0,0,0,0,0,0,0,0,0,0,0,0,0,0,0,0,0,0,0,1198,1198,0,1198,1198,1,0,1,1198,0,1198,1198,0,1,0,0,0,0,0,0,0,0,0,0,0,0,0,0,0
coco_fullframe_0.10,selected,video_001/clip_001,X4,0,0,0,0,0,0,0,0,0,0,0,0,0,0,54,54,0,54,54,1,0,1,54,0,54,54,0,1,0,0,0,0,0,0,0,0,0,0,0,0,0,0,54,54,0,54,54,1,0,1,54,0,54,54,0,1,0,0,0,0,0,0,0,0,0,0,0,0,0,0,0,0,0,0,0,0,0,0,0,0,0,0,0,0,0
coco_fullframe_0.10,selected,video_002/clip_013,A,1604,1604,1602,2,2,1,1,0,1604,1602,2,2,1,0,0,0,0,0,0,0,0,0,0,0,0,0,0,0,0,0,0,0,0,0,0,0,0,0,0,0,0,0,0,0,0,0,0,0,0,0,0,0,0,0,0,0,0,0,0,0,0,0,0,0,0,0,0,0,0,0,0,0,0,0,0,0,534,532,532,0,0,0,0,0,0
coco_fullframe_0.10,selected,video_002/clip_013,B,1589,1588,1547,42,41,1,1,0,1588,1547,42,41,1,0,0,0,0,0,0,0,0,0,0,0,0,0,0,0,0,0,0,0,0,0,0,0,0,0,0,0,0,0,0,0,0,0,0,0,0,0,0,0,0,0,0,0,0,0,0,0,0,0,0,0,0,0,0,0,0,0,524,520,520,530,492,492,0,0,0,0,0,0,0,0,0
coco_fullframe_0.10,selected,video_002/clip_013,X1,0,0,0,0,0,0,0,0,0,0,0,0,0,0,186,186,0,186,186,1,0,1,186,0,186,186,0,1,0,0,0,0,0,0,0,0,0,0,0,0,0,0,0,0,0,0,0,0,0,0,0,0,0,0,0,0,186,186,0,186,186,1,0,1,186,0,186,186,0,1,0,0,0,0,0,0,0,0,0,0,0,0,0,0,0
coco_fullframe_0.30,associated,video_000/clip_000,A,3030,3030,3030,0,0,1,1,0,3029,3029,1,0,1,0,0,0,0,0,0,0,0,0,0,0,0,0,0,0,0,0,0,0,0,0,0,0,0,0,0,0,0,0,0,0,0,0,0,0,0,0,0,0,0,0,0,0,0,0,0,0,0,0,0,0,0,0,0,0,0,0,0,0,0,0,0,0,1010,1010,1009,0,0,0,0,0,0
coco_fullframe_0.30,associated,video_000/clip_000,B,2936,2936,2936,0,0,1,1,0,2936,2936,0,0,1,0,0,0,0,0,0,0,0,0,0,0,0,0,0,0,0,0,0,0,0,0,0,0,0,0,0,0,0,0,0,0,0,0,0,0,0,0,0,0,0,0,0,0,0,0,0,0,0,0,0,0,0,0,0,0,0,0,931,931,931,995,995,995,0,0,0,0,0,0,0,0,0
coco_fullframe_0.30,associated,video_000/clip_000,X1,0,0,0,0,0,0,0,0,0,0,0,0,0,0,179,179,0,179,179,1,0,1,179,0,179,179,0,1,179,179,0,179,179,1,0,1,179,0,179,179,0,1,0,0,0,0,0,0,0,0,0,0,0,0,0,0,0,0,0,0,0,0,0,0,0,0,0,0,0,0,0,0,0,0,0,0,0,0,0,0,0,0,0,0,0
coco_fullframe_0.30,associated,video_000/clip_007,A,1955,1955,1950,5,5,1,1,0,1955,1950,5,5,1,0,0,0,0,0,0,0,0,0,0,0,0,0,0,0,0,0,0,0,0,0,0,0,0,0,0,0,0,0,0,0,0,0,0,0,0,0,0,0,0,0,0,0,0,0,0,0,0,0,0,0,0,0,0,0,0,0,0,0,0,0,0,0,617,612,612,0,0,0,0,0,0
coco_fullframe_0.30,associated,video_000/clip_007,B,1820,1820,1635,185,185,1,1,0,1820,1635,185,185,1,0,0,0,0,0,0,0,0,0,0,0,0,0,0,0,0,0,0,0,0,0,0,0,0,0,0,0,0,0,0,0,0,0,0,0,0,0,0,0,0,0,0,0,0,0,0,0,0,0,0,0,0,0,0,0,0,0,550,387,387,652,630,630,0,0,0,143,0,143,123,143,123
coco_fullframe_0.30,associated,video_000/clip_007,X1,0,0,0,0,0,0,0,0,0,0,0,0,0,0,352,352,0,352,352,1,0,1,352,0,352,352,0,1,0,0,0,0,0,0,0,0,0,0,0,0,0,0,352,352,0,352,352,1,0,1,352,0,352,352,0,1,0,0,0,0,0,0,0,0,0,0,0,0,0,0,0,0,0,0,0,0,0,0,0,0,0,0,0,0,0
coco_fullframe_0.30,associated,video_000/clip_007,X2,0,0,0,0,0,0,0,0,0,0,0,0,0,0,195,195,0,195,195,1,0,1,195,0,195,195,0,1,0,0,0,0,0,0,0,0,0,0,0,0,0,0,0,0,0,0,0,0,0,0,0,0,0,0,0,0,195,195,0,195,195,1,0,1,195,0,195,195,0,1,0,0,0,0,0,0,0,0,0,0,0,0,0,0,0
coco_fullframe_0.30,associated,video_001/clip_001,A,3900,3900,3900,0,0,1,1,0,3900,3900,0,0,1,0,0,0,0,0,0,0,0,0,0,0,0,0,0,0,0,0,0,0,0,0,0,0,0,0,0,0,0,0,0,0,0,0,0,0,0,0,0,0,0,0,0,0,0,0,0,0,0,0,0,0,0,0,0,0,0,0,0,0,0,0,0,0,1206,1206,1206,0,0,0,0,0,0
coco_fullframe_0.30,associated,video_001/clip_001,B,3724,3724,3232,492,492,1,1,0,3724,3232,492,492,1,0,0,0,0,0,0,0,0,0,0,0,0,0,0,0,0,0,0,0,0,0,0,0,0,0,0,0,0,0,0,0,0,0,0,0,0,0,0,0,0,0,0,0,0,0,0,0,0,0,0,0,0,0,0,0,0,0,1265,1265,1265,1253,958,958,0,0,0,0,0,0,0,0,0
coco_fullframe_0.30,associated,video_001/clip_001,X1,0,0,0,0,0,0,0,0,0,0,0,0,0,0,2074,2074,3,2071,2071,1,0,0,2074,3,2071,2071,0,0,0,0,0,0,0,0,0,0,0,0,0,0,0,0,2074,2074,3,2071,2071,1,0,0,2074,3,2071,2071,0,0,0,0,0,0,0,0,0,0,0,0,0,0,0,0,0,0,0,0,0,0,0,0,0,0,0,0,0,0,0
coco_fullframe_0.30,associated,video_001/clip_001,X2,0,0,0,0,0,0,0,0,0,0,0,0,0,0,216,216,0,216,216,1,0,1,216,0,216,216,0,1,216,216,0,216,216,1,0,1,216,0,216,216,0,1,0,0,0,0,0,0,0,0,0,0,0,0,0,0,0,0,0,0,0,0,0,0,0,0,0,0,0,0,0,0,0,0,0,0,0,0,0,0,0,0,0,0,0
coco_fullframe_0.30,associated,video_001/clip_001,X3,0,0,0,0,0,0,0,0,0,0,0,0,0,0,1198,1198,0,1198,1198,1,0,1,1198,0,1198,1198,0,1,0,0,0,0,0,0,0,0,0,0,0,0,0,0,0,0,0,0,0,0,0,0,0,0,0,0,0,0,1198,1198,0,1198,1198,1,0,1,1198,0,1198,1198,0,1,0,0,0,0,0,0,0,0,0,0,0,0,0,0,0
coco_fullframe_0.30,associated,video_001/clip_001,X4,0,0,0,0,0,0,0,0,0,0,0,0,0,0,54,54,0,54,54,1,0,1,54,0,54,54,0,1,0,0,0,0,0,0,0,0,0,0,0,0,0,0,54,54,0,54,54,1,0,1,54,0,54,54,0,1,0,0,0,0,0,0,0,0,0,0,0,0,0,0,0,0,0,0,0,0,0,0,0,0,0,0,0,0,0
coco_fullframe_0.30,associated,video_002/clip_013,A,1604,1604,1604,0,0,1,1,0,1604,1604,0,0,1,0,0,0,0,0,0,0,0,0,0,0,0,0,0,0,0,0,0,0,0,0,0,0,0,0,0,0,0,0,0,0,0,0,0,0,0,0,0,0,0,0,0,0,0,0,0,0,0,0,0,0,0,0,0,0,0,0,0,0,0,0,0,0,534,534,534,0,0,0,0,0,0
coco_fullframe_0.30,associated,video_002/clip_013,B,1589,1589,1554,35,35,1,1,0,1589,1554,35,35,1,0,0,0,0,0,0,0,0,0,0,0,0,0,0,0,0,0,0,0,0,0,0,0,0,0,0,0,0,0,0,0,0,0,0,0,0,0,0,0,0,0,0,0,0,0,0,0,0,0,0,0,0,0,0,0,0,0,524,524,524,530,495,495,0,0,0,0,0,0,0,0,0
coco_fullframe_0.30,associated,video_002/clip_013,X1,0,0,0,0,0,0,0,0,0,0,0,0,0,0,186,186,0,186,186,1,0,1,186,0,186,186,0,1,0,0,0,0,0,0,0,0,0,0,0,0,0,0,0,0,0,0,0,0,0,0,0,0,0,0,0,0,186,186,0,186,186,1,0,1,186,0,186,186,0,1,0,0,0,0,0,0,0,0,0,0,0,0,0,0,0
coco_fullframe_0.30,selected,video_000/clip_000,A,3030,3030,3030,0,0,1,1,0,3029,3029,1,0,1,0,0,0,0,0,0,0,0,0,0,0,0,0,0,0,0,0,0,0,0,0,0,0,0,0,0,0,0,0,0,0,0,0,0,0,0,0,0,0,0,0,0,0,0,0,0,0,0,0,0,0,0,0,0,0,0,0,0,0,0,0,0,0,1010,1010,1009,0,0,0,0,0,0
coco_fullframe_0.30,selected,video_000/clip_000,B,2936,2936,2936,0,0,1,1,0,2936,2936,0,0,1,0,0,0,0,0,0,0,0,0,0,0,0,0,0,0,0,0,0,0,0,0,0,0,0,0,0,0,0,0,0,0,0,0,0,0,0,0,0,0,0,0,0,0,0,0,0,0,0,0,0,0,0,0,0,0,0,0,931,931,931,995,995,995,0,0,0,0,0,0,0,0,0
coco_fullframe_0.30,selected,video_000/clip_000,X1,0,0,0,0,0,0,0,0,0,0,0,0,0,0,179,179,0,179,179,1,0,1,179,0,179,179,0,1,179,179,0,179,179,1,0,1,179,0,179,179,0,1,0,0,0,0,0,0,0,0,0,0,0,0,0,0,0,0,0,0,0,0,0,0,0,0,0,0,0,0,0,0,0,0,0,0,0,0,0,0,0,0,0,0,0
coco_fullframe_0.30,selected,video_000/clip_007,A,1955,1955,1952,3,3,1,1,0,1955,1952,3,3,1,0,0,0,0,0,0,0,0,0,0,0,0,0,0,0,0,0,0,0,0,0,0,0,0,0,0,0,0,0,0,0,0,0,0,0,0,0,0,0,0,0,0,0,0,0,0,0,0,0,0,0,0,0,0,0,0,0,0,0,0,0,0,0,617,614,614,0,0,0,0,0,0
coco_fullframe_0.30,selected,video_000/clip_007,B,1820,1820,1635,185,185,1,1,0,1820,1635,185,185,1,0,0,0,0,0,0,0,0,0,0,0,0,0,0,0,0,0,0,0,0,0,0,0,0,0,0,0,0,0,0,0,0,0,0,0,0,0,0,0,0,0,0,0,0,0,0,0,0,0,0,0,0,0,0,0,0,0,550,387,387,652,630,630,0,0,0,143,0,143,123,143,123
coco_fullframe_0.30,selected,video_000/clip_007,X1,0,0,0,0,0,0,0,0,0,0,0,0,0,0,352,352,0,352,352,1,0,1,352,0,352,352,0,1,0,0,0,0,0,0,0,0,0,0,0,0,0,0,352,352,0,352,352,1,0,1,352,0,352,352,0,1,0,0,0,0,0,0,0,0,0,0,0,0,0,0,0,0,0,0,0,0,0,0,0,0,0,0,0,0,0
coco_fullframe_0.30,selected,video_000/clip_007,X2,0,0,0,0,0,0,0,0,0,0,0,0,0,0,195,195,0,195,195,1,0,1,195,0,195,195,0,1,0,0,0,0,0,0,0,0,0,0,0,0,0,0,0,0,0,0,0,0,0,0,0,0,0,0,0,0,195,195,0,195,195,1,0,1,195,0,195,195,0,1,0,0,0,0,0,0,0,0,0,0,0,0,0,0,0
coco_fullframe_0.30,selected,video_001/clip_001,A,3900,3900,3900,0,0,1,1,0,3900,3900,0,0,1,0,0,0,0,0,0,0,0,0,0,0,0,0,0,0,0,0,0,0,0,0,0,0,0,0,0,0,0,0,0,0,0,0,0,0,0,0,0,0,0,0,0,0,0,0,0,0,0,0,0,0,0,0,0,0,0,0,0,0,0,0,0,0,1206,1206,1206,0,0,0,0,0,0
coco_fullframe_0.30,selected,video_001/clip_001,B,3724,3724,3232,492,492,1,1,0,3724,3232,492,492,1,0,0,0,0,0,0,0,0,0,0,0,0,0,0,0,0,0,0,0,0,0,0,0,0,0,0,0,0,0,0,0,0,0,0,0,0,0,0,0,0,0,0,0,0,0,0,0,0,0,0,0,0,0,0,0,0,0,1265,1265,1265,1253,958,958,0,0,0,0,0,0,0,0,0
coco_fullframe_0.30,selected,video_001/clip_001,X1,0,0,0,0,0,0,0,0,0,0,0,0,0,0,2074,2074,3,2071,2071,1,0,0,2074,3,2071,2071,0,0,0,0,0,0,0,0,0,0,0,0,0,0,0,0,2074,2074,3,2071,2071,1,0,0,2074,3,2071,2071,0,0,0,0,0,0,0,0,0,0,0,0,0,0,0,0,0,0,0,0,0,0,0,0,0,0,0,0,0,0,0
coco_fullframe_0.30,selected,video_001/clip_001,X2,0,0,0,0,0,0,0,0,0,0,0,0,0,0,216,216,0,216,216,1,0,1,216,0,216,216,0,1,216,216,0,216,216,1,0,1,216,0,216,216,0,1,0,0,0,0,0,0,0,0,0,0,0,0,0,0,0,0,0,0,0,0,0,0,0,0,0,0,0,0,0,0,0,0,0,0,0,0,0,0,0,0,0,0,0
coco_fullframe_0.30,selected,video_001/clip_001,X3,0,0,0,0,0,0,0,0,0,0,0,0,0,0,1198,1198,0,1198,1198,1,0,1,1198,0,1198,1198,0,1,0,0,0,0,0,0,0,0,0,0,0,0,0,0,0,0,0,0,0,0,0,0,0,0,0,0,0,0,1198,1198,0,1198,1198,1,0,1,1198,0,1198,1198,0,1,0,0,0,0,0,0,0,0,0,0,0,0,0,0,0
coco_fullframe_0.30,selected,video_001/clip_001,X4,0,0,0,0,0,0,0,0,0,0,0,0,0,0,54,54,0,54,54,1,0,1,54,0,54,54,0,1,0,0,0,0,0,0,0,0,0,0,0,0,0,0,54,54,0,54,54,1,0,1,54,0,54,54,0,1,0,0,0,0,0,0,0,0,0,0,0,0,0,0,0,0,0,0,0,0,0,0,0,0,0,0,0,0,0
coco_fullframe_0.30,selected,video_002/clip_013,A,1604,1604,1604,0,0,1,1,0,1604,1604,0,0,1,0,0,0,0,0,0,0,0,0,0,0,0,0,0,0,0,0,0,0,0,0,0,0,0,0,0,0,0,0,0,0,0,0,0,0,0,0,0,0,0,0,0,0,0,0,0,0,0,0,0,0,0,0,0,0,0,0,0,0,0,0,0,0,534,534,534,0,0,0,0,0,0
coco_fullframe_0.30,selected,video_002/clip_013,B,1589,1589,1554,35,35,1,1,0,1589,1554,35,35,1,0,0,0,0,0,0,0,0,0,0,0,0,0,0,0,0,0,0,0,0,0,0,0,0,0,0,0,0,0,0,0,0,0,0,0,0,0,0,0,0,0,0,0,0,0,0,0,0,0,0,0,0,0,0,0,0,0,524,524,524,530,495,495,0,0,0,0,0,0,0,0,0
coco_fullframe_0.30,selected,video_002/clip_013,X1,0,0,0,0,0,0,0,0,0,0,0,0,0,0,186,186,0,186,186,1,0,1,186,0,186,186,0,1,0,0,0,0,0,0,0,0,0,0,0,0,0,0,0,0,0,0,0,0,0,0,0,0,0,0,0,0,186,186,0,186,186,1,0,1,186,0,186,186,0,1,0,0,0,0,0,0,0,0,0,0,0,0,0,0,0
union_fullframe_0.30,associated,video_000/clip_000,A,3030,3030,3030,0,0,1,1,0,3026,3026,4,0,1,0,0,0,0,0,0,0,0,0,0,0,0,0,0,0,0,0,0,0,0,0,0,0,0,0,0,0,0,0,0,0,0,0,0,0,0,0,0,0,0,0,0,0,0,0,0,0,0,0,0,0,0,0,0,0,0,0,0,0,0,0,0,0,1010,1010,1007,0,0,0,0,0,0
union_fullframe_0.30,associated,video_000/clip_000,B,2936,2936,2800,136,136,1,1,0,2932,2786,150,146,1,0,0,0,0,0,0,0,0,0,0,0,0,0,0,0,0,0,0,0,0,0,0,0,0,0,0,0,0,0,0,0,0,0,0,0,0,0,0,0,0,0,0,0,0,0,0,0,0,0,0,0,0,0,0,0,0,0,931,931,931,995,859,845,0,0,0,0,0,0,0,0,0
union_fullframe_0.30,associated,video_000/clip_000,X1,0,0,0,0,0,0,0,0,0,0,0,0,0,0,179,179,0,179,179,1,0,1,177,0,179,177,0,1,179,179,0,179,179,1,0,1,177,0,179,177,0,1,0,0,0,0,0,0,0,0,0,0,0,0,0,0,0,0,0,0,0,0,0,0,0,0,0,0,0,0,0,0,0,0,0,0,0,0,0,0,0,0,0,0,0
union_fullframe_0.30,associated,video_000/clip_007,A,1955,1955,1883,72,72,1,1,0,1953,1865,90,88,1,0,0,0,0,0,0,0,0,0,0,0,0,0,0,0,0,0,0,0,0,0,0,0,0,0,0,0,0,0,0,0,0,0,0,0,0,0,0,0,0,0,0,0,0,0,0,0,0,0,0,0,0,0,0,0,0,0,0,0,0,0,0,0,617,545,527,0,0,0,0,0,0
union_fullframe_0.30,associated,video_000/clip_007,B,1820,1820,1805,15,15,1,1,0,1816,1802,18,14,1,0,0,0,0,0,0,0,0,0,0,0,0,0,0,0,0,0,0,0,0,0,0,0,0,0,0,0,0,0,0,0,0,0,0,0,0,0,0,0,0,0,0,0,0,0,0,0,0,0,0,0,0,0,0,0,0,0,550,550,550,652,637,634,0,0,0,143,0,143,143,143,143
union_fullframe_0.30,associated,video_000/clip_007,X1,0,0,0,0,0,0,0,0,0,0,0,0,0,0,352,352,0,352,352,1,0,1,352,0,352,352,0,1,0,0,0,0,0,0,0,0,0,0,0,0,0,0,352,352,0,352,352,1,0,1,352,0,352,352,0,1,0,0,0,0,0,0,0,0,0,0,0,0,0,0,0,0,0,0,0,0,0,0,0,0,0,0,0,0,0
union_fullframe_0.30,associated,video_000/clip_007,X2,0,0,0,0,0,0,0,0,0,0,0,0,0,0,195,195,0,195,195,1,0,1,195,0,195,195,0,1,0,0,0,0,0,0,0,0,0,0,0,0,0,0,0,0,0,0,0,0,0,0,0,0,0,0,0,0,195,195,0,195,195,1,0,1,195,0,195,195,0,1,0,0,0,0,0,0,0,0,0,0,0,0,0,0,0
union_fullframe_0.30,associated,video_001/clip_001,A,3900,3900,3900,0,0,1,1,0,3900,3900,0,0,1,0,0,0,0,0,0,0,0,0,0,0,0,0,0,0,0,0,0,0,0,0,0,0,0,0,0,0,0,0,0,0,0,0,0,0,0,0,0,0,0,0,0,0,0,0,0,0,0,0,0,0,0,0,0,0,0,0,0,0,0,0,0,0,1206,1206,1206,0,0,0,0,0,0
union_fullframe_0.30,associated,video_001/clip_001,B,3724,3720,3234,490,486,1,1,0,3714,3228,496,486,1,0,0,0,0,0,0,0,0,0,0,0,0,0,0,0,0,0,0,0,0,0,0,0,0,0,0,0,0,0,0,0,0,0,0,0,0,0,0,0,0,0,0,0,0,0,0,0,0,0,0,0,0,0,0,0,0,0,1265,1263,1263,1253,951,946,0,0,0,0,0,0,0,0,0
union_fullframe_0.30,associated,video_001/clip_001,X1,0,0,0,0,0,0,0,0,0,0,0,0,0,0,2074,2069,8,2066,2061,1,0,0,2069,5,2069,2064,0,0,0,0,0,0,0,0,0,0,0,0,0,0,0,0,2074,2069,8,2066,2061,1,0,0,2069,5,2069,2064,0,0,0,0,0,0,0,0,0,0,0,0,0,0,0,0,0,0,0,0,0,0,0,0,0,0,0,0,0,0,0
union_fullframe_0.30,associated,video_001/clip_001,X2,0,0,0,0,0,0,0,0,0,0,0,0,0,0,216,216,0,216,216,1,0,1,216,0,216,216,0,1,216,216,0,216,216,1,0,1,216,0,216,216,0,1,0,0,0,0,0,0,0,0,0,0,0,0,0,0,0,0,0,0,0,0,0,0,0,0,0,0,0,0,0,0,0,0,0,0,0,0,0,0,0,0,0,0,0
union_fullframe_0.30,associated,video_001/clip_001,X3,0,0,0,0,0,0,0,0,0,0,0,0,0,0,1198,1198,0,1198,1198,1,0,1,1198,0,1198,1198,0,1,0,0,0,0,0,0,0,0,0,0,0,0,0,0,0,0,0,0,0,0,0,0,0,0,0,0,0,0,1198,1198,0,1198,1198,1,0,1,1198,0,1198,1198,0,1,0,0,0,0,0,0,0,0,0,0,0,0,0,0,0
union_fullframe_0.30,associated,video_001/clip_001,X4,0,0,0,0,0,0,0,0,0,0,0,0,0,0,54,54,0,54,54,1,0,1,54,0,54,54,0,1,0,0,0,0,0,0,0,0,0,0,0,0,0,0,54,54,0,54,54,1,0,1,54,0,54,54,0,1,0,0,0,0,0,0,0,0,0,0,0,0,0,0,0,0,0,0,0,0,0,0,0,0,0,0,0,0,0
union_fullframe_0.30,associated,video_002/clip_013,A,1604,1604,1604,0,0,1,1,0,1601,1601,3,0,1,0,0,0,0,0,0,0,0,0,0,0,0,0,0,0,0,0,0,0,0,0,0,0,0,0,0,0,0,0,0,0,0,0,0,0,0,0,0,0,0,0,0,0,0,0,0,0,0,0,0,0,0,0,0,0,0,0,0,0,0,0,0,0,534,534,531,0,0,0,0,0,0
union_fullframe_0.30,associated,video_002/clip_013,B,1589,1589,1531,58,58,1,1,0,1580,1476,113,104,1,0,0,0,0,0,0,0,0,0,0,0,0,0,0,0,0,0,0,0,0,0,0,0,0,0,0,0,0,0,0,0,0,0,0,0,0,0,0,0,0,0,0,0,0,0,0,0,0,0,0,0,0,0,0,0,0,0,524,524,524,530,472,417,0,0,0,0,0,0,0,0,0
union_fullframe_0.30,associated,video_002/clip_013,X1,0,0,0,0,0,0,0,0,0,0,0,0,0,0,186,186,0,186,186,1,0,1,186,0,186,186,0,1,0,0,0,0,0,0,0,0,0,0,0,0,0,0,0,0,0,0,0,0,0,0,0,0,0,0,0,0,186,186,0,186,186,1,0,1,186,0,186,186,0,1,0,0,0,0,0,0,0,0,0,0,0,0,0,0,0
union_fullframe_0.30,selected,video_000/clip_000,A,3030,3030,3030,0,0,1,1,0,3026,3026,4,0,1,0,0,0,0,0,0,0,0,0,0,0,0,0,0,0,0,0,0,0,0,0,0,0,0,0,0,0,0,0,0,0,0,0,0,0,0,0,0,0,0,0,0,0,0,0,0,0,0,0,0,0,0,0,0,0,0,0,0,0,0,0,0,0,1010,1010,1007,0,0,0,0,0,0
union_fullframe_0.30,selected,video_000/clip_000,B,2936,2936,2800,136,136,1,1,0,2932,2786,150,146,1,0,0,0,0,0,0,0,0,0,0,0,0,0,0,0,0,0,0,0,0,0,0,0,0,0,0,0,0,0,0,0,0,0,0,0,0,0,0,0,0,0,0,0,0,0,0,0,0,0,0,0,0,0,0,0,0,0,931,931,931,995,859,845,0,0,0,0,0,0,0,0,0
union_fullframe_0.30,selected,video_000/clip_000,X1,0,0,0,0,0,0,0,0,0,0,0,0,0,0,179,179,0,179,179,1,0,1,177,0,179,177,0,1,179,179,0,179,179,1,0,1,177,0,179,177,0,1,0,0,0,0,0,0,0,0,0,0,0,0,0,0,0,0,0,0,0,0,0,0,0,0,0,0,0,0,0,0,0,0,0,0,0,0,0,0,0,0,0,0,0
union_fullframe_0.30,selected,video_000/clip_007,A,1955,1955,1883,72,72,1,1,0,1953,1865,90,88,1,0,0,0,0,0,0,0,0,0,0,0,0,0,0,0,0,0,0,0,0,0,0,0,0,0,0,0,0,0,0,0,0,0,0,0,0,0,0,0,0,0,0,0,0,0,0,0,0,0,0,0,0,0,0,0,0,0,0,0,0,0,0,0,617,545,527,0,0,0,0,0,0
union_fullframe_0.30,selected,video_000/clip_007,B,1820,1820,1805,15,15,1,1,0,1816,1802,18,14,1,0,0,0,0,0,0,0,0,0,0,0,0,0,0,0,0,0,0,0,0,0,0,0,0,0,0,0,0,0,0,0,0,0,0,0,0,0,0,0,0,0,0,0,0,0,0,0,0,0,0,0,0,0,0,0,0,0,550,550,550,652,637,634,0,0,0,143,0,143,143,143,143
union_fullframe_0.30,selected,video_000/clip_007,X1,0,0,0,0,0,0,0,0,0,0,0,0,0,0,352,352,0,352,352,1,0,1,352,0,352,352,0,1,0,0,0,0,0,0,0,0,0,0,0,0,0,0,352,352,0,352,352,1,0,1,352,0,352,352,0,1,0,0,0,0,0,0,0,0,0,0,0,0,0,0,0,0,0,0,0,0,0,0,0,0,0,0,0,0,0
union_fullframe_0.30,selected,video_000/clip_007,X2,0,0,0,0,0,0,0,0,0,0,0,0,0,0,195,195,0,195,195,1,0,1,195,0,195,195,0,1,0,0,0,0,0,0,0,0,0,0,0,0,0,0,0,0,0,0,0,0,0,0,0,0,0,0,0,0,195,195,0,195,195,1,0,1,195,0,195,195,0,1,0,0,0,0,0,0,0,0,0,0,0,0,0,0,0
union_fullframe_0.30,selected,video_001/clip_001,A,3900,3900,3900,0,0,1,1,0,3900,3900,0,0,1,0,0,0,0,0,0,0,0,0,0,0,0,0,0,0,0,0,0,0,0,0,0,0,0,0,0,0,0,0,0,0,0,0,0,0,0,0,0,0,0,0,0,0,0,0,0,0,0,0,0,0,0,0,0,0,0,0,0,0,0,0,0,0,1206,1206,1206,0,0,0,0,0,0
union_fullframe_0.30,selected,video_001/clip_001,B,3724,3720,3234,490,486,1,1,0,3714,3228,496,486,1,0,0,0,0,0,0,0,0,0,0,0,0,0,0,0,0,0,0,0,0,0,0,0,0,0,0,0,0,0,0,0,0,0,0,0,0,0,0,0,0,0,0,0,0,0,0,0,0,0,0,0,0,0,0,0,0,0,1265,1263,1263,1253,951,946,0,0,0,0,0,0,0,0,0
union_fullframe_0.30,selected,video_001/clip_001,X1,0,0,0,0,0,0,0,0,0,0,0,0,0,0,2074,2069,8,2066,2061,1,0,0,2069,5,2069,2064,0,0,0,0,0,0,0,0,0,0,0,0,0,0,0,0,2074,2069,8,2066,2061,1,0,0,2069,5,2069,2064,0,0,0,0,0,0,0,0,0,0,0,0,0,0,0,0,0,0,0,0,0,0,0,0,0,0,0,0,0,0,0
union_fullframe_0.30,selected,video_001/clip_001,X2,0,0,0,0,0,0,0,0,0,0,0,0,0,0,216,216,0,216,216,1,0,1,216,0,216,216,0,1,216,216,0,216,216,1,0,1,216,0,216,216,0,1,0,0,0,0,0,0,0,0,0,0,0,0,0,0,0,0,0,0,0,0,0,0,0,0,0,0,0,0,0,0,0,0,0,0,0,0,0,0,0,0,0,0,0
union_fullframe_0.30,selected,video_001/clip_001,X3,0,0,0,0,0,0,0,0,0,0,0,0,0,0,1198,1198,0,1198,1198,1,0,1,1198,0,1198,1198,0,1,0,0,0,0,0,0,0,0,0,0,0,0,0,0,0,0,0,0,0,0,0,0,0,0,0,0,0,0,1198,1198,0,1198,1198,1,0,1,1198,0,1198,1198,0,1,0,0,0,0,0,0,0,0,0,0,0,0,0,0,0
union_fullframe_0.30,selected,video_001/clip_001,X4,0,0,0,0,0,0,0,0,0,0,0,0,0,0,54,54,0,54,54,1,0,1,54,0,54,54,0,1,0,0,0,0,0,0,0,0,0,0,0,0,0,0,54,54,0,54,54,1,0,1,54,0,54,54,0,1,0,0,0,0,0,0,0,0,0,0,0,0,0,0,0,0,0,0,0,0,0,0,0,0,0,0,0,0,0
union_fullframe_0.30,selected,video_002/clip_013,A,1604,1604,1604,0,0,1,1,0,1601,1601,3,0,1,0,0,0,0,0,0,0,0,0,0,0,0,0,0,0,0,0,0,0,0,0,0,0,0,0,0,0,0,0,0,0,0,0,0,0,0,0,0,0,0,0,0,0,0,0,0,0,0,0,0,0,0,0,0,0,0,0,0,0,0,0,0,0,534,534,531,0,0,0,0,0,0
union_fullframe_0.30,selected,video_002/clip_013,B,1589,1589,1531,58,58,1,1,0,1580,1476,113,104,1,0,0,0,0,0,0,0,0,0,0,0,0,0,0,0,0,0,0,0,0,0,0,0,0,0,0,0,0,0,0,0,0,0,0,0,0,0,0,0,0,0,0,0,0,0,0,0,0,0,0,0,0,0,0,0,0,0,524,524,524,530,472,417,0,0,0,0,0,0,0,0,0
union_fullframe_0.30,selected,video_002/clip_013,X1,0,0,0,0,0,0,0,0,0,0,0,0,0,0,186,186,0,186,186,1,0,1,186,0,186,186,0,1,0,0,0,0,0,0,0,0,0,0,0,0,0,0,0,0,0,0,0,0,0,0,0,0,0,0,0,0,186,186,0,186,186,1,0,1,186,0,186,186,0,1,0,0,0,0,0,0,0,0,0,0,0,0,0,0,0
