source,camera,near_far,frames,persons,persons_per_frame,track_observations,selected_observations,tracks_total,selected_tracks_total,tracks_per_frame,selected_per_frame,max_tracks_per_frame,max_selected_per_frame
coco_fullframe_0.05,all,all,10491,214397,20.436278715089124,204829,14816,3930,27,19.524258888571158,1.412258126012773,43,3
coco_fullframe_0.05,all,far,10491,175922,16.76884949003908,168129,5174,3326,15,16.026022304832715,0.49318463444857497,37,2
coco_fullframe_0.05,all,near,10491,29071,2.771041845391288,27636,9035,626,13,2.634257935373177,0.8612143742255266,22,1
coco_fullframe_0.05,all,unknown,10491,9404,0.8963873796587551,9064,607,594,19,0.8639786483652655,0.057859117338671245,37,2
coco_fullframe_0.05,cam0,all,3497,94996,27.164998570203032,91661,4141,1489,8,26.211323991993137,1.1841578495853589,43,2
coco_fullframe_0.05,cam0,far,3497,69858,19.97655132971118,67706,1105,1058,4,19.361166714326565,0.3159851301115242,37,1
coco_fullframe_0.05,cam0,near,3497,19103,5.462682299113526,18118,2743,451,4,5.181012296253932,0.7843866171003717,22,1
coco_fullframe_0.05,cam0,unknown,3497,6035,1.7257649413783243,5837,293,355,8,1.6691449814126393,0.08378610237346297,37,2
coco_fullframe_0.05,cam1,all,3497,69541,19.885902201887333,66195,5382,1228,8,18.92908207034601,1.5390334572490707,38,2
coco_fullframe_0.05,cam1,far,3497,63007,18.017443523019733,59943,2009,1157,5,17.141263940520446,0.5744924220760652,37,1
coco_fullframe_0.05,cam1,near,3497,5133,1.4678295682013154,4895,3295,84,4,1.3997712324849871,0.9422362024592508,9,1
coco_fullframe_0.05,cam1,unknown,3497,1401,0.40062911066628537,1357,78,137,5,0.3880468973405776,0.022304832713754646,34,2
coco_fullframe_0.05,cam2,all,3497,49860,14.257935373177009,46973,5293,1213,11,13.43237060337432,1.5135830712038891,30,3
coco_fullframe_0.05,cam2,far,3497,43057,12.312553617386332,40480,2060,1111,6,11.57563625965113,0.5890763511581355,26,2
coco_fullframe_0.05,cam2,near,3497,4835,1.382613668859022,4623,2997,91,5,1.321990277380612,0.8570203031169574,12,1
coco_fullframe_0.05,cam2,unknown,3497,1968,0.5627680869316557,1870,236,102,6,0.5347440663425793,0.06748641692879612,20,2
coco_fullframe_0.10,all,all,10491,68361,6.516156705747783,66514,18276,844,33,6.3401010389857975,1.7420646268229911,16,3
coco_fullframe_0.10,all,far,10491,50232,4.788104089219331,48684,8132,735,19,4.640549042036031,0.775140596701935,14,2
coco_fullframe_0.10,all,near,10491,15226,1.4513392431608045,15012,9553,122,14,1.4309408064054905,0.9105900295491374,10,2
coco_fullframe_0.10,all,unknown,10491,2903,0.27671337336764845,2818,591,173,22,0.26861119054427607,0.056334000571918785,16,3
coco_fullframe_0.10,cam0,all,3497,27307,7.808693165570489,26600,5970,349,11,7.606519874177867,1.7071775807835288,16,3
coco_fullframe_0.10,cam0,far,3497,18297,5.232199027738061,17771,2627,288,6,5.0817843866171,0.7512153274235058,14,2
coco_fullframe_0.10,cam0,near,3497,7286,2.083500142979697,7155,2987,69,5,2.04603946239634,0.8541607091792965,10,2
coco_fullframe_0.10,cam0,unknown,3497,1724,0.49299399485273093,1674,356,97,9,0.47869602516442666,0.10180154418072633,16,3
coco_fullframe_0.10,cam1,all,3497,21745,6.218187017443523,21105,6178,270,10,6.035173005433228,1.7666571346868745,14,3
coco_fullframe_0.10,cam1,far,3497,17157,4.906205318844724,16568,2655,254,6,4.7377752359165,0.7592221904489562,11,2
coco_fullframe_0.10,cam1,near,3497,4122,1.1787246211038032,4078,3430,20,4,1.1661424077780955,0.9808407206176722,5,1
coco_fullframe_0.10,cam1,unknown,3497,466,0.1332570774949957,459,93,45,7,0.13125536173863311,0.026594223620245924,14,3
coco_fullframe_0.10,cam2,all,3497,19309,5.52158993422934,18809,6128,225,12,5.3786102373462965,1.7523591649985701,12,3
coco_fullframe_0.10,cam2,far,3497,14778,4.2259079210752075,14345,2850,193,7,4.102087503574492,0.8149842722333429,11,2
coco_fullframe_0.10,cam2,near,3497,3818,1.0917929653989134,3779,3136,33,5,1.080640549042036,0.8967686588504432,7,1
coco_fullframe_0.10,cam2,unknown,3497,713,0.20388904775521877,685,142,31,6,0.19588218472976837,0.0406062339147841,10,2
coco_fullframe_0.30,all,all,10491,40531,3.8634067295777332,40361,19934,120,31,3.8472023639309882,1.9001048517777142,7,3
coco_fullframe_0.30,all,far,10491,25406,2.4216947860070537,25272,9558,90,18,2.408921933085502,0.9110666285387475,6,2
coco_fullframe_0.30,all,near,10491,13541,1.2907253836621866,13518,9870,37,13,1.28853302830998,0.9408064054904204,4,1
coco_fullframe_0.30,all,unknown,10491,1584,0.150986559908493,1571,506,52,20,0.1497474025355066,0.048231817748546374,6,2
coco_fullframe_0.30,cam0,all,3497,17047,4.8747497855304545,16985,6671,51,10,4.857020303116958,1.9076351158135545,7,2
coco_fullframe_0.30,cam0,far,3497,9978,2.853302830997998,9932,3107,40,6,2.840148698884758,0.8884758364312267,5,1
coco_fullframe_0.30,cam0,near,3497,6092,1.7420646268229911,6083,3270,16,4,1.7394909922790964,0.9350872176150986,4,1
coco_fullframe_0.30,cam0,unknown,3497,977,0.27938232770946525,970,294,29,9,0.27738061195310265,0.08407206176722905,6,2
coco_fullframe_0.30,cam1,all,3497,9238,2.6416928796110954,9195,6580,22,9,2.6293966256791537,1.8816128109808408,4,2
coco_fullframe_0.30,cam1,far,3497,5131,1.4672576494137832,5094,3081,16,5,1.4566771518444381,0.8810408921933085,3,1
coco_fullframe_0.30,cam1,near,3497,3945,1.128109808407206,3941,3430,6,4,1.1269659708321418,0.9808407206176722,2,1
coco_fullframe_0.30,cam1,unknown,3497,162,0.046325421790105806,160,69,7,5,0.04575350300257364,0.01973119816985988,4,2
coco_fullframe_0.30,cam2,all,3497,14246,4.07377752359165,14181,6683,47,12,4.055190162996855,1.9110666285387474,7,3
coco_fullframe_0.30,cam2,far,3497,10297,2.9445238776093796,10246,3370,34,7,2.929939948527309,0.9636831569917071,6,2
coco_fullframe_0.30,cam2,near,3497,3504,1.0020017157563625,3494,3170,15,5,0.9991421218187018,0.9064912782384902,3,1
coco_fullframe_0.30,cam2,unknown,3497,445,0.12725193022590792,441,143,16,6,0.12610809265084358,0.040892193308550186,5,2
ft_base_0.01,all,all,10491,57490,5.479935182537413,55297,19729,912,36,5.270898865694405,1.8805642932036983,55,4
ft_base_0.01,all,far,10491,28514,2.717948717948718,27436,9720,442,24,2.615193975788771,0.9265084358021161,11,3
ft_base_0.01,all,near,10491,24983,2.381374511486036,24050,9384,469,12,2.292441140024783,0.8944809837003146,51,1
ft_base_0.01,all,unknown,10491,3993,0.38061195310265944,3811,625,233,22,0.36326374988085025,0.05957487370126775,48,4
ft_base_0.01,cam0,all,3497,24921,7.12639405204461,23874,7254,399,17,6.826994566771519,2.074349442379182,24,4
ft_base_0.01,cam0,far,3497,12561,3.5919359450957966,12030,3709,224,13,3.440091507006005,1.06062339147841,11,3
ft_base_0.01,cam0,near,3497,10801,3.0886474120674863,10335,3149,197,4,2.9553903345724906,0.9004861309694023,17,1
ft_base_0.01,cam0,unknown,3497,1559,0.44581069488132685,1509,396,78,12,0.4315127251930226,0.11323991993136974,15,4
ft_base_0.01,cam1,all,3497,11973,3.423791821561338,11368,6226,237,11,3.2507863883328567,1.7803831855876466,41,3
ft_base_0.01,cam1,far,3497,6692,1.9136402630826423,6277,2726,149,7,1.7949671146697168,0.7795253074063483,7,2
ft_base_0.01,cam1,near,3497,5061,1.4472404918501574,4883,3427,93,4,1.3963397197597942,0.979982842436374,40,1
ft_base_0.01,cam1,unknown,3497,220,0.06291106662853875,208,73,17,5,0.05947955390334572,0.02087503574492422,6,2
ft_base_0.01,cam2,all,3497,20596,5.889619674006291,20055,6249,276,8,5.734915641978839,1.7869602516442664,55,2
ft_base_0.01,cam2,far,3497,9261,2.6482699456677152,9129,3285,69,4,2.610523305690592,0.9393766085215899,7,1
ft_base_0.01,cam2,near,3497,9121,2.608235630540463,8832,2808,179,4,2.525593365742065,0.8029739776951673,51,1
ft_base_0.01,cam2,unknown,3497,2214,0.6331140977981127,2094,156,138,5,0.5987989705461825,0.04460966542750929,48,2
ft_base_0.02,all,all,10491,38915,3.7093699361357353,38118,18707,383,34,3.6334000571918788,1.7831474597273853,35,3
ft_base_0.02,all,far,10491,20177,1.923267562672767,19799,8354,180,21,1.8872366790582404,0.7963015918406253,7,2
ft_base_0.02,all,near,10491,16323,1.5559050614812697,16029,9760,198,13,1.5278810408921932,0.9303212277189973,33,1
ft_base_0.02,all,unknown,10491,2415,0.2301973119816986,2290,593,149,23,0.21828233724144505,0.056524640167762846,34,2
ft_base_0.02,cam0,all,3497,14793,4.230197311981699,14486,5547,141,12,4.14240777809551,1.5862167572204746,9,3
ft_base_0.02,cam0,far,3497,7724,2.2087503574492424,7517,2079,98,8,2.1495567629396626,0.5945095796396912,7,2
ft_base_0.02,cam0,near,3497,6139,1.7555047183299972,6057,3158,53,4,1.7320560480411782,0.9030597655132971,5,1
ft_base_0.02,cam0,unknown,3497,930,0.26594223620245927,912,310,42,10,0.2607949671146697,0.08864741206748641,7,2
ft_base_0.02,cam1,all,3497,8712,2.491278238490134,8528,6454,83,13,2.4386617100371746,1.8455819273663139,22,3
ft_base_0.02,cam1,far,3497,4431,1.2670860737775236,4302,2911,53,9,1.2301973119816987,0.8324277952530741,4,2
ft_base_0.02,cam1,near,3497,4111,1.1755790677723763,4059,3430,30,4,1.1607091792965398,0.9808407206176722,21,1
ft_base_0.02,cam1,unknown,3497,170,0.04861309694023449,167,113,11,6,0.04775521875893623,0.03231341149556763,4,2
ft_base_0.02,cam2,all,3497,15410,4.406634257935373,15104,6706,159,9,4.3191306834429515,1.9176436945953674,35,2
ft_base_0.02,cam2,far,3497,8022,2.2939662567915358,7980,3364,29,4,2.28195596225336,0.9619674006291107,5,1
ft_base_0.02,cam2,near,3497,6073,1.7366313983414354,5913,3172,115,5,1.690877895338862,0.9070631970260223,33,1
ft_base_0.02,cam2,unknown,3497,1315,0.37603660280240203,1211,170,96,7,0.3462968258507292,0.04861309694023449,34,2
ft_base_0.05,all,all,10491,30520,2.909160232580307,30167,17603,206,28,2.875512343913831,1.677914402821466,21,3
ft_base_0.05,all,far,10491,15244,1.453054999523401,15065,7737,106,16,1.435992755695358,0.7374892765227338,4,2
ft_base_0.05,all,near,10491,13665,1.302545038604518,13560,9378,95,12,1.2925364598227052,0.8939090649127824,19,1
ft_base_0.05,all,unknown,10491,1611,0.15356019445238775,1542,488,91,17,0.1469831283957678,0.04651606138594986,20,2
ft_base_0.05,cam0,all,3497,10829,3.096654275092937,10700,4724,73,10,3.059765513297112,1.3508721761509865,6,3
ft_base_0.05,cam0,far,3497,4733,1.3534458106948812,4626,1315,59,6,1.3228481555619103,0.37603660280240203,4,2
ft_base_0.05,cam0,near,3497,5419,1.5496139548184158,5402,3160,20,4,1.5447526451243923,0.9036316843008293,3,1
ft_base_0.05,cam0,unknown,3497,677,0.1935945095796397,672,249,25,7,0.19216471261080925,0.07120388904775522,5,2
ft_base_0.05,cam1,all,3497,7845,2.2433514440949387,7789,6599,38,10,2.227337718044038,1.8870460394623962,12,3
ft_base_0.05,cam1,far,3497,3708,1.060337432084644,3670,3064,22,6,1.0494709751215328,0.8761795824992851,3,2
ft_base_0.05,cam1,near,3497,3980,1.1381183871890193,3963,3430,15,4,1.1332570774949957,0.9808407206176722,11,1
ft_base_0.05,cam1,unknown,3497,157,0.044895624821275376,156,105,9,5,0.04460966542750929,0.03002573634543895,3,2
ft_base_0.05,cam2,all,3497,11846,3.3874749785530454,11678,6280,95,8,3.339433800400343,1.795824992851015,21,2
ft_base_0.05,cam2,far,3497,6803,1.9453817557906776,6769,3358,25,4,1.9356591364026308,0.9602516442665141,4,1
ft_base_0.05,cam2,near,3497,4266,1.2199027738061194,4195,2788,60,4,1.1995996568487275,0.7972547898198455,19,1
ft_base_0.05,cam2,unknown,3497,777,0.2221904489562482,714,134,57,5,0.20417500714898484,0.03831855876465542,20,2
union_fullframe_0.30,all,all,10491,40917,3.9002001715756363,40729,19883,138,30,3.882280049566295,1.8952435420836908,7,3
union_fullframe_0.30,all,far,10491,25643,2.4442855781145743,25506,9487,102,15,2.4312267657992566,0.9042989228862834,6,1
union_fullframe_0.30,all,near,10491,13588,1.295205414164522,13560,9887,44,15,1.2925364598227052,0.9424268420550949,4,2
union_fullframe_0.30,all,unknown,10491,1686,0.16070917929653988,1663,509,60,22,0.15851682394433325,0.04851777714231246,7,3
union_fullframe_0.30,cam0,all,3497,17310,4.949957106090935,17235,6818,61,12,4.928510151558479,1.949671146697169,7,3
union_fullframe_0.30,cam0,far,3497,10129,2.8964826994566772,10081,3268,44,7,2.882756648555905,0.9345152988275665,5,1
union_fullframe_0.30,cam0,near,3497,6140,1.7557906777237633,6121,3273,23,5,1.7503574492422076,0.935945095796397,4,2
union_fullframe_0.30,cam0,unknown,3497,1041,0.2976837289104947,1033,277,33,9,0.29539605376036604,0.0792107520732056,6,2
union_fullframe_0.30,cam1,all,3497,9303,2.660280240205891,9258,6425,24,8,2.647412067486417,1.8372891049470974,5,2
union_fullframe_0.30,cam1,far,3497,5196,1.4858450100085787,5155,2924,18,4,1.4741206748641693,0.8361452673720332,3,1
union_fullframe_0.30,cam1,near,3497,3944,1.12782384901344,3941,3430,6,4,1.1269659708321418,0.9808407206176722,2,1
union_fullframe_0.30,cam1,unknown,3497,163,0.04661138118387189,162,71,8,5,0.046325421790105806,0.02030311695739205,4,2
union_fullframe_0.30,cam2,all,3497,14304,4.090363168430083,14236,6640,53,10,4.070917929653989,1.8987703746068059,7,3
union_fullframe_0.30,cam2,far,3497,10318,2.9505290248784672,10270,3295,40,4,2.936802973977695,0.9422362024592508,6,1
union_fullframe_0.30,cam2,near,3497,3504,1.0020017157563625,3498,3184,15,6,1.000285959393766,0.9104947097512154,3,2
union_fullframe_0.30,cam2,unknown,3497,482,0.13783242779525307,468,161,19,8,0.13382899628252787,0.04603946239633972,7,3
