source,camera,near_far,frames,persons,inside,outside,player_units,player_hit_05,player_hit_03,non_player_units,non_player_hit_05,non_player_hit_03,persons_per_frame
coco_fullframe_0.05,all,all,10491,214397,62992,151405,20558,20558,20558,4454,4454,4454,20.436278715089124
coco_fullframe_0.05,all,far,10491,175922,44355,131567,10067,10067,10067,3596,3596,3596,16.76884949003908
coco_fullframe_0.05,all,near,10491,29071,16009,13062,10067,10067,10067,639,639,639,2.771041845391288
coco_fullframe_0.05,all,unknown,10491,9404,2628,6776,424,424,424,219,219,219,0.8963873796587551
coco_fullframe_0.05,cam0,all,3497,94996,24489,70507,6767,6767,6767,1534,1534,1534,27.164998570203032
coco_fullframe_0.05,cam0,far,3497,69858,15582,54276,3270,3270,3270,897,897,897,19.97655132971118
coco_fullframe_0.05,cam0,near,3497,19103,7599,11504,3270,3270,3270,561,561,561,5.462682299113526
coco_fullframe_0.05,cam0,unknown,3497,6035,1308,4727,227,227,227,76,76,76,1.7257649413783243
coco_fullframe_0.05,cam1,all,3497,69541,20866,48675,6927,6927,6927,1237,1237,1237,19.885902201887333
coco_fullframe_0.05,cam1,far,3497,63007,16578,46429,3430,3430,3430,1146,1146,1146,18.017443523019733
coco_fullframe_0.05,cam1,near,3497,5133,3793,1340,3430,3430,3430,78,78,78,1.4678295682013154
coco_fullframe_0.05,cam1,unknown,3497,1401,495,906,67,67,67,13,13,13,0.40062911066628537
coco_fullframe_0.05,cam2,all,3497,49860,17637,32223,6864,6864,6864,1683,1683,1683,14.257935373177009
coco_fullframe_0.05,cam2,far,3497,43057,12195,30862,3367,3367,3367,1553,1553,1553,12.312553617386332
coco_fullframe_0.05,cam2,near,3497,4835,4617,218,3367,3367,3367,,,,1.382613668859022
coco_fullframe_0.05,cam2,unknown,3497,1968,825,1143,130,130,130,130,130,130,0.5627680869316557
coco_fullframe_0.10,all,all,10491,68361,29509,38852,20558,20558,20558,4454,4454,4454,6.516156705747783
coco_fullframe_0.10,all,far,10491,50232,17021,33211,10067,10067,10067,3596,3596,3596,4.788104089219331
coco_fullframe_0.10,all,near,10491,15226,11268,3958,10067,10067,10067,639,639,639,1.4513392431608045
coco_fullframe_0.10,all,unknown,10491,2903,1220,1683,424,424,424,219,219,219,0.27671337336764845
coco_fullframe_0.10,cam0,all,3497,27307,9804,17503,6767,6767,6767,1534,1534,1534,7.808693165570489
coco_fullframe_0.10,cam0,far,3497,18297,5202,13095,3270,3270,3270,897,897,897,5.232199027738061
coco_fullframe_0.10,cam0,near,3497,7286,4039,3247,3270,3270,3270,561,561,561,2.083500142979697
coco_fullframe_0.10,cam0,unknown,3497,1724,563,1161,227,227,227,76,76,76,0.49299399485273093
coco_fullframe_0.10,cam1,all,3497,21745,9217,12528,6927,6927,6927,1237,1237,1237,6.218187017443523
coco_fullframe_0.10,cam1,far,3497,17157,5463,11694,3430,3430,3430,1146,1146,1146,4.906205318844724
coco_fullframe_0.10,cam1,near,3497,4122,3521,601,3430,3430,3430,78,78,78,1.1787246211038032
coco_fullframe_0.10,cam1,unknown,3497,466,233,233,67,67,67,13,13,13,0.1332570774949957
coco_fullframe_0.10,cam2,all,3497,19309,10488,8821,6864,6864,6864,1683,1683,1683,5.52158993422934
coco_fullframe_0.10,cam2,far,3497,14778,6356,8422,3367,3367,3367,1553,1553,1553,4.2259079210752075
coco_fullframe_0.10,cam2,near,3497,3818,3708,110,3367,3367,3367,,,,1.0917929653989134
coco_fullframe_0.10,cam2,unknown,3497,713,424,289,130,130,130,130,130,130,0.20388904775521877
coco_fullframe_0.30,all,all,10491,40531,25264,15267,20558,20557,20558,4454,4454,4454,3.8634067295777332
coco_fullframe_0.30,all,far,10491,25406,13791,11615,10067,10066,10067,3596,3596,3596,2.4216947860070537
coco_fullframe_0.30,all,near,10491,13541,10769,2772,10067,10067,10067,639,639,639,1.2907253836621866
coco_fullframe_0.30,all,unknown,10491,1584,704,880,424,424,424,219,219,219,0.150986559908493
coco_fullframe_0.30,cam0,all,3497,17047,8329,8718,6767,6767,6767,1534,1534,1534,4.8747497855304545
coco_fullframe_0.30,cam0,far,3497,9978,4175,5803,3270,3270,3270,897,897,897,2.853302830997998
coco_fullframe_0.30,cam0,near,3497,6092,3839,2253,3270,3270,3270,561,561,561,1.7420646268229911
coco_fullframe_0.30,cam0,unknown,3497,977,315,662,227,227,227,76,76,76,0.27938232770946525
coco_fullframe_0.30,cam1,all,3497,9238,8277,961,6927,6927,6927,1237,1237,1237,2.6416928796110954
coco_fullframe_0.30,cam1,far,3497,5131,4647,484,3430,3430,3430,1146,1146,1146,1.4672576494137832
coco_fullframe_0.30,cam1,near,3497,3945,3510,435,3430,3430,3430,78,78,78,1.128109808407206
coco_fullframe_0.30,cam1,unknown,3497,162,120,42,67,67,67,13,13,13,0.046325421790105806
coco_fullframe_0.30,cam2,all,3497,14246,8658,5588,6864,6863,6864,1683,1683,1683,4.07377752359165
coco_fullframe_0.30,cam2,far,3497,10297,4969,5328,3367,3366,3367,1553,1553,1553,2.9445238776093796
coco_fullframe_0.30,cam2,near,3497,3504,3420,84,3367,3367,3367,,,,1.0020017157563625
coco_fullframe_0.30,cam2,unknown,3497,445,269,176,130,130,130,130,130,130,0.12725193022590792
ft_base_0.01,all,all,10491,57490,34943,22547,20558,19825,20258,4454,2576,2872,5.479935182537413
ft_base_0.01,all,far,10491,28514,14570,13944,10067,9338,9767,3596,1909,2113,2.717948717948718
ft_base_0.01,all,near,10491,24983,17409,7574,10067,10063,10067,639,589,639,2.381374511486036
ft_base_0.01,all,unknown,10491,3993,2964,1029,424,424,424,219,78,120,0.38061195310265944
ft_base_0.01,cam0,all,3497,24921,11088,13833,6767,6258,6494,1534,1080,1324,7.12639405204461
ft_base_0.01,cam0,far,3497,12561,5604,6957,3270,2763,2997,897,506,687,3.5919359450957966
ft_base_0.01,cam0,near,3497,10801,4719,6082,3270,3268,3270,561,511,561,3.0886474120674863
ft_base_0.01,cam0,unknown,3497,1559,765,794,227,227,227,76,63,76,0.44581069488132685
ft_base_0.01,cam1,all,3497,11973,8579,3394,6927,6731,6901,1237,838,855,3.423791821561338
ft_base_0.01,cam1,far,3497,6692,4788,1904,3430,3234,3404,1146,749,764,1.9136402630826423
ft_base_0.01,cam1,near,3497,5061,3636,1425,3430,3430,3430,78,78,78,1.4472404918501574
ft_base_0.01,cam1,unknown,3497,220,155,65,67,67,67,13,11,13,0.06291106662853875
ft_base_0.01,cam2,all,3497,20596,15276,5320,6864,6836,6863,1683,658,693,5.889619674006291
ft_base_0.01,cam2,far,3497,9261,4178,5083,3367,3341,3366,1553,654,662,2.6482699456677152
ft_base_0.01,cam2,near,3497,9121,9054,67,3367,3365,3367,,,,2.608235630540463
ft_base_0.01,cam2,unknown,3497,2214,2044,170,130,130,130,130,4,31,0.6331140977981127
ft_base_0.02,all,all,10491,38915,26546,12369,20558,19451,19832,4454,1511,1699,3.7093699361357353
ft_base_0.02,all,far,10491,20177,11005,9172,10067,8969,9344,3596,850,948,1.923267562672767
ft_base_0.02,all,near,10491,16323,13733,2590,10067,10058,10064,639,589,639,1.5559050614812697
ft_base_0.02,all,unknown,10491,2415,1808,607,424,424,424,219,72,112,0.2301973119816986
ft_base_0.02,cam0,all,3497,14793,8178,6615,6767,5935,6095,1534,913,1059,4.230197311981699
ft_base_0.02,cam0,far,3497,7724,3450,4274,3270,2440,2598,897,339,424,2.2087503574492424
ft_base_0.02,cam0,near,3497,6139,4195,1944,3270,3268,3270,561,511,561,1.7555047183299972
ft_base_0.02,cam0,unknown,3497,930,533,397,227,227,227,76,63,74,0.26594223620245927
ft_base_0.02,cam1,all,3497,8712,7536,1176,6927,6687,6878,1237,332,349,2.491278238490134
ft_base_0.02,cam1,far,3497,4431,3889,542,3430,3190,3381,1146,245,258,1.2670860737775236
ft_base_0.02,cam1,near,3497,4111,3519,592,3430,3430,3430,78,78,78,1.1755790677723763
ft_base_0.02,cam1,unknown,3497,170,128,42,67,67,67,13,9,13,0.04861309694023449
ft_base_0.02,cam2,all,3497,15410,10832,4578,6864,6829,6859,1683,266,291,4.406634257935373
ft_base_0.02,cam2,far,3497,8022,3666,4356,3367,3339,3365,1553,266,266,2.2939662567915358
ft_base_0.02,cam2,near,3497,6073,6019,54,3367,3360,3364,,,,1.7366313983414354
ft_base_0.02,cam2,unknown,3497,1315,1147,168,130,130,130,130,0,25,0.37603660280240203
ft_base_0.05,all,all,10491,30520,21717,8803,20558,18697,18940,4454,877,972,2.909160232580307
ft_base_0.05,all,far,10491,15244,8821,6423,10067,8219,8459,3596,220,243,1.453054999523401
ft_base_0.05,all,near,10491,13665,11768,1897,10067,10054,10057,639,589,635,1.302545038604518
ft_base_0.05,all,unknown,10491,1611,1128,483,424,424,424,219,68,94,0.15356019445238775
ft_base_0.05,cam0,all,3497,10829,6384,4445,6767,5298,5335,1534,646,708,3.096654275092937
ft_base_0.05,cam0,far,3497,4733,1944,2789,3270,1803,1838,897,76,91,1.3534458106948812
ft_base_0.05,cam0,near,3497,5419,4036,1383,3270,3268,3270,561,511,557,1.5496139548184158
ft_base_0.05,cam0,unknown,3497,677,404,273,227,227,227,76,59,60,0.1935945095796397
ft_base_0.05,cam1,all,3497,7845,7044,801,6927,6581,6760,1237,153,164,2.2433514440949387
ft_base_0.05,cam1,far,3497,3708,3418,290,3430,3084,3263,1146,66,74,1.060337432084644
ft_base_0.05,cam1,near,3497,3980,3511,469,3430,3430,3430,78,78,78,1.1381183871890193
ft_base_0.05,cam1,unknown,3497,157,115,42,67,67,67,13,9,12,0.044895624821275376
ft_base_0.05,cam2,all,3497,11846,8289,3557,6864,6818,6845,1683,78,100,3.3874749785530454
ft_base_0.05,cam2,far,3497,6803,3459,3344,3367,3332,3358,1553,78,78,1.9453817557906776
ft_base_0.05,cam2,near,3497,4266,4221,45,3367,3356,3357,,,,1.2199027738061194
ft_base_0.05,cam2,unknown,3497,777,609,168,130,130,130,130,0,22,0.2221904489562482
union_fullframe_0.30,all,all,10491,40917,25662,15255,20558,20536,20555,4454,4447,4449,3.9002001715756363
union_fullframe_0.30,all,far,10491,25643,13888,11755,10067,10045,10064,3596,3591,3591,2.4442855781145743
union_fullframe_0.30,all,near,10491,13588,10946,2642,10067,10067,10067,639,637,639,1.295205414164522
union_fullframe_0.30,all,unknown,10491,1686,828,858,424,424,424,219,219,219,0.16070917929653988
union_fullframe_0.30,cam0,all,3497,17310,8582,8728,6767,6766,6766,1534,1531,1533,4.949957106090935
union_fullframe_0.30,cam0,far,3497,10129,4173,5956,3270,3269,3269,897,896,896,2.8964826994566772
union_fullframe_0.30,cam0,near,3497,6140,4012,2128,3270,3270,3270,561,559,561,1.7557906777237633
union_fullframe_0.30,cam0,unknown,3497,1041,397,644,227,227,227,76,76,76,0.2976837289104947
union_fullframe_0.30,cam1,all,3497,9303,8345,958,6927,6910,6925,1237,1233,1233,2.660280240205891
union_fullframe_0.30,cam1,far,3497,5196,4715,481,3430,3413,3428,1146,1142,1142,1.4858450100085787
union_fullframe_0.30,cam1,near,3497,3944,3509,435,3430,3430,3430,78,78,78,1.12782384901344
union_fullframe_0.30,cam1,unknown,3497,163,121,42,67,67,67,13,13,13,0.04661138118387189
union_fullframe_0.30,cam2,all,3497,14304,8735,5569,6864,6860,6864,1683,1683,1683,4.090363168430083
union_fullframe_0.30,cam2,far,3497,10318,5000,5318,3367,3363,3367,1553,1553,1553,2.9505290248784672
union_fullframe_0.30,cam2,near,3497,3504,3425,79,3367,3367,3367,,,,1.0020017157563625
union_fullframe_0.30,cam2,unknown,3497,482,310,172,130,130,130,130,130,130,0.13783242779525307
