source,stage,player_units,player_tracked_03,player_kept_03,player_excluded_03,player_rejected_among_tracked_03,player_identities,player_identities_kept50_03,player_identities_rejected_all_03,player_tracked_05,player_kept_05,player_excluded_05,player_rejected_among_tracked_05,player_identities_kept50_05,player_identities_rejected_all_05,non_player_units,non_player_tracked_03,non_player_kept_03,non_player_excluded_03,non_player_rejected_among_tracked_03,non_player_identities,non_player_identities_kept50_03,non_player_identities_rejected_all_03,non_player_tracked_05,non_player_kept_05,non_player_excluded_05,non_player_rejected_among_tracked_05,non_player_identities_kept50_05,non_player_identities_rejected_all_05,adjacent_court_units,adjacent_court_tracked_03,adjacent_court_kept_03,adjacent_court_excluded_03,adjacent_court_rejected_among_tracked_03,adjacent_court_identities,adjacent_court_identities_kept50_03,adjacent_court_identities_rejected_all_03,adjacent_court_tracked_05,adjacent_court_kept_05,adjacent_court_excluded_05,adjacent_court_rejected_among_tracked_05,adjacent_court_identities_kept50_05,adjacent_court_identities_rejected_all_05,off_court_units,off_court_tracked_03,off_court_kept_03,off_court_excluded_03,off_court_rejected_among_tracked_03,off_court_identities,off_court_identities_kept50_03,off_court_identities_rejected_all_03,off_court_tracked_05,off_court_kept_05,off_court_excluded_05,off_court_rejected_among_tracked_05,off_court_identities_kept50_05,off_court_identities_rejected_all_05,nonperson_units,nonperson_tracked_03,nonperson_kept_03,nonperson_excluded_03,nonperson_rejected_among_tracked_03,nonperson_identities,nonperson_identities_kept50_03,nonperson_identities_rejected_all_03,nonperson_tracked_05,nonperson_kept_05,nonperson_excluded_05,nonperson_rejected_among_tracked_05,nonperson_identities_kept50_05,nonperson_identities_rejected_all_05,cam0_far_reference_frames,cam0_far_covered_03,cam0_far_covered_05,cam1_far_reference_frames,cam1_far_covered_03,cam1_far_covered_05,cam2_far_reference_frames,cam2_far_covered_03,cam2_far_covered_05,player_wide_units,player_ground_unknown_units,player_wide_tracked_03,player_wide_kept_03,player_wide_tracked_05,player_wide_kept_05
ft_base_0.01,old_rule,20558,20246,17948,2610,2298,8,8,0,19801,17610,2948,2191,7,0,4454,2857,960,3494,1897,8,3,4,2557,858,3596,1699,3,4,395,395,395,0,0,2,2,0,345,345,50,0,2,0,2480,1858,565,1915,1293,3,1,1,1611,513,1967,1098,1,1,1579,604,0,1579,604,3,0,3,601,0,1579,601,0,3,3270,1859,1724,3430,2823,2650,3367,3285,3261,143,0,143,143,143,141
ft_base_0.01,region_only,20558,20246,17225,3333,3021,8,7,0,19801,17012,3546,2789,7,0,4454,2857,341,4113,2516,8,0,7,2557,289,4165,2268,0,7,395,395,0,395,395,2,0,2,345,0,395,345,0,2,2480,1858,341,2139,1517,3,0,2,1611,289,2191,1322,0,2,1579,604,0,1579,604,3,0,3,601,0,1579,601,0,3,3270,1686,1657,3430,2453,2303,3367,3285,3261,143,0,143,70,143,68
ft_base_0.01,linked_dwell,20558,20246,18323,2235,1923,8,8,0,19801,17967,2591,1834,8,0,4454,2857,636,3818,2221,8,0,7,2557,415,4039,2142,0,7,395,395,0,395,395,2,0,2,345,0,395,345,0,2,2480,1858,636,1844,1222,3,0,2,1611,415,2065,1196,0,2,1579,604,0,1579,604,3,0,3,601,0,1579,601,0,3,3270,2538,2363,3430,2699,2552,3367,3285,3261,143,0,143,141,143,139
union_0.30,old_rule,20558,20554,19366,1192,1188,8,8,0,20522,19262,1296,1260,8,0,4454,4449,621,3833,3828,8,3,4,4447,618,3836,3829,3,4,395,395,389,6,6,2,2,0,393,389,6,4,2,0,2480,2475,232,2248,2243,3,1,1,2475,229,2251,2246,1,1,1579,1579,0,1579,1579,3,0,3,1579,0,1579,1579,0,3,3270,2832,2832,3430,2934,2856,3367,3295,3271,143,0,143,123,143,123
union_0.30,region_only,20558,20554,18715,1843,1839,8,8,0,20522,18612,1946,1910,8,0,4454,4449,8,4446,4441,8,0,7,4447,5,4449,4442,0,7,395,395,0,395,395,2,0,2,393,0,395,393,0,2,2480,2475,8,2472,2467,3,0,2,2475,5,2475,2470,0,2,1579,1579,0,1579,1579,3,0,3,1579,0,1579,1579,0,3,3270,2832,2832,3430,2473,2396,3367,3295,3271,143,0,143,44,143,44
union_0.30,linked_dwell,20558,20554,19624,934,930,8,8,0,20522,19521,1037,1001,8,0,4454,4449,8,4446,4441,8,0,7,4447,5,4449,4442,0,7,395,395,0,395,395,2,0,2,393,0,395,393,0,2,2480,2475,8,2472,2467,3,0,2,2475,5,2475,2470,0,2,1579,1579,0,1579,1579,3,0,3,1579,0,1579,1579,0,3,3270,3105,3105,3430,2919,2842,3367,3295,3271,143,0,143,123,143,123
old_pipeline,old_rule,20558,20558,20193,365,365,8,8,0,20558,20193,365,365,8,0,4454,4454,399,4055,4055,8,1,6,4454,399,4055,4055,1,6,395,395,0,395,395,2,0,2,395,0,395,395,0,2,2480,2480,399,2081,2081,3,1,1,2480,399,2081,2081,1,1,1579,1579,0,1579,1579,3,0,3,1579,0,1579,1579,0,3,3270,3107,3107,3430,3430,3430,3367,3362,3362,143,0,143,123,143,123
old_pipeline,region_only,20558,20558,19796,762,762,8,8,0,20558,19796,762,762,8,0,4454,4454,0,4454,4454,8,0,8,4454,0,4454,4454,0,8,395,395,0,395,395,2,0,2,395,0,395,395,0,2,2480,2480,0,2480,2480,3,0,3,2480,0,2480,2480,0,3,1579,1579,0,1579,1579,3,0,3,1579,0,1579,1579,0,3,3270,3014,3014,3430,3126,3126,3367,3362,3362,143,0,143,123,143,123
old_pipeline,linked_dwell,20558,20558,20036,522,522,8,8,0,20558,20036,522,522,8,0,4454,4454,0,4454,4454,8,0,8,4454,0,4454,4454,0,8,395,395,0,395,395,2,0,2,395,0,395,395,0,2,2480,2480,0,2480,2480,3,0,3,2480,0,2480,2480,0,3,1579,1579,0,1579,1579,3,0,3,1579,0,1579,1579,0,3,3270,3014,3014,3430,3366,3366,3367,3362,3362,143,0,143,123,143,123
